<xml generator="AnnotationTools" target="public" format-version="1">
  <document>
    <text>
      <raw> 2021-06-08    Премьер Сербии заявила, что Гаагский трибунал не приблизил Балканский регион к примирению    Гаагский трибунал и Международный остаточный механизм для уголовных трибуналов (МОМУТ) не приблизили народы Балканского региона к примирению. Об этом заявила во вторник премьер-министр Сербии Ана Брнабич в эфире канала &quot;ТВ Пинк&quot;.    &quot;Трибунал не приблизил нас к примирению. Мы находимся дальше от примирения, чем 26 лет назад, и Гаагский трибунал много сделал для этого. Если бы мы видели, что все виновные одинаково отвечают за преступления, примирение было бы ближе. Справедливость не удовлетворена, за преступления в отношении сербов более-менее никто не ответил, приговоры были только в отношении нижних чинов и минимальные&quot;, - заявила премьер.    &quot;Сербы стали жертвами &quot;второго сорта&quot;. Преступления против сербов чуть ли не легализовали. Трибунал в первую очередь судил сербов, а сербские жертвы не увидели справедливости&quot;, - заявила Брнабич. Премьер-министр Сербии сообщила, что президент Сербии Александар Вучич примет участие во вторник вечером в заседании СБ ООН, где прокомментирует работу Гаагского трибунала, и его выступление будет &quot;историческим&quot;.    Ранее во вторник апелляционная палата трибунала в Гааге оставила в силе пожизненный приговор бывшему командующему армией сербов Боснии и Герцеговины Ратко Младичу. Сын генерала Ратко Младича Дарко Младич заявил ТАСС, что семья Младича считает пожизненный приговор генералу несправедливым.    Младич скрывался от международного правосудия почти 16 лет, пока не был арестован в Сербии в мае 2011 года и экстрадирован в Гаагу. 22 ноября 2017 года он был приговорен Международным трибуналом по бывшей Югославии (МТБЮ) к пожизненному тюремному заключению за геноцид, преступления против человечности и нарушение законов и обычаев войны. Трибунал признал бывшего командующего боснийских сербов виновным по 10 из 11 пунктов, оправдав лишь по первому пункту (в геноциде в шести муниципалитетах Боснии и Герцеговины) и признав виновным в военных преступлениях, преступлениях против человечности и геноциде в Сребренице.    В марте 2018 года адвокаты Младича подали апелляцию в МОМУТ - инстанцию, созданную для завершения работы, начатой МТБЮ (закрылся 31 декабря 2017 года) и Международным уголовным трибуналом по Руанде (закрылся 31 декабря 2015 года). Защита требовала исправить все ошибки, допущенные в ходе процесса, и оправдать Младича по всем 10 пунктам обвинения, по которым он был признан виновным.    https://tass.ru/mezhdunarodnaya-panorama/11600359</raw>
      <annotated> <DocCreationTime DayOfWeek="2021-W23-2"><TE Category="Date" Value="2021-06-08">2021-06-08</TE></DocCreationTime>    Премьер Сербии заявила, что Гаагский трибунал не приблизил Балканский регион к примирению    Гаагский трибунал и Международный остаточный механизм для уголовных трибуналов (МОМУТ) не приблизили народы Балканского региона к примирению. Об этом заявила во <Field Category="DayOfWeek"><Restored Through="DCT" U_Class="4"><TE Category="Date" Value="2021-W23-2">вторник</TE></Restored></Field> премьер-министр Сербии Ана Брнабич в эфире канала &quot;ТВ Пинк&quot;.    &quot;Трибунал не приблизил нас к примирению. Мы находимся дальше от примирения, чем <Anchored To="DCT" U_Class="7-D"><TE Category="ShiftExp" Formula="BEFORE,Dur,DCT"><TE Category="Dur" Value="P26Y">26 лет</TE> назад</TE></Anchored>, и Гаагский трибунал много сделал для этого. Если бы мы видели, что все виновные одинаково отвечают за преступления, примирение было бы ближе. Справедливость не удовлетворена, за преступления в отношении сербов более-менее никто не ответил, приговоры были только в отношении нижних чинов и минимальные&quot;, - заявила премьер.    &quot;Сербы стали жертвами &quot;второго сорта&quot;. Преступления против сербов чуть ли не легализовали. Трибунал в первую очередь судил сербов, а сербские жертвы не увидели справедливости&quot;, - заявила Брнабич. Премьер-министр Сербии сообщила, что президент Сербии Александар Вучич примет участие во <Field Category="DayOfWeek"><Restored Through="DCT" U_Class="4"><TE Category="Date" Value="2021-W23-2">вторник</TE></Restored></Field> вечером в заседании СБ ООН, где прокомментирует работу Гаагского трибунала, и его выступление будет &quot;историческим&quot;.    Ранее во <Field Category="DayOfWeek"><Restored Through="DCT" U_Class="4"><TE Category="Date" Value="2021-W23-2">вторник</TE></Restored></Field> апелляционная палата трибунала в Гааге оставила в силе пожизненный приговор бывшему командующему армией сербов Боснии и Герцеговины Ратко Младичу. Сын генерала Ратко Младича Дарко Младич заявил ТАСС, что семья Младича считает пожизненный приговор генералу несправедливым.    Младич скрывался от международного правосудия <TE Category="Dur" Value="P16Y-Less">почти 16 лет</TE>, пока не был арестован в Сербии в <TE Category="Date" Value="2011-05"><Field Category="MonthName">мае</Field> <Field Category="Year">2011 года</Field></TE> и экстрадирован в Гаагу. <TE Category="Date" Value="2017-11-22"><Field Category="Day">22</Field> <Field Category="MonthName">ноября</Field> <Field Category="Year">2017 года</Field></TE> он был приговорен Международным трибуналом по бывшей Югославии (МТБЮ) к пожизненному тюремному заключению за геноцид, преступления против человечности и нарушение законов и обычаев войны. Трибунал признал бывшего командующего боснийских сербов виновным по 10 из 11 пунктов, оправдав лишь по первому пункту (в геноциде в шести муниципалитетах Боснии и Герцеговины) и признав виновным в военных преступлениях, преступлениях против человечности и геноциде в Сребренице.    В <TE Category="Date" Value="2018-03"><Field Category="MonthName">марте</Field> <Field Category="Year">2018 года</Field></TE> адвокаты Младича подали апелляцию в МОМУТ - инстанцию, созданную для завершения работы, начатой МТБЮ (закрылся <TE Category="Date" Value="2017-12-31"><Field Category="Day">31</Field> <Field Category="MonthName">декабря</Field> <Field Category="Year">2017 года</Field></TE>) и Международным уголовным трибуналом по Руанде (закрылся <TE Category="Date" Value="2015-12-31"><Field Category="Day">31</Field> <Field Category="MonthName">декабря</Field> <Field Category="Year">2015 года</Field></TE>). Защита требовала исправить все ошибки, допущенные в ходе процесса, и оправдать Младича по всем 10 пунктам обвинения, по которым он был признан виновным.    https://tass.ru/mezhdunarodnaya-panorama/11600359</annotated>
    </text>
    <annotations>
      <annotation DayOfWeek="2021-W23-2" __Id="448" __Class="DocCreationTime" __From="1" __To="10"/>
      <annotation Category="Date" Value="2021-06-08" __Id="449" __Class="TE" __From="1" __To="10"/>
      <annotation Category="DayOfWeek" __Id="455" __Class="Field" __From="269" __To="275"/>
      <annotation Through="DCT" U_Class="4" __Id="456" __Class="Restored" __From="269" __To="275"/>
      <annotation Category="Date" Value="2021-W23-2" __Id="457" __Class="TE" __From="269" __To="275"/>
      <annotation To="DCT" U_Class="7-D" __Id="461" __Class="Anchored" __From="436" __To="447"/>
      <annotation Category="ShiftExp" Formula="BEFORE,Dur,DCT" __Id="462" __Class="TE" __From="436" __To="447"/>
      <annotation Category="Dur" Value="P26Y" __Id="463" __Class="TE" __From="436" __To="441"/>
      <annotation Category="DayOfWeek" __Id="471" __Class="Field" __From="1085" __To="1091"/>
      <annotation Through="DCT" U_Class="4" __Id="472" __Class="Restored" __From="1085" __To="1091"/>
      <annotation Category="Date" Value="2021-W23-2" __Id="473" __Class="TE" __From="1085" __To="1091"/>
      <annotation Category="DayOfWeek" __Id="476" __Class="Field" __From="1231" __To="1237"/>
      <annotation Through="DCT" U_Class="4" __Id="477" __Class="Restored" __From="1231" __To="1237"/>
      <annotation Category="Date" Value="2021-W23-2" __Id="478" __Class="TE" __From="1231" __To="1237"/>
      <annotation Category="Dur" Value="P16Y-Less" __Id="482" __Class="TE" __From="1560" __To="1571"/>
      <annotation Category="MonthName" __Id="483" __Class="Field" __From="1607" __To="1609"/>
      <annotation Category="Date" Value="2011-05" __Id="484" __Class="TE" __From="1607" __To="1619"/>
      <annotation Category="Year" __Id="485" __Class="Field" __From="1611" __To="1619"/>
      <annotation Category="Day" __Id="486" __Class="Field" __From="1646" __To="1647"/>
      <annotation Category="Date" Value="2017-11-22" __Id="488" __Class="TE" __From="1646" __To="1664"/>
      <annotation Category="MonthName" __Id="489" __Class="Field" __From="1649" __To="1654"/>
      <annotation Category="Year" __Id="490" __Class="Field" __From="1656" __To="1664"/>
      <annotation Category="MonthName" __Id="494" __Class="Field" __From="2138" __To="2142"/>
      <annotation Category="Date" Value="2018-03" __Id="495" __Class="TE" __From="2138" __To="2152"/>
      <annotation Category="Year" __Id="496" __Class="Field" __From="2144" __To="2152"/>
      <annotation Category="Day" __Id="497" __Class="Field" __From="2265" __To="2266"/>
      <annotation Category="Date" Value="2017-12-31" __Id="498" __Class="TE" __From="2265" __To="2284"/>
      <annotation Category="MonthName" __Id="499" __Class="Field" __From="2268" __To="2274"/>
      <annotation Category="Year" __Id="500" __Class="Field" __From="2276" __To="2284"/>
      <annotation Category="Day" __Id="501" __Class="Field" __From="2344" __To="2345"/>
      <annotation Category="Date" Value="2015-12-31" __Id="502" __Class="TE" __From="2344" __To="2363"/>
      <annotation Category="MonthName" __Id="503" __Class="Field" __From="2347" __To="2353"/>
      <annotation Category="Year" __Id="504" __Class="Field" __From="2355" __To="2363"/>
    </annotations>
    <relations>
    </relations>
  </document>
</xml>
