<xml generator="AnnotationTools" format-version="1">
  <document>
    <text>
      <raw> ¶2021-05-27    ¶Итоги президентских выборов в Сирии могут обнародовать 28 мая    ¶Результаты голосования на выборах президента Сирии могут быть обнародованы в пятницу. Об этом в четверг российским журналистам сообщил министр иностранных дел и по делам эмигрантов Фейсал Микдад.    ¶&quot;У меня нет точной информации. Но я полагаю, это должно произойти завтра или приблизительно так&quot;, - сказал он.    ¶Президентские выборы прошли в Сирии 26 мая. Борьбу за пост главы государства вели три кандидата: действующий президент Башар Асад, бывший депутат парламента от партии социалистов-юнионистов Абдалла Саллюм Абдалла и представитель патриотической оппозиции Махмуд Ахмед Мураи. Срок президентских полномочий составляет семь лет.    ¶На выборах в 2014 году, которые также проводились на альтернативной основе, победил Башар Асад, сирийский лидер получил поддержку 88,7% граждан, принявших участие в голосовании. Асад является генеральным секретарем Партии арабского социалистического возрождения, которая находится у власти в Дамаске с 1963 года.    ¶https://tass.ru/mezhdunarodnaya-panorama/11494407</raw>
      <annotated> ¶<DocCreationTime><TE>2021-05-27</TE></DocCreationTime>    ¶Итоги президентских выборов в Сирии могут обнародовать <TE><Field Category="Day">28</Field> <Field Category="MonthName"><Restored Through="DCT">мая</Restored></Field></TE>    ¶Результаты голосования на выборах президента Сирии могут быть обнародованы в <Field Category="DayOfWeek"><Restored Through="DCT"><TE>пятницу</TE></Restored></Field>. Об этом в <Field Category="DayOfWeek"><Restored Through="DCT"><TE>четверг</TE></Restored></Field> российским журналистам сообщил министр иностранных дел и по делам эмигрантов Фейсал Микдад.    ¶&quot;У меня нет точной информации. Но я полагаю, это должно произойти <Anchored To="DCT"><Field Category="Day"><TE>завтра</TE></Field></Anchored> или приблизительно так&quot;, - сказал он.    ¶Президентские выборы прошли в Сирии <TE><Field Category="Day">26</Field> <Field Category="MonthName"><Restored Through="DCT">мая</Restored></Field></TE>. Борьбу за пост главы государства вели три кандидата: действующий президент Башар Асад, бывший депутат парламента от партии социалистов-юнионистов Абдалла Саллюм Абдалла и представитель патриотической оппозиции Махмуд Ахмед Мураи. Срок президентских полномочий составляет <TE>семь лет</TE>.    ¶На выборах в <Field Category="Year"><TE>2014 году</TE></Field>, которые также проводились на альтернативной основе, победил Башар Асад, сирийский лидер получил поддержку 88,7% граждан, принявших участие в голосовании. Асад является генеральным секретарем Партии арабского социалистического возрождения, которая находится у власти в Дамаске с <Field Category="Year"><TE>1963 года</TE></Field>.    ¶https://tass.ru/mezhdunarodnaya-panorama/11494407</annotated>
    </text>
    <annotations>
      <annotation DayOfWeek="2021-W21-4" __Id="196" __Class="DocCreationTime" __From="2" __To="11"/>
      <annotation Category="Date" Value="2021-05-27" __Id="197" __Class="TE" __From="2" __To="11"/>
      <annotation Category="Day" __Id="200" __Class="Field" __From="72" __To="73"/>
      <annotation Category="Date" Value="2021-05-28" __Id="201" __Class="TE" __From="72" __To="77"/>
      <annotation Category="MonthName" __Id="202" __Class="Field" __From="75" __To="77"/>
      <annotation Through="DCT" U_Class="4" __Id="203" __Class="Restored" __From="75" __To="77"/>
      <annotation Category="DayOfWeek" __Id="206" __Class="Field" __From="160" __To="166"/>
      <annotation Through="DCT" U_Class="4" __Id="207" __Class="Restored" __From="160" __To="166"/>
      <annotation Category="Date" Value="2021-W21-5" __Id="208" __Class="TE" __From="160" __To="166"/>
      <annotation Category="DayOfWeek" __Id="210" __Class="Field" __From="179" __To="185"/>
      <annotation Through="DCT" U_Class="4" __Id="211" __Class="Restored" __From="179" __To="185"/>
      <annotation Category="Date" Value="2021-W21-4" __Id="212" __Class="TE" __From="179" __To="185"/>
      <annotation To="DCT" U_Class="1-D" __Id="216" __Class="Anchored" __From="354" __To="359"/>
      <annotation Category="Day" __Id="217" __Class="Field" __From="354" __To="359"/>
      <annotation Category="Date" Value="2021-05-28" __Id="218" __Class="TE" __From="354" __To="359"/>
      <annotation Category="Day" __Id="221" __Class="Field" __From="444" __To="445"/>
      <annotation Category="Date" Value="2021-05-26" __Id="222" __Class="TE" __From="444" __To="449"/>
      <annotation Category="MonthName" __Id="223" __Class="Field" __From="447" __To="449"/>
      <annotation Through="DCT" U_Class="4" __Id="224" __Class="Restored" __From="447" __To="449"/>
      <annotation Category="Dur" Value="P7Y" __Id="227" __Class="TE" __From="723" __To="730"/>
      <annotation Category="Year" __Id="230" __Class="Field" __From="750" __To="758"/>
      <annotation Category="Date" Value="2014" __Id="231" __Class="TE" __From="750" __To="758"/>
      <annotation Category="Year" __Id="233" __Class="Field" __From="1039" __To="1047"/>
      <annotation Category="Date" Value="1963" __Id="234" __Class="TE" __From="1039" __To="1047"/>
    </annotations>
    <relations>
    </relations>
  </document>
</xml>
