<xml generator="AnnotationTools" format-version="1">
  <document>
    <text>
      <raw> 2021-06-11    Защита Хованского подаст жалобу на его заключение в СИЗО    Защита блогера Юрия Хованского, которого в четверг суд в Санкт-Петербурге отправил в СИЗО по делу об оправдании терроризма, подаст жалобу на его арест. Адвокаты не согласны с такой жесткой мерой пресечения, сообщила ТАСС руководитель юридической фирмы &quot;Лучшие юристы&quot;, адвокаты которого представляют блогера, Виктория Мартыненко.    &quot;Мы считаем, что он должен остаться под домашним арестом или под запретом определенных действий. Готовим жалобу&quot;, - сказала она.    Мартыненко отметила, что защита блогера считает, что в ходе процесса по избранию меры пресечения были допущены нарушения, а также суд не учел факторы, которые допускают избрать Хованскому более мягкую меру пресечения.    &quot;У нас были основания, у него на территории Санкт-Петербурга есть недвижимость, прописка на территории Санкт-Петербурга, также у него есть пожилые родители, которые находятся на его иждивении&quot;, - сказала она. Мартыненко отметила, что адвокаты предоставили суду документы о том, что Хованский переводил им деньги, а также все подтверждающие документы. По ее словам, в суде их подзащитного &quot;выставили как преступника и рецидивиста, который может сбежать&quot;, что, по ее словам, является неверным. Собеседница агентства также отметила, что у защиты был &quot;всего один день&quot; для того, чтобы собрать необходимые для суда документы.    В среду источник сообщил ТАСС, что Хованского задержали в Санкт-Петербурге по подозрению в оправдании терроризма. Собеседник агентства пояснил, что задержание связано с размещенной в интернете песней про оправдание теракта на Дубровке в Москве в 2002 году. В СК позже подтвердили задержание Хованского. Сам он, согласно опубликованному ведомством видео допроса, признал вину и раскаялся.    В четверг Дзержинский районный суд отправил Хованского в СИЗО на два месяца. Следователи также предъявили ему обвинение. Как уточнили в пресс-службе судов Петербурга, следователи полагают, что Хованский не позднее июля прошлого года во время онлайн-трансляции исполнил песню с призывом к терроризму и оправданием таких действий. При этом, согласно поступившим в суд документам, вину он признал частично. Хованский ведет видеоблог на YouTube с 4,4 млн подписчиков.    https://tass.ru/obschestvo/11626017</raw>
      <annotated> <DocCreationTime DayOfWeek="2021-W23-5"><TE Category="Date" Value="2021-06-11">2021-06-11</TE></DocCreationTime>    Защита Хованского подаст жалобу на его заключение в СИЗО    Защита блогера Юрия Хованского, которого в <Field Category="DayOfWeek"><Restored Through="DCT" U_Class="4"><TE Category="Date" Value="2021-W23-4">четверг</TE></Restored></Field> суд в Санкт-Петербурге отправил в СИЗО по делу об оправдании терроризма, подаст жалобу на его арест. Адвокаты не согласны с такой жесткой мерой пресечения, сообщила ТАСС руководитель юридической фирмы &quot;Лучшие юристы&quot;, адвокаты которого представляют блогера, Виктория Мартыненко.    &quot;Мы считаем, что он должен остаться под домашним арестом или под запретом определенных действий. Готовим жалобу&quot;, - сказала она.    Мартыненко отметила, что защита блогера считает, что в ходе процесса по избранию меры пресечения были допущены нарушения, а также суд не учел факторы, которые допускают избрать Хованскому более мягкую меру пресечения.    &quot;У нас были основания, у него на территории Санкт-Петербурга есть недвижимость, прописка на территории Санкт-Петербурга, также у него есть пожилые родители, которые находятся на его иждивении&quot;, - сказала она. Мартыненко отметила, что адвокаты предоставили суду документы о том, что Хованский переводил им деньги, а также все подтверждающие документы. По ее словам, в суде их подзащитного &quot;выставили как преступника и рецидивиста, который может сбежать&quot;, что, по ее словам, является неверным. Собеседница агентства также отметила, что у защиты был &quot;всего <TE Category="Dur" Value="P1D">один день</TE>&quot; для того, чтобы собрать необходимые для суда документы.    В <Field Category="DayOfWeek"><Restored Through="DCT" U_Class="4"><TE Category="Date" Value="2021-W23-3">среду</TE></Restored></Field> источник сообщил ТАСС, что Хованского задержали в Санкт-Петербурге по подозрению в оправдании терроризма. Собеседник агентства пояснил, что задержание связано с размещенной в интернете песней про оправдание теракта на Дубровке в Москве в <Field Category="Year"><TE Category="Date" Value="2002">2002 году</TE></Field>. В СК позже подтвердили задержание Хованского. Сам он, согласно опубликованному ведомством видео допроса, признал вину и раскаялся.    В <Field Category="DayOfWeek"><Restored Through="DCT" U_Class="4"><TE Category="Date" Value="2021-W23-4">четверг</TE></Restored></Field> Дзержинский районный суд отправил Хованского в СИЗО на <TE Category="Dur" Value="P2M">два месяца</TE>. Следователи также предъявили ему обвинение. Как уточнили в пресс-службе судов Петербурга, следователи полагают, что Хованский не позднее <TE Category="Date" Value="2020-07"><Field Category="MonthName">июля</Field> <Anchored To="DCT" U_Class="1-D"><Field Category="Year">прошлого года</Field></Anchored></TE> во время онлайн-трансляции исполнил песню с призывом к терроризму и оправданием таких действий. При этом, согласно поступившим в суд документам, вину он признал частично. Хованский ведет видеоблог на YouTube с 4,4 млн подписчиков.    https://tass.ru/obschestvo/11626017</annotated>
    </text>
    <annotations>
      <annotation DayOfWeek="2021-W23-5" __Id="421" __Class="DocCreationTime" __From="1" __To="10"/>
      <annotation Category="Date" Value="2021-06-11" __Id="422" __Class="TE" __From="1" __To="10"/>
      <annotation Category="DayOfWeek" __Id="427" __Class="Field" __From="118" __To="124"/>
      <annotation Through="DCT" U_Class="4" __Id="428" __Class="Restored" __From="118" __To="124"/>
      <annotation Category="Date" Value="2021-W23-4" __Id="429" __Class="TE" __From="118" __To="124"/>
      <annotation Category="Dur" Value="P1D" __Id="441" __Class="TE" __From="1360" __To="1368"/>
      <annotation Category="DayOfWeek" __Id="444" __Class="Field" __From="1437" __To="1441"/>
      <annotation Through="DCT" U_Class="4" __Id="445" __Class="Restored" __From="1437" __To="1441"/>
      <annotation Category="Date" Value="2021-W23-3" __Id="446" __Class="TE" __From="1437" __To="1441"/>
      <annotation Category="Year" __Id="448" __Class="Field" __From="1681" __To="1689"/>
      <annotation Category="Date" Value="2002" __Id="449" __Class="TE" __From="1681" __To="1689"/>
      <annotation Category="DayOfWeek" __Id="454" __Class="Field" __From="1828" __To="1834"/>
      <annotation Through="DCT" U_Class="4" __Id="455" __Class="Restored" __From="1828" __To="1834"/>
      <annotation Category="Date" Value="2021-W23-4" __Id="456" __Class="TE" __From="1828" __To="1834"/>
      <annotation Category="Dur" Value="P2M" __Id="457" __Class="TE" __From="1891" __To="1900"/>
      <annotation Category="MonthName" __Id="460" __Class="Field" __From="2040" __To="2043"/>
      <annotation Category="Date" Value="2020-07" __Id="461" __Class="TE" __From="2040" __To="2057"/>
      <annotation To="DCT" U_Class="1-D" __Id="462" __Class="Anchored" __From="2045" __To="2057"/>
      <annotation Category="Year" __Id="463" __Class="Field" __From="2045" __To="2057"/>
    </annotations>
    <relations>
    </relations>
  </document>
</xml>
