<xml generator="AnnotationTools" format-version="1">
  <document>
    <text>
      <raw> 2021-05-27    Итоги президентских выборов в Сирии могут обнародовать 28 мая    Результаты голосования на выборах президента Сирии могут быть обнародованы в пятницу. Об этом в четверг российским журналистам сообщил министр иностранных дел и по делам эмигрантов Фейсал Микдад.    &quot;У меня нет точной информации. Но я полагаю, это должно произойти завтра или приблизительно так&quot;, - сказал он.    Президентские выборы прошли в Сирии 26 мая. Борьбу за пост главы государства вели три кандидата: действующий президент Башар Асад, бывший депутат парламента от партии социалистов-юнионистов Абдалла Саллюм Абдалла и представитель патриотической оппозиции Махмуд Ахмед Мураи. Срок президентских полномочий составляет семь лет.    На выборах в 2014 году, которые также проводились на альтернативной основе, победил Башар Асад, сирийский лидер получил поддержку 88,7% граждан, принявших участие в голосовании. Асад является генеральным секретарем Партии арабского социалистического возрождения, которая находится у власти в Дамаске с 1963 года.    https://tass.ru/mezhdunarodnaya-panorama/11494407</raw>
      <annotated> <DocCreationTime DayOfWeek="2021-W21-4"><TE Category="Date" Value="2021-05-27">2021-05-27</TE></DocCreationTime>    Итоги президентских выборов в Сирии могут обнародовать <TE Category="Date" Value="2021-05-28"><Field Category="Day">28</Field> <Field Category="MonthName"><Restored Through="DCT" U_Class="4">мая</Restored></Field></TE>    Результаты голосования на выборах президента Сирии могут быть обнародованы в <Field Category="DayOfWeek"><Restored Through="DCT" U_Class="4"><TE Category="Date" Value="2021-W21-5">пятницу</TE></Restored></Field>. Об этом в <Field Category="DayOfWeek"><Restored Through="DCT" U_Class="4"><TE Category="Date" Value="2021-W21-4">четверг</TE></Restored></Field> российским журналистам сообщил министр иностранных дел и по делам эмигрантов Фейсал Микдад.    &quot;У меня нет точной информации. Но я полагаю, это должно произойти <Anchored To="DCT" U_Class="1-D"><Field Category="Day"><TE Category="Date" Value="2021-05-28">завтра</TE></Field></Anchored> или приблизительно так&quot;, - сказал он.    Президентские выборы прошли в Сирии <TE Category="Date" Value="2021-05-26"><Field Category="Day">26</Field> <Field Category="MonthName"><Restored Through="DCT" U_Class="4">мая</Restored></Field></TE>. Борьбу за пост главы государства вели три кандидата: действующий президент Башар Асад, бывший депутат парламента от партии социалистов-юнионистов Абдалла Саллюм Абдалла и представитель патриотической оппозиции Махмуд Ахмед Мураи. Срок президентских полномочий составляет <TE Category="Dur" Value="P7Y">семь лет</TE>.    На выборах в <Field Category="Year"><TE Category="Date" Value="2014">2014 году</TE></Field>, которые также проводились на альтернативной основе, победил Башар Асад, сирийский лидер получил поддержку 88,7% граждан, принявших участие в голосовании. Асад является генеральным секретарем Партии арабского социалистического возрождения, которая находится у власти в Дамаске с <Field Category="Year"><TE Category="Date" Value="1963">1963 года</TE></Field>.    https://tass.ru/mezhdunarodnaya-panorama/11494407</annotated>
    </text>
    <annotations>
      <annotation DayOfWeek="2021-W21-4" __Id="196" __Class="DocCreationTime" __From="1" __To="10"/>
      <annotation Category="Date" Value="2021-05-27" __Id="197" __Class="TE" __From="1" __To="10"/>
      <annotation Category="Day" __Id="200" __Class="Field" __From="70" __To="71"/>
      <annotation Category="Date" Value="2021-05-28" __Id="201" __Class="TE" __From="70" __To="75"/>
      <annotation Category="MonthName" __Id="202" __Class="Field" __From="73" __To="75"/>
      <annotation Through="DCT" U_Class="4" __Id="203" __Class="Restored" __From="73" __To="75"/>
      <annotation Category="DayOfWeek" __Id="206" __Class="Field" __From="157" __To="163"/>
      <annotation Through="DCT" U_Class="4" __Id="207" __Class="Restored" __From="157" __To="163"/>
      <annotation Category="Date" Value="2021-W21-5" __Id="208" __Class="TE" __From="157" __To="163"/>
      <annotation Category="DayOfWeek" __Id="210" __Class="Field" __From="176" __To="182"/>
      <annotation Through="DCT" U_Class="4" __Id="211" __Class="Restored" __From="176" __To="182"/>
      <annotation Category="Date" Value="2021-W21-4" __Id="212" __Class="TE" __From="176" __To="182"/>
      <annotation To="DCT" U_Class="1-D" __Id="216" __Class="Anchored" __From="350" __To="355"/>
      <annotation Category="Day" __Id="217" __Class="Field" __From="350" __To="355"/>
      <annotation Category="Date" Value="2021-05-28" __Id="218" __Class="TE" __From="350" __To="355"/>
      <annotation Category="Day" __Id="221" __Class="Field" __From="439" __To="440"/>
      <annotation Category="Date" Value="2021-05-26" __Id="222" __Class="TE" __From="439" __To="444"/>
      <annotation Category="MonthName" __Id="223" __Class="Field" __From="442" __To="444"/>
      <annotation Through="DCT" U_Class="4" __Id="224" __Class="Restored" __From="442" __To="444"/>
      <annotation Category="Dur" Value="P7Y" __Id="227" __Class="TE" __From="718" __To="725"/>
      <annotation Category="Year" __Id="230" __Class="Field" __From="744" __To="752"/>
      <annotation Category="Date" Value="2014" __Id="231" __Class="TE" __From="744" __To="752"/>
      <annotation Category="Year" __Id="233" __Class="Field" __From="1033" __To="1041"/>
      <annotation Category="Date" Value="1963" __Id="234" __Class="TE" __From="1033" __To="1041"/>
    </annotations>
    <relations>
    </relations>
  </document>
</xml>
