<xml generator="AnnotationTools" format-version="1">
  <document>
    <text>
      <raw> 2021-06-12    Азербайджан передал Армении 15 военных в обмен на карты минных полей    «Согласно достигнутой договоренности, 12 июня 2021 года в обмен на предоставление Арменией карт с расположением противотанковых и противопехотных мин в Агдамском районе на азербайджано-грузинской границе с участием представителей Грузии армянской стороне переданы 15 задержанных армян», — говорится в сообщении.    Отмечается, что исполняющий обязанности премьер-министра Армении Никол Пашинян также подтвердил сведения о возвращении из Азербайджана 15 армянских пленных.    «У меня есть хорошая новость: 15 из наших пленных братьев возвращаются на родину. Они сейчас находятся в пути, когда будут в Армении, сделаю более детальное заявление», — заявил журналистам Пашинян, выступая на предвыборном митинге в Гегаркуникской области республики.    10 июня стало известно, что между азербайджанскими и армянскими военнослужащими произошла перестрелка в приграничной части Гегаркуникской области Армении. Отмечалось, что с армянской стороны пострадавшие в результате перестрелки отсутствуют.    2 июня министерство обороны и государственная пограничная служба (ГПС) Азербайджанской Республики заявили о вторжении на территорию страны нескольких военных Армении. Отмечается, что в результате принятых мер армянские военные отошли на исходные позиции. Вместе с тем предпринятые Азербайджаном действия осуществлялись без применения оружия, указали ведомства.    29 мая исполняющий обязанности премьер-министра Армении Никол Пашинян говорил о том, что Армения готова в любой момент отвести свои войска от границы с Азербайджаном и ожидает со стороны азербайджанских войск зеркальных действий. Он уточнил, что страна под эгидой МГ ОБСЕ готова также восстановить переговорный процесс по урегулированию в Нагорном Карабахе.    27 мая Россия призвала Армению и Азербайджан к мирному решению спорных вопросов. Утром в тот же день минобороны Азербайджана обвинило военных Армении в провокации на границе в Кальбаджарском районе. Согласно данным ведомства, Армения установила множество противопехотных мин, которые наносят урон азербайджанской стороне, а при попытке проникновения на территорию страны были задержаны шесть армянских военнослужащих.    Ситуация на границе двух стран обострилась в середине мая. Армения 13 мая обвинила Азербайджан в посягательстве на суверенную территорию страны. По словам Пашиняна, азербайджанская армия пересекла государственную границу, пройдя вглубь на 3,5 км, и попыталась окружить озеро Севлич.    Согласно трехстороннему соглашению, которое было подписано по завершении нового витка конфликта в Нагорном Карабахе осенью 2020 года, через указанный регион должна проходить дорога, связывающая Баку с Нахичеванским эксклавом и Турцией.    https://iz.ru/1178039/2021-06-12/azerbaidzhan-peredal-armenii-15-voennykh-v-obmen-na-karty-minnykh-polei</raw>
      <annotated> <DocCreationTime DayOfWeek="2021-W23-6"><TE Category="Date" Value="2021-06-12">2021-06-12</TE></DocCreationTime>    Азербайджан передал Армении 15 военных в обмен на карты минных полей    «Согласно достигнутой договоренности, <TE Category="Date" Value="2021-06-12"><Field Category="Day">12</Field> <Field Category="MonthName">июня</Field> <Field Category="Year">2021 года</Field></TE> в обмен на предоставление Арменией карт с расположением противотанковых и противопехотных мин в Агдамском районе на азербайджано-грузинской границе с участием представителей Грузии армянской стороне переданы 15 задержанных армян», — говорится в сообщении.    Отмечается, что исполняющий обязанности премьер-министра Армении Никол Пашинян также подтвердил сведения о возвращении из Азербайджана 15 армянских пленных.    «У меня есть хорошая новость: 15 из наших пленных братьев возвращаются на родину. Они сейчас находятся в пути, когда будут в Армении, сделаю более детальное заявление», — заявил журналистам Пашинян, выступая на предвыборном митинге в Гегаркуникской области республики.    <TE Category="Date" Value="2021-06-10"><Field Category="Day">10</Field> <Field Category="MonthName"><Restored Through="DCT" U_Class="4">июня</Restored></Field></TE> стало известно, что между азербайджанскими и армянскими военнослужащими произошла перестрелка в приграничной части Гегаркуникской области Армении. Отмечалось, что с армянской стороны пострадавшие в результате перестрелки отсутствуют.    <TE Category="Date" Value="2021-06-02"><Field Category="Day">2</Field> <Field Category="MonthName"><Restored Through="DCT" U_Class="4">июня</Restored></Field></TE> министерство обороны и государственная пограничная служба (ГПС) Азербайджанской Республики заявили о вторжении на территорию страны нескольких военных Армении. Отмечается, что в результате принятых мер армянские военные отошли на исходные позиции. Вместе с тем предпринятые Азербайджаном действия осуществлялись без применения оружия, указали ведомства.    <TE Category="Date" Value="2021-05-29"><Field Category="Day">29</Field> <Field Category="MonthName"><Restored Through="DCT" U_Class="4">мая</Restored></Field></TE> исполняющий обязанности премьер-министра Армении Никол Пашинян говорил о том, что Армения готова в любой момент отвести свои войска от границы с Азербайджаном и ожидает со стороны азербайджанских войск зеркальных действий. Он уточнил, что страна под эгидой МГ ОБСЕ готова также восстановить переговорный процесс по урегулированию в Нагорном Карабахе.    <TE Category="Date" Value="2021-05-27"><Field Category="Day">27</Field> <Field Category="MonthName"><Restored Through="DCT" U_Class="4">мая</Restored></Field></TE> Россия призвала Армению и Азербайджан к мирному решению спорных вопросов. Утром в <Anchored To="Text" U_Class="1-A"><Field Category="Day"><TE Category="Date" Value="2021-05-27">тот же день</TE></Field></Anchored> минобороны Азербайджана обвинило военных Армении в провокации на границе в Кальбаджарском районе. Согласно данным ведомства, Армения установила множество противопехотных мин, которые наносят урон азербайджанской стороне, а при попытке проникновения на территорию страны были задержаны шесть армянских военнослужащих.    Ситуация на границе двух стран обострилась в <TE Category="Date" Value="2021-05-MID"><Field Category="Phase">середине</Field> <Field Category="MonthName"><Restored Through="DCT" U_Class="4">мая</Restored></Field></TE>. Армения <TE Category="Date" Value="2021-05-13"><Field Category="Day">13</Field> <Field Category="MonthName"><Restored Through="DCT" U_Class="4">мая</Restored></Field></TE> обвинила Азербайджан в посягательстве на суверенную территорию страны. По словам Пашиняна, азербайджанская армия пересекла государственную границу, пройдя вглубь на 3,5 км, и попыталась окружить озеро Севлич.    Согласно трехстороннему соглашению, которое было подписано по завершении нового витка конфликта в Нагорном Карабахе <TE Category="Date" Value="2020-FA"><Field Category="Season">осенью</Field> <Field Category="Year">2020 года</Field></TE>, через указанный регион должна проходить дорога, связывающая Баку с Нахичеванским эксклавом и Турцией.    https://iz.ru/1178039/2021-06-12/azerbaidzhan-peredal-armenii-15-voennykh-v-obmen-na-karty-minnykh-polei</annotated>
    </text>
    <annotations>
      <annotation DayOfWeek="2021-W23-6" __Id="460" __Class="DocCreationTime" __From="1" __To="10"/>
      <annotation Category="Date" Value="2021-06-12" __Id="461" __Class="TE" __From="1" __To="10"/>
      <annotation Category="Day" __Id="466" __Class="Field" __From="125" __To="126"/>
      <annotation Category="Date" Value="2021-06-12" __Id="467" __Class="TE" __From="125" __To="141"/>
      <annotation Category="MonthName" __Id="468" __Class="Field" __From="128" __To="131"/>
      <annotation Category="Year" __Id="469" __Class="Field" __From="133" __To="141"/>
      <annotation Category="Day" __Id="477" __Class="Field" __From="834" __To="835"/>
      <annotation Category="Date" Value="2021-06-10" __Id="478" __Class="TE" __From="834" __To="840"/>
      <annotation Category="MonthName" __Id="479" __Class="Field" __From="837" __To="840"/>
      <annotation Through="DCT" U_Class="4" __Id="480" __Class="Restored" __From="837" __To="840"/>
      <annotation Category="Day" __Id="484" __Class="Field" __From="1079" __To="1079"/>
      <annotation Category="Date" Value="2021-06-02" __Id="485" __Class="TE" __From="1079" __To="1084"/>
      <annotation Category="MonthName" __Id="486" __Class="Field" __From="1081" __To="1084"/>
      <annotation Through="DCT" U_Class="4" __Id="487" __Class="Restored" __From="1081" __To="1084"/>
      <annotation Category="Day" __Id="492" __Class="Field" __From="1443" __To="1444"/>
      <annotation Category="Date" Value="2021-05-29" __Id="493" __Class="TE" __From="1443" __To="1448"/>
      <annotation Category="MonthName" __Id="494" __Class="Field" __From="1446" __To="1448"/>
      <annotation Through="DCT" U_Class="4" __Id="495" __Class="Restored" __From="1446" __To="1448"/>
      <annotation Category="Day" __Id="499" __Class="Field" __From="1804" __To="1805"/>
      <annotation Category="Date" Value="2021-05-27" __Id="500" __Class="TE" __From="1804" __To="1809"/>
      <annotation Category="MonthName" __Id="501" __Class="Field" __From="1807" __To="1809"/>
      <annotation Through="DCT" U_Class="4" __Id="502" __Class="Restored" __From="1807" __To="1809"/>
      <annotation To="Text" U_Class="1-A" __Id="504" __Class="Anchored" __From="1893" __To="1903"/>
      <annotation Category="Day" __Id="505" __Class="Field" __From="1893" __To="1903"/>
      <annotation Category="Date" Value="2021-05-27" __Id="506" __Class="TE" __From="1893" __To="1903"/>
      <annotation Category="Phase" __Id="510" __Class="Field" __From="2270" __To="2277"/>
      <annotation Category="Date" Value="2021-05-MID" __Id="511" __Class="TE" __From="2270" __To="2281"/>
      <annotation Category="MonthName" __Id="512" __Class="Field" __From="2279" __To="2281"/>
      <annotation Through="DCT" U_Class="4" __Id="513" __Class="Restored" __From="2279" __To="2281"/>
      <annotation Category="Day" __Id="515" __Class="Field" __From="2292" __To="2293"/>
      <annotation Category="Date" Value="2021-05-13" __Id="516" __Class="TE" __From="2292" __To="2297"/>
      <annotation Category="MonthName" __Id="517" __Class="Field" __From="2295" __To="2297"/>
      <annotation Through="DCT" U_Class="4" __Id="518" __Class="Restored" __From="2295" __To="2297"/>
      <annotation Category="Season" __Id="522" __Class="Field" __From="2627" __To="2632"/>
      <annotation Category="Date" Value="2020-FA" __Id="523" __Class="TE" __From="2627" __To="2642"/>
      <annotation Category="Year" __Id="524" __Class="Field" __From="2634" __To="2642"/>
    </annotations>
    <relations>
    </relations>
  </document>
</xml>
