<xml generator="AnnotationTools" target="public" format-version="1">
  <document>
    <text>
      <raw> 2021-06-12    Суд арестовал замдиректора департамента Минобрнауки по делу о мошенничестве    Суд арестовал замдиректора департамента Минобрнауки Романа Коровина по делу о крупном мошенничестве. Об этом в субботу, 12 июня, сообщили в пресс-службе Хорошевского суда Москвы.    Так, суд избрал для чиновника меру пресечения в виде заключения под стражу на два месяца, до августа текущего года. В пресс-службе суда уточнили, что арестованный проходит по делу в статусе подозреваемого.    Сообщается, что Коровину вменяется часть 4 статьи 159 УК РФ («Мошенничество при получении выплат»). Данная статья предусматривает до 10 лет лишения свободы.    О задержании Коровина стало известно ранее в этот же день. Уточнялось, что арест Коровина связан с установленными обстоятельствами относительного его предыдущего места работы. Ранее чиновник работал в ФГКУ «Специальное управление федеральной противопожарной службы № 100 МЧС России» (Московская область, Одинцовский район).    При в этом в Минобрнауки подтвердили, что задержание чиновника связано с его предыдущим местом работы.    https://iz.ru/1177943/2021-06-12/sud-arestoval-zamdirektora-departamenta-minobrnauki-po-delu-o-moshennichestve</raw>
      <annotated> <DocCreationTime DayOfWeek="2021-W23-6"><TE Category="Date" Value="2021-06-12">2021-06-12</TE></DocCreationTime>    Суд арестовал замдиректора департамента Минобрнауки по делу о мошенничестве    Суд арестовал замдиректора департамента Минобрнауки Романа Коровина по делу о крупном мошенничестве. Об этом в <Field Category="DayOfWeek"><Restored Through="DCT" U_Class="4"><TE Category="Date" Value="2021-W23-6">субботу</TE></Restored></Field>, <TE Category="Date" Value="2021-06-12"><Field Category="Day">12</Field> <Field Category="MonthName"><Restored Through="DCT" U_Class="4">июня</Restored></Field></TE>, сообщили в пресс-службе Хорошевского суда Москвы.    Так, суд избрал для чиновника меру пресечения в виде заключения под стражу на <TE Category="Dur" Value="P2M">два месяца</TE>, до <TE Category="Date" Value="2021-08"><Field Category="MonthName">августа</Field> <Anchored To="DCT" U_Class="1-D"><Field Category="Year">текущего года</Field></Anchored></TE>. В пресс-службе суда уточнили, что арестованный проходит по делу в статусе подозреваемого.    Сообщается, что Коровину вменяется часть 4 статьи 159 УК РФ («Мошенничество при получении выплат»). Данная статья предусматривает <TE Category="Dur" Value="P10Y-EqLess">до 10 лет</TE> лишения свободы.    О задержании Коровина стало известно ранее в <Anchored To="Text" U_Class="1-A"><Field Category="Day"><TE Category="Date" Value="2021-06-12">этот же день</TE></Field></Anchored>. Уточнялось, что арест Коровина связан с установленными обстоятельствами относительного его предыдущего места работы. Ранее чиновник работал в ФГКУ «Специальное управление федеральной противопожарной службы № 100 МЧС России» (Московская область, Одинцовский район).    При в этом в Минобрнауки подтвердили, что задержание чиновника связано с его предыдущим местом работы.    https://iz.ru/1177943/2021-06-12/sud-arestoval-zamdirektora-departamenta-minobrnauki-po-delu-o-moshennichestve</annotated>
    </text>
    <annotations>
      <annotation DayOfWeek="2021-W23-6" __Id="214" __Class="DocCreationTime" __From="1" __To="10"/>
      <annotation Category="Date" Value="2021-06-12" __Id="215" __Class="TE" __From="1" __To="10"/>
      <annotation Category="DayOfWeek" __Id="221" __Class="Field" __From="205" __To="211"/>
      <annotation Through="DCT" U_Class="4" __Id="222" __Class="Restored" __From="205" __To="211"/>
      <annotation Category="Date" Value="2021-W23-6" __Id="223" __Class="TE" __From="205" __To="211"/>
      <annotation Category="Day" __Id="224" __Class="Field" __From="214" __To="215"/>
      <annotation Category="Date" Value="2021-06-12" __Id="225" __Class="TE" __From="214" __To="220"/>
      <annotation Category="MonthName" __Id="226" __Class="Field" __From="217" __To="220"/>
      <annotation Through="DCT" U_Class="4" __Id="227" __Class="Restored" __From="217" __To="220"/>
      <annotation Category="Dur" Value="P2M" __Id="230" __Class="TE" __From="354" __To="363"/>
      <annotation Category="MonthName" __Id="231" __Class="Field" __From="369" __To="375"/>
      <annotation Category="Date" Value="2021-08" __Id="232" __Class="TE" __From="369" __To="389"/>
      <annotation To="DCT" U_Class="1-D" __Id="233" __Class="Anchored" __From="377" __To="389"/>
      <annotation Category="Year" __Id="234" __Class="Field" __From="377" __To="389"/>
      <annotation Category="Dur" Value="P10Y-EqLess" __Id="239" __Class="TE" __From="615" __To="623"/>
      <annotation To="Text" U_Class="1-A" __Id="242" __Class="Anchored" __From="690" __To="701"/>
      <annotation Category="Day" __Id="243" __Class="Field" __From="690" __To="701"/>
      <annotation Category="Date" Value="2021-06-12" __Id="244" __Class="TE" __From="690" __To="701"/>
    </annotations>
    <relations>
    </relations>
  </document>
</xml>
