<xml generator="AnnotationTools" format="public" version="1">
  <document>
    <text>
      <raw> 2021-06-11    Пессимизм российского бизнеса сократился до рекордно низкого уровня    Уровень пессимизма крупного и среднего бизнеса в России сократился до 4%, что стало абсолютным минимумом за весь период наблюдений с начала 2015 года, следует из исследования Deloitte.    Так, среди опрошенных 76 финансовых директоров 56% оптимистично оценили финансовые перспективы своих компаний. Авторы исследования отмечают, что представители российского бизнеса уверены в преодолении кризиса, вызванного коронавирусом.    Роста доходов в первой половине 2021 года ожидают 82% респондентов, что в два раза выше ожиданий второй половины прошлого года (40%), пишет РБК в пятницу, 11 июня. При этом 65% компаний отметили, что уже вернули уровень выручки на докризисный уровень или превзошли его, а 49% опрошенных заявили, что ждут роста операционной прибыли.    Около 50% респондентов рассказали о намерении увеличить штат, а 72% назвали цифровизацию приоритетной стратегией для бизнеса.    Ключевыми факторами риска на текущий год респонденты назвали колебания курсов валют и геополитический риск (по 53%), снижение экономической активности (около 50%).    Ранее, 4 июня, президент России Владимир Путин заявил, что в 2021 году будут запущены новые механизмы поддержки малого и среднего бизнеса в кредитовании — зонтичное предоставление поручительств.    Глава государства отметил, что корпорация малого и среднего предпринимательства (МСП) будет выдавать поручительства по кредитам в банках-партнерах. Новый механизм поддержки, по словам Путина, позволит таким предприятиям привлечь 600 млрд рублей до 2024 года.    Также российский лидер отмечал, что государство готово оказывать необходимую поддержку крупным проектам, в том числе за счет создания комфортной регулярной среды.    https://iz.ru/1177342/2021-06-11/pessimizm-rossiiskogo-biznesa-sokratilsia-do-rekordno-nizkogo-urovnia</raw>
      <annotated> <DocCreationTime DayOfWeek="2021-W23-5"><TE Category="Date" Value="2021-06-11">2021-06-11</TE></DocCreationTime>    Пессимизм российского бизнеса сократился до рекордно низкого уровня    Уровень пессимизма крупного и среднего бизнеса в России сократился до 4%, что стало абсолютным минимумом за весь период наблюдений с <TE Category="Date" Value="2015-START"><Field Category="Phase">начала</Field> <Field Category="Year">2015 года</Field></TE>, следует из исследования Deloitte.    Так, среди опрошенных 76 финансовых директоров 56% оптимистично оценили финансовые перспективы своих компаний. Авторы исследования отмечают, что представители российского бизнеса уверены в преодолении кризиса, вызванного коронавирусом.    Роста доходов в <TE Category="Date" Value="2021-H1"><Field Category="Fraction">первой половине</Field> <Field Category="Year">2021 года</Field></TE> ожидают 82% респондентов, что в два раза выше ожиданий <TE Category="Date" Value="2020-H2"><Field Category="Fraction">второй половины</Field> <Field Category="Year">прошлого года</Field></TE> (40%), пишет РБК в <Field Category="DayOfWeek"><TE Category="Date" Value="2021-W23-5">пятницу</TE></Field>, <TE Category="Date" Value="2021-06-11"><Field Category="Day">11</Field> <Field Category="MonthName">июня</Field></TE>. При этом 65% компаний отметили, что уже вернули уровень выручки на докризисный уровень или превзошли его, а 49% опрошенных заявили, что ждут роста операционной прибыли.    Около 50% респондентов рассказали о намерении увеличить штат, а 72% назвали цифровизацию приоритетной стратегией для бизнеса.    Ключевыми факторами риска на <Field Category="Year"><TE Category="Date" Value="2021">текущий год</TE></Field> респонденты назвали колебания курсов валют и геополитический риск (по 53%), снижение экономической активности (около 50%).    Ранее, <TE Category="Date" Value="2021-06-04"><Field Category="Day">4</Field> <Field Category="MonthName">июня</Field></TE>, президент России Владимир Путин заявил, что в <Field Category="Year"><TE Category="Date" Value="2021">2021 году</TE></Field> будут запущены новые механизмы поддержки малого и среднего бизнеса в кредитовании — зонтичное предоставление поручительств.    Глава государства отметил, что корпорация малого и среднего предпринимательства (МСП) будет выдавать поручительства по кредитам в банках-партнерах. Новый механизм поддержки, по словам Путина, позволит таким предприятиям привлечь 600 млрд рублей до <Field Category="Year"><TE Category="Date" Value="2024">2024 года</TE></Field>.    Также российский лидер отмечал, что государство готово оказывать необходимую поддержку крупным проектам, в том числе за счет создания комфортной регулярной <Field Category="DayOfWeek">среды</Field>.    https://iz.ru/1177342/2021-06-11/pessimizm-rossiiskogo-biznesa-sokratilsia-do-rekordno-nizkogo-urovnia</annotated>
    </text>
<!-- NOTE: Annotation boundaries below corresponds to text without XHTML-entities encoding. -->
    <annotations>
      <annotation DayOfWeek="2021-W23-5" __Id="330" __Class="DocCreationTime" __From="1" __To="10"/>
      <annotation Category="Date" Value="2021-06-11" __Id="331" __Class="TE" __From="1" __To="10"/>
      <annotation Category="Phase" __Id="336" __Class="Field" __From="219" __To="224"/>
      <annotation Category="Date" Value="2015-START" __Id="337" __Class="TE" __From="219" __To="234"/>
      <annotation Category="Year" __Id="338" __Class="Field" __From="226" __To="234"/>
      <annotation Category="Fraction" __Id="344" __Class="Field" __From="529" __To="543"/>
      <annotation Category="Date" Value="2021-H1" __Id="345" __Class="TE" __From="529" __To="553"/>
      <annotation Category="Year" __Id="346" __Class="Field" __From="545" __To="553"/>
      <annotation Category="Fraction" __Id="347" __Class="Field" __From="610" __To="624"/>
      <annotation Category="Date" Value="2020-H2" __Id="348" __Class="TE" __From="610" __To="638"/>
      <annotation Category="Year" __Id="350" __Class="Field" __From="626" __To="638"/>
      <annotation Category="DayOfWeek" __Id="351" __Class="Field" __From="659" __To="665"/>
      <annotation Category="Date" Value="2021-W23-5" __Id="353" __Class="TE" __From="659" __To="665"/>
      <annotation Category="Day" __Id="354" __Class="Field" __From="668" __To="669"/>
      <annotation Category="Date" Value="2021-06-11" __Id="355" __Class="TE" __From="668" __To="674"/>
      <annotation Category="MonthName" __Id="356" __Class="Field" __From="671" __To="674"/>
      <annotation Category="Year" __Id="364" __Class="Field" __From="1007" __To="1017"/>
      <annotation Category="Date" Value="2021" __Id="365" __Class="TE" __From="1007" __To="1017"/>
      <annotation Category="Day" __Id="368" __Class="Field" __From="1152" __To="1152"/>
      <annotation Category="Date" Value="2021-06-04" __Id="369" __Class="TE" __From="1152" __To="1157"/>
      <annotation Category="MonthName" __Id="370" __Class="Field" __From="1154" __To="1157"/>
      <annotation Category="Year" __Id="372" __Class="Field" __From="1206" __To="1214"/>
      <annotation Category="Date" Value="2021" __Id="373" __Class="TE" __From="1206" __To="1214"/>
      <annotation Category="Year" __Id="377" __Class="Field" __From="1591" __To="1599"/>
      <annotation Category="Date" Value="2024" __Id="378" __Class="TE" __From="1591" __To="1599"/>
      <annotation Category="DayOfWeek" __Id="381" __Class="Field" __From="1761" __To="1765"/>
    </annotations>
    <relations>
    </relations>
  </document>
</xml>
