<xml generator="AnnotationTools" format-version="1">
  <document>
    <text>
      <raw> ¶2021-06-12    ¶Партия «Зеленые» утвердила Анналену Бербок кандидатом в канцлеры ФРГ    ¶Сопредседатель германской партии «Союз-90/Зеленые» Анналена Бербок на проходящем в субботу, 12 июня, онлайн-съезде была утверждена кандидатом в канцлеры ФРГ. Трансляцию ведет пресс-служба партии.    ¶Кандидатура Бербок была выдвинута правлением партии в апреле текущего года. Теперь же ее поддержали 678 делегатов из 688 — 98,5%.    ¶Ранее, 19 апреля, сопредседатель объединения Роберт Хабек назвал 40-летнюю Бербок «обладающей бойцовскими качествами волевой женщиной». Она, в свою очередь, отметила, что «страна нуждается в новом начале».    ¶До этого кандидатом в канцлеры выдвигали, как правило, только блок Христианско-демократического и Христианско-социального союзов (ХДС/ХСС) и Социал-демократическая партия Германии (СДПГ). В 2002 году исключением стали свободные демократы, выбравшие своим кандидатом бывшего главу МИД Гидо Вестервелле.    ¶12 апреля канцлер Германии Ангела Меркель традиционно выступила на открытии международной промышленной выставки в Ганновере (Hannover Messe 21) и подчеркнула, что выступает на площадке в последний раз в качестве канцлера.    ¶Она впервые заняла данный пост в 2005 году.    ¶В тот же день президиум Христианско-демократического союза распространил заявление, из которого следует, что берлинское отделение партии поддержало кандидатуру премьер-министра Баварии Маркуса Зёдера как кандидата в канцлеры от консервативного блока ХДС и ХСС.    ¶В июне прошлого года Меркель подтвердила, что не намерена выдвигаться на пост канцлера ФРГ в 2021 году. Выборы главы немецкого правительства пройдут осенью этого года.     ¶https://iz.ru/1177987/2021-06-12/partiia-zelenykh-utverdila-annalenu-berbok-kandidatom-v-kantclery-frg</raw>
      <annotated> ¶<DocCreationTime><TE>2021-06-12</TE></DocCreationTime>    ¶Партия «Зеленые» утвердила Анналену Бербок кандидатом в канцлеры ФРГ    ¶Сопредседатель германской партии «Союз-90/Зеленые» Анналена Бербок на проходящем в <Field Category="DayOfWeek"><Restored Through="DCT"><TE>субботу</TE></Restored></Field>, <TE><Field Category="Day">12</Field> <Field Category="MonthName"><Restored Through="DCT">июня</Restored></Field></TE>, онлайн-съезде была утверждена кандидатом в канцлеры ФРГ. Трансляцию ведет пресс-служба партии.    ¶Кандидатура Бербок была выдвинута правлением партии в <TE><Field Category="MonthName">апреле</Field> <Anchored To="DCT"><Field Category="Year">текущего года</Field></Anchored></TE>. Теперь же ее поддержали 678 делегатов из 688 — 98,5%.    ¶Ранее, <TE><Field Category="Day">19</Field> <Field Category="MonthName"><Restored Through="DCT">апреля</Restored></Field></TE>, сопредседатель объединения Роберт Хабек назвал 40-летнюю Бербок «обладающей бойцовскими качествами волевой женщиной». Она, в свою очередь, отметила, что «страна нуждается в новом начале».    ¶До этого кандидатом в канцлеры выдвигали, как правило, только блок Христианско-демократического и Христианско-социального союзов (ХДС/ХСС) и Социал-демократическая партия Германии (СДПГ). В <Field Category="Year"><TE>2002 году</TE></Field> исключением стали свободные демократы, выбравшие своим кандидатом бывшего главу МИД Гидо Вестервелле.    ¶<TE><Field Category="Day">12</Field> <Field Category="MonthName"><Restored Through="DCT">апреля</Restored></Field></TE> канцлер Германии Ангела Меркель традиционно выступила на открытии международной промышленной выставки в Ганновере (Hannover Messe 21) и подчеркнула, что выступает на площадке в последний раз в качестве канцлера.    ¶Она впервые заняла данный пост в <Field Category="Year"><TE>2005 году</TE></Field>.    ¶В <Anchored To="Text"><Field Category="Day"><TE>тот же день</TE></Field></Anchored> президиум Христианско-демократического союза распространил заявление, из которого следует, что берлинское отделение партии поддержало кандидатуру премьер-министра Баварии Маркуса Зёдера как кандидата в канцлеры от консервативного блока ХДС и ХСС.    ¶В <TE><Field Category="MonthName">июне</Field> <Anchored To="DCT"><Field Category="Year">прошлого года</Field></Anchored></TE> Меркель подтвердила, что не намерена выдвигаться на пост канцлера ФРГ в <Field Category="Year"><TE>2021 году</TE></Field>. Выборы главы немецкого правительства пройдут <TE><Field Category="Season">осенью</Field> <Anchored To="DCT"><Field Category="Year">этого года</Field></Anchored></TE>.     ¶https://iz.ru/1177987/<TE>2021-06-12</TE>/partiia-zelenykh-utverdila-annalenu-berbok-kandidatom-v-kantclery-frg</annotated>
    </text>
    <annotations>
      <annotation DayOfWeek="2021-W23-6" __Id="311" __Class="DocCreationTime" __From="2" __To="11"/>
      <annotation __Id="312" __Class="TE" __From="2" __To="11"/>
      <annotation Category="DayOfWeek" __Id="317" __Class="Field" __From="173" __To="179"/>
      <annotation Through="DCT" U_Class="4" __Id="318" __Class="Restored" __From="173" __To="179"/>
      <annotation __Id="319" __Class="TE" __From="173" __To="179"/>
      <annotation Category="Day" __Id="320" __Class="Field" __From="182" __To="183"/>
      <annotation __Id="321" __Class="TE" __From="182" __To="188"/>
      <annotation Category="MonthName" __Id="322" __Class="Field" __From="185" __To="188"/>
      <annotation Through="DCT" U_Class="4" __Id="323" __Class="Restored" __From="185" __To="188"/>
      <annotation Category="MonthName" __Id="327" __Class="Field" __From="344" __To="349"/>
      <annotation __Id="328" __Class="TE" __From="344" __To="363"/>
      <annotation To="DCT" U_Class="1-D" __Id="329" __Class="Anchored" __From="351" __To="363"/>
      <annotation Category="Year" __Id="330" __Class="Field" __From="351" __To="363"/>
      <annotation Category="Day" __Id="334" __Class="Field" __From="431" __To="432"/>
      <annotation __Id="335" __Class="TE" __From="431" __To="439"/>
      <annotation Category="MonthName" __Id="336" __Class="Field" __From="434" __To="439"/>
      <annotation Through="DCT" U_Class="4" __Id="337" __Class="Restored" __From="434" __To="439"/>
      <annotation Category="Year" __Id="342" __Class="Field" __From="824" __To="832"/>
      <annotation __Id="343" __Class="TE" __From="824" __To="832"/>
      <annotation Category="Day" __Id="346" __Class="Field" __From="940" __To="941"/>
      <annotation __Id="347" __Class="TE" __From="940" __To="948"/>
      <annotation Category="MonthName" __Id="348" __Class="Field" __From="943" __To="948"/>
      <annotation Through="DCT" U_Class="4" __Id="349" __Class="Restored" __From="943" __To="948"/>
      <annotation Category="Year" __Id="352" __Class="Field" __From="1199" __To="1207"/>
      <annotation __Id="353" __Class="TE" __From="1199" __To="1207"/>
      <annotation To="Text" U_Class="1-A" __Id="356" __Class="Anchored" __From="1216" __To="1226"/>
      <annotation Category="Day" __Id="357" __Class="Field" __From="1216" __To="1226"/>
      <annotation __Id="358" __Class="TE" __From="1216" __To="1226"/>
      <annotation Category="MonthName" __Id="361" __Class="Field" __From="1481" __To="1484"/>
      <annotation __Id="362" __Class="TE" __From="1481" __To="1498"/>
      <annotation To="DCT" U_Class="1-D" __Id="363" __Class="Anchored" __From="1486" __To="1498"/>
      <annotation Category="Year" __Id="364" __Class="Field" __From="1486" __To="1498"/>
      <annotation Category="Year" __Id="365" __Class="Field" __From="1572" __To="1580"/>
      <annotation __Id="366" __Class="TE" __From="1572" __To="1580"/>
      <annotation Category="Season" __Id="368" __Class="Field" __From="1628" __To="1633"/>
      <annotation __Id="369" __Class="TE" __From="1628" __To="1644"/>
      <annotation To="DCT" U_Class="1-DA" __Id="370" __Class="Anchored" __From="1635" __To="1644"/>
      <annotation Category="Year" __Id="371" __Class="Field" __From="1635" __To="1644"/>
      <annotation __Id="374" __Class="TE" __From="1674" __To="1683"/>
    </annotations>
    <relations>
    </relations>
  </document>
</xml>
