<xml generator="AnnotationTools" format-version="1">
  <document>
    <text>
      <raw> ¶2021-06-12    ¶Суд арестовал замдиректора департамента Минобрнауки по делу о мошенничестве    ¶Суд арестовал замдиректора департамента Минобрнауки Романа Коровина по делу о крупном мошенничестве. Об этом в субботу, 12 июня, сообщили в пресс-службе Хорошевского суда Москвы.    ¶Так, суд избрал для чиновника меру пресечения в виде заключения под стражу на два месяца, до августа текущего года. В пресс-службе суда уточнили, что арестованный проходит по делу в статусе подозреваемого.    ¶Сообщается, что Коровину вменяется часть 4 статьи 159 УК РФ («Мошенничество при получении выплат»). Данная статья предусматривает до 10 лет лишения свободы.    ¶О задержании Коровина стало известно ранее в этот же день. Уточнялось, что арест Коровина связан с установленными обстоятельствами относительного его предыдущего места работы. Ранее чиновник работал в ФГКУ «Специальное управление федеральной противопожарной службы № 100 МЧС России» (Московская область, Одинцовский район).    ¶При в этом в Минобрнауки подтвердили, что задержание чиновника связано с его предыдущим местом работы.    ¶https://iz.ru/1177943/2021-06-12/sud-arestoval-zamdirektora-departamenta-minobrnauki-po-delu-o-moshennichestve</raw>
      <annotated> ¶<DocCreationTime><TE>2021-06-12</TE></DocCreationTime>    ¶Суд арестовал замдиректора департамента Минобрнауки по делу о мошенничестве    ¶Суд арестовал замдиректора департамента Минобрнауки Романа Коровина по делу о крупном мошенничестве. Об этом в <Field Category="DayOfWeek"><Restored Through="DCT"><TE>субботу</TE></Restored></Field>, <TE><Field Category="Day">12</Field> <Field Category="MonthName"><Restored Through="DCT">июня</Restored></Field></TE>, сообщили в пресс-службе Хорошевского суда Москвы.    ¶Так, суд избрал для чиновника меру пресечения в виде заключения под стражу на два месяца, до <TE><Field Category="MonthName">августа</Field> <Anchored To="DCT"><Field Category="Year">текущего года</Field></Anchored></TE>. В пресс-службе суда уточнили, что арестованный проходит по делу в статусе подозреваемого.    ¶Сообщается, что Коровину вменяется часть 4 статьи 159 УК РФ («Мошенничество при получении выплат»). Данная статья предусматривает до 10 лет лишения свободы.    ¶О задержании Коровина стало известно ранее в <Anchored To="Text"><Field Category="Day"><TE>этот же день</TE></Field></Anchored>. Уточнялось, что арест Коровина связан с установленными обстоятельствами относительного его предыдущего места работы. Ранее чиновник работал в ФГКУ «Специальное управление федеральной противопожарной службы № 100 МЧС России» (Московская область, Одинцовский район).    ¶При в этом в Минобрнауки подтвердили, что задержание чиновника связано с его предыдущим местом работы.    ¶https://iz.ru/1177943/<TE>2021-06-12</TE>/sud-arestoval-zamdirektora-departamenta-minobrnauki-po-delu-o-moshennichestve</annotated>
    </text>
    <annotations>
      <annotation DayOfWeek="2021-W23-6" __Id="214" __Class="DocCreationTime" __From="2" __To="11"/>
      <annotation __Id="215" __Class="TE" __From="2" __To="11"/>
      <annotation Category="DayOfWeek" __Id="221" __Class="Field" __From="208" __To="214"/>
      <annotation Through="DCT" U_Class="4" __Id="222" __Class="Restored" __From="208" __To="214"/>
      <annotation __Id="223" __Class="TE" __From="208" __To="214"/>
      <annotation Category="Day" __Id="224" __Class="Field" __From="217" __To="218"/>
      <annotation __Id="225" __Class="TE" __From="217" __To="223"/>
      <annotation Category="MonthName" __Id="226" __Class="Field" __From="220" __To="223"/>
      <annotation Through="DCT" U_Class="4" __Id="227" __Class="Restored" __From="220" __To="223"/>
      <annotation Category="MonthName" __Id="230" __Class="Field" __From="373" __To="379"/>
      <annotation __Id="231" __Class="TE" __From="373" __To="393"/>
      <annotation To="DCT" U_Class="1-D" __Id="232" __Class="Anchored" __From="381" __To="393"/>
      <annotation Category="Year" __Id="233" __Class="Field" __From="381" __To="393"/>
      <annotation To="Text" U_Class="1-A" __Id="240" __Class="Anchored" __From="696" __To="707"/>
      <annotation Category="Day" __Id="241" __Class="Field" __From="696" __To="707"/>
      <annotation __Id="242" __Class="TE" __From="696" __To="707"/>
      <annotation __Id="249" __Class="TE" __From="1108" __To="1117"/>
    </annotations>
    <relations>
    </relations>
  </document>
</xml>
