<xml generator="AnnotationTools" target="public" format-version="1">
  <document>
    <text>
      <raw> 2021-06-12    Партия «Зеленые» утвердила Анналену Бербок кандидатом в канцлеры ФРГ    Сопредседатель германской партии «Союз-90/Зеленые» Анналена Бербок на проходящем в субботу, 12 июня, онлайн-съезде была утверждена кандидатом в канцлеры ФРГ. Трансляцию ведет пресс-служба партии.    Кандидатура Бербок была выдвинута правлением партии в апреле текущего года. Теперь же ее поддержали 678 делегатов из 688 — 98,5%.    Ранее, 19 апреля, сопредседатель объединения Роберт Хабек назвал 40-летнюю Бербок «обладающей бойцовскими качествами волевой женщиной». Она, в свою очередь, отметила, что «страна нуждается в новом начале».    До этого кандидатом в канцлеры выдвигали, как правило, только блок Христианско-демократического и Христианско-социального союзов (ХДС/ХСС) и Социал-демократическая партия Германии (СДПГ). В 2002 году исключением стали свободные демократы, выбравшие своим кандидатом бывшего главу МИД Гидо Вестервелле.    12 апреля канцлер Германии Ангела Меркель традиционно выступила на открытии международной промышленной выставки в Ганновере (Hannover Messe 21) и подчеркнула, что выступает на площадке в последний раз в качестве канцлера.    Она впервые заняла данный пост в 2005 году.    В тот же день президиум Христианско-демократического союза распространил заявление, из которого следует, что берлинское отделение партии поддержало кандидатуру премьер-министра Баварии Маркуса Зёдера как кандидата в канцлеры от консервативного блока ХДС и ХСС.    В июне прошлого года Меркель подтвердила, что не намерена выдвигаться на пост канцлера ФРГ в 2021 году. Выборы главы немецкого правительства пройдут осенью этого года.     https://iz.ru/1177987/2021-06-12/partiia-zelenykh-utverdila-annalenu-berbok-kandidatom-v-kantclery-frg</raw>
      <annotated> <DocCreationTime DayOfWeek="2021-W23-6"><TE Category="Date" Value="2021-06-12">2021-06-12</TE></DocCreationTime>    Партия «Зеленые» утвердила Анналену Бербок кандидатом в канцлеры ФРГ    Сопредседатель германской партии «Союз-90/Зеленые» Анналена Бербок на проходящем в <Field Category="DayOfWeek"><Restored Through="DCT" U_Class="4"><TE Category="Date" Value="2021-W23-6">субботу</TE></Restored></Field>, <TE Category="Date" Value="2021-06-12"><Field Category="Day">12</Field> <Field Category="MonthName"><Restored Through="DCT" U_Class="4">июня</Restored></Field></TE>, онлайн-съезде была утверждена кандидатом в канцлеры ФРГ. Трансляцию ведет пресс-служба партии.    Кандидатура Бербок была выдвинута правлением партии в <TE Category="Date" Value="2021-04"><Field Category="MonthName">апреле</Field> <Anchored To="DCT" U_Class="1-D"><Field Category="Year">текущего года</Field></Anchored></TE>. Теперь же ее поддержали 678 делегатов из 688 — 98,5%.    Ранее, <TE Category="Date" Value="2021-04-19"><Field Category="Day">19</Field> <Field Category="MonthName"><Restored Through="DCT" U_Class="4">апреля</Restored></Field></TE>, сопредседатель объединения Роберт Хабек назвал 40-летнюю Бербок «обладающей бойцовскими качествами волевой женщиной». Она, в свою очередь, отметила, что «страна нуждается в новом начале».    До этого кандидатом в канцлеры выдвигали, как правило, только блок Христианско-демократического и Христианско-социального союзов (ХДС/ХСС) и Социал-демократическая партия Германии (СДПГ). В <Field Category="Year"><TE Category="Date" Value="2002">2002 году</TE></Field> исключением стали свободные демократы, выбравшие своим кандидатом бывшего главу МИД Гидо Вестервелле.    <TE Category="Date" Value="2021-04-12"><Field Category="Day">12</Field> <Field Category="MonthName"><Restored Through="DCT" U_Class="4">апреля</Restored></Field></TE> канцлер Германии Ангела Меркель традиционно выступила на открытии международной промышленной выставки в Ганновере (Hannover Messe 21) и подчеркнула, что выступает на площадке в последний раз в качестве канцлера.    Она впервые заняла данный пост в <Field Category="Year"><TE Category="Date" Value="2005">2005 году</TE></Field>.    В <Anchored To="Text" U_Class="1-A"><Field Category="Day"><TE Category="Date" Value="2021-04-12">тот же день</TE></Field></Anchored> президиум Христианско-демократического союза распространил заявление, из которого следует, что берлинское отделение партии поддержало кандидатуру премьер-министра Баварии Маркуса Зёдера как кандидата в канцлеры от консервативного блока ХДС и ХСС.    В <TE Category="Date" Value="2020-06"><Field Category="MonthName">июне</Field> <Anchored To="DCT" U_Class="1-D"><Field Category="Year">прошлого года</Field></Anchored></TE> Меркель подтвердила, что не намерена выдвигаться на пост канцлера ФРГ в <Field Category="Year"><TE Category="Date" Value="2021">2021 году</TE></Field>. Выборы главы немецкого правительства пройдут <TE Category="Date" Value="2021-FA"><Field Category="Season">осенью</Field> <Anchored To="DCT" U_Class="1-DA"><Field Category="Year">этого года</Field></Anchored></TE>.     https://iz.ru/1177987/2021-06-12/partiia-zelenykh-utverdila-annalenu-berbok-kandidatom-v-kantclery-frg</annotated>
    </text>
    <annotations>
      <annotation DayOfWeek="2021-W23-6" __Id="311" __Class="DocCreationTime" __From="1" __To="10"/>
      <annotation Category="Date" Value="2021-06-12" __Id="312" __Class="TE" __From="1" __To="10"/>
      <annotation Category="DayOfWeek" __Id="317" __Class="Field" __From="170" __To="176"/>
      <annotation Through="DCT" U_Class="4" __Id="318" __Class="Restored" __From="170" __To="176"/>
      <annotation Category="Date" Value="2021-W23-6" __Id="319" __Class="TE" __From="170" __To="176"/>
      <annotation Category="Day" __Id="320" __Class="Field" __From="179" __To="180"/>
      <annotation Category="Date" Value="2021-06-12" __Id="321" __Class="TE" __From="179" __To="185"/>
      <annotation Category="MonthName" __Id="322" __Class="Field" __From="182" __To="185"/>
      <annotation Through="DCT" U_Class="4" __Id="323" __Class="Restored" __From="182" __To="185"/>
      <annotation Category="MonthName" __Id="327" __Class="Field" __From="340" __To="345"/>
      <annotation Category="Date" Value="2021-04" __Id="328" __Class="TE" __From="340" __To="359"/>
      <annotation To="DCT" U_Class="1-D" __Id="329" __Class="Anchored" __From="347" __To="359"/>
      <annotation Category="Year" __Id="330" __Class="Field" __From="347" __To="359"/>
      <annotation Category="Day" __Id="334" __Class="Field" __From="426" __To="427"/>
      <annotation Category="Date" Value="2021-04-19" __Id="335" __Class="TE" __From="426" __To="434"/>
      <annotation Category="MonthName" __Id="336" __Class="Field" __From="429" __To="434"/>
      <annotation Through="DCT" U_Class="4" __Id="337" __Class="Restored" __From="429" __To="434"/>
      <annotation Category="Year" __Id="342" __Class="Field" __From="818" __To="826"/>
      <annotation Category="Date" Value="2002" __Id="343" __Class="TE" __From="818" __To="826"/>
      <annotation Category="Day" __Id="346" __Class="Field" __From="933" __To="934"/>
      <annotation Category="Date" Value="2021-04-12" __Id="347" __Class="TE" __From="933" __To="941"/>
      <annotation Category="MonthName" __Id="348" __Class="Field" __From="936" __To="941"/>
      <annotation Through="DCT" U_Class="4" __Id="349" __Class="Restored" __From="936" __To="941"/>
      <annotation Category="Year" __Id="352" __Class="Field" __From="1191" __To="1199"/>
      <annotation Category="Date" Value="2005" __Id="353" __Class="TE" __From="1191" __To="1199"/>
      <annotation To="Text" U_Class="1-A" __Id="356" __Class="Anchored" __From="1207" __To="1217"/>
      <annotation Category="Day" __Id="357" __Class="Field" __From="1207" __To="1217"/>
      <annotation Category="Date" Value="2021-04-12" __Id="358" __Class="TE" __From="1207" __To="1217"/>
      <annotation Category="MonthName" __Id="361" __Class="Field" __From="1471" __To="1474"/>
      <annotation Category="Date" Value="2020-06" __Id="362" __Class="TE" __From="1471" __To="1488"/>
      <annotation To="DCT" U_Class="1-D" __Id="363" __Class="Anchored" __From="1476" __To="1488"/>
      <annotation Category="Year" __Id="364" __Class="Field" __From="1476" __To="1488"/>
      <annotation Category="Year" __Id="365" __Class="Field" __From="1562" __To="1570"/>
      <annotation Category="Date" Value="2021" __Id="366" __Class="TE" __From="1562" __To="1570"/>
      <annotation Category="Season" __Id="368" __Class="Field" __From="1618" __To="1623"/>
      <annotation Category="Date" Value="2021-FA" __Id="369" __Class="TE" __From="1618" __To="1634"/>
      <annotation To="DCT" U_Class="1-DA" __Id="370" __Class="Anchored" __From="1625" __To="1634"/>
      <annotation Category="Year" __Id="371" __Class="Field" __From="1625" __To="1634"/>
    </annotations>
    <relations>
    </relations>
  </document>
</xml>
