<xml generator="AnnotationTools" format-version="1">
  <document>
    <text>
      <raw> 2020-06-29    Цена на бензин в России снова побила рекорд    Цена бензина Аи-95 обновила исторический максимум и снова установила рекорд. Об том сообщает РИА Новости со ссылкой на данные Санкт-Петербургской международной товарно-сырьевой биржи (СПбМТСБ).    «Газпром» теряет 1,5 триллиона рублей и рискует сорвать поставки газа в Китай на миллиарды долларов    По итогам торгов понедельника, 29 июня, цена достигла 58,174 тысячи рублей за тонну (с поставкой в Европейской части России по национальному индексу). По сравнению с предыдущим показателем, стоимость выросла на 0,4 процента.    Рост цен продолжается с середины месяца. Эксперты объясняют это дефицитом бензина Аи-95, который сложился на рынке, и спросом со стороны автозаправочных станций и трейдеров.    Комментируя рост оптовых цен, российские власти заверяют, что на рознице это не отразится. По словам замминистра энергетики России Павла Сорокина, дефицита топлива в стране нет, а компании выполняют свои производственные планы.    https://lenta.ru/news/2020/06/29/benzin/</raw>
      <annotated> <DocCreationTime DayOfWeek="2020-W27-1"><TE Category="Date" Value="2020-06-29">2020-06-29</TE></DocCreationTime>    Цена на бензин в России снова побила рекорд    Цена бензина Аи-95 обновила исторический максимум и снова установила рекорд. Об том сообщает РИА Новости со ссылкой на данные Санкт-Петербургской международной товарно-сырьевой биржи (СПбМТСБ).    «Газпром» теряет 1,5 триллиона рублей и рискует сорвать поставки газа в Китай на миллиарды долларов    По итогам торгов <Field Category="DayOfWeek"><Restored Through="DCT" U_Class="4"><TE Category="Date" Value="2020-W27-1">понедельника</TE></Restored></Field>, <TE Category="Date" Value="2020-06-29"><Field Category="Day">29</Field> <Field Category="MonthName"><Restored Through="DCT" U_Class="4">июня</Restored></Field></TE>, цена достигла 58,174 тысячи рублей за тонну (с поставкой в Европейской части России по национальному индексу). По сравнению с предыдущим показателем, стоимость выросла на 0,4 процента.    Рост цен продолжается с <TE Category="Date" Value="2020-06-MID"><Field Category="Phase">середины</Field> <Field Category="Month"><Restored Through="DCT" U_Class="6">месяца</Restored></Field></TE>. Эксперты объясняют это дефицитом бензина Аи-95, который сложился на рынке, и спросом со стороны автозаправочных станций и трейдеров.    Комментируя рост оптовых цен, российские власти заверяют, что на рознице это не отразится. По словам замминистра энергетики России Павла Сорокина, дефицита топлива в стране нет, а компании выполняют свои производственные планы.    https://lenta.ru/news/2020/06/29/benzin/</annotated>
    </text>
    <annotations>
      <annotation DayOfWeek="2020-W27-1" __Id="211" __Class="DocCreationTime" __From="1" __To="10"/>
      <annotation Category="Date" Value="2020-06-29" __Id="212" __Class="TE" __From="1" __To="10"/>
      <annotation Category="DayOfWeek" __Id="218" __Class="Field" __From="379" __To="390"/>
      <annotation Through="DCT" U_Class="4" __Id="219" __Class="Restored" __From="379" __To="390"/>
      <annotation Category="Date" Value="2020-W27-1" __Id="220" __Class="TE" __From="379" __To="390"/>
      <annotation Category="Day" __Id="221" __Class="Field" __From="393" __To="394"/>
      <annotation Category="Date" Value="2020-06-29" __Id="222" __Class="TE" __From="393" __To="399"/>
      <annotation Category="MonthName" __Id="223" __Class="Field" __From="396" __To="399"/>
      <annotation Through="DCT" U_Class="4" __Id="224" __Class="Restored" __From="396" __To="399"/>
      <annotation Category="Phase" __Id="227" __Class="Field" __From="614" __To="621"/>
      <annotation Category="Date" Value="2020-06-MID" __Id="228" __Class="TE" __From="614" __To="628"/>
      <annotation Category="Month" __Id="229" __Class="Field" __From="623" __To="628"/>
      <annotation Through="DCT" U_Class="6" __Id="230" __Class="Restored" __From="623" __To="628"/>
    </annotations>
    <relations>
    </relations>
  </document>
</xml>
