<xml generator="AnnotationTools" format="public" version="1">
  <document>
    <text>
      <raw> 2020-08-24    Россиян уличили в незнании своих долгов    Большинство россиян не знает точный уровень своей долговой нагрузки и обязательств перед банками и микрокредитными организациями (МФО). К такому выводу пришли авторы исследования, проведенного Райффайзенбанком (есть в распоряжении «Ленты.ру»).    Только 21 процент опрошенных точно знает собственный коэффициент долговой нагрузки, рассчитываемый как соотношение ежемесячных платежей по кредитам к доходам заемщика. Остальных уличили в недостаточной осведомленности.    Больше половины (53 процента) из тех, кто знает уровень своей нагрузки, получили данные в банке при повторной подаче заявки на кредит. 44 процента подсчитали его самостоятельно, три процента обращались в специализированные бюро кредитных историй.    При этом у 80 процентов имеющих задолженность ее размер не превышает 500 тысяч рублей. 40 процентов собираются снизить ее в ближайшее время (за счет досрочного погашения кредитов или рефинансирования), 26 процентов не имеют для этого возможности. 36 процентов опрошенных назвали уровень кредитной нагрузки комфортным.    По подсчетам Центробанка, уровень задолженности россиян перед банками и МФО оказался рекордным с начала века и достиг 19,9 триллиона рублей. 19,7 триллиона из них приходится на рублевые долги.      https://lenta.ru/news/2020/08/24/debt/</raw>
      <annotated> <DocCreationTime DayOfWeek="2020-W35-1"><TE Category="Date" Value="2020-08-24">2020-08-24</TE></DocCreationTime>    Россиян уличили в незнании своих долгов    Большинство россиян не знает точный уровень своей долговой нагрузки и обязательств перед банками и микрокредитными организациями (МФО). К такому выводу пришли авторы исследования, проведенного Райффайзенбанком (есть в распоряжении «Ленты.ру»).    Только 21 процент опрошенных точно знает собственный коэффициент долговой нагрузки, рассчитываемый как соотношение ежемесячных платежей по кредитам к доходам заемщика. Остальных уличили в недостаточной осведомленности.    Больше половины (53 процента) из тех, кто знает уровень своей нагрузки, получили данные в банке при повторной подаче заявки на кредит. 44 процента подсчитали его самостоятельно, три процента обращались в специализированные бюро кредитных историй.    При этом у 80 процентов имеющих задолженность ее размер не превышает 500 тысяч рублей. 40 процентов собираются снизить ее в ближайшее время (за счет досрочного погашения кредитов или рефинансирования), 26 процентов не имеют для этого возможности. 36 процентов опрошенных назвали уровень кредитной нагрузки комфортным.    По подсчетам Центробанка, уровень задолженности россиян перед банками и МФО оказался рекордным с <TE Category="Date" Value="20-START"><Field Category="Phase">начала</Field> <Field Category="Century">века</Field></TE> и достиг 19,9 триллиона рублей. 19,7 триллиона из них приходится на рублевые долги.      https://lenta.ru/news/2020/08/24/debt/</annotated>
    </text>
<!-- NOTE: Annotation boundaries below corresponds to text without XHTML-entities encoding. -->
    <annotations>
      <annotation DayOfWeek="2020-W35-1" __Id="247" __Class="DocCreationTime" __From="1" __To="10"/>
      <annotation Category="Date" Value="2020-08-24" __Id="248" __Class="TE" __From="1" __To="10"/>
      <annotation Category="Phase" __Id="261" __Class="Field" __From="1195" __To="1200"/>
      <annotation Category="Date" Value="20-START" __Id="262" __Class="TE" __From="1195" __To="1205"/>
      <annotation Category="Century" __Id="263" __Class="Field" __From="1202" __To="1205"/>
    </annotations>
    <relations>
    </relations>
  </document>
</xml>
