<xml generator="AnnotationTools" format-version="1">
  <document>
    <text>
      <raw> 2012-07-31    Cуд Харькова продолжит рассмотрение второго дела против Тимошенко    Киевский районный суд Харькова во вторник продолжит рассматривать второе уголовное дело против Юлии Тимошенко, по которому украинского экс-премьера обвиняют в финансовых махинациях во второй половине 1990-х годов, когда она возглавляла крупнейшую в то время корпорацию ЕЭСУ.    Киевский районный суд Харькова во вторник продолжит рассматривать второе уголовное дело против Юлии Тимошенко, по которому украинского экс-премьера обвиняют в финансовых махинациях во второй половине 1990-х годов, когда она возглавляла крупнейшую в то время корпорацию &quot;Единые энергетические системы Украины&quot;.    Тимошенко принимать участие в судебном заседании во вторник вновь отказалась, пригрозив в своем письменном заявлении оказать &quot;физическое сопротивление&quot;, если ее попробуют доставить в суд силой.    Экс-премьер Украины, которая уже отбывает семилетний срок в тюрьме Харькова за превышение полномочий при подписании газового соглашения с Россией в 2009 году, еще ни разу не присутствовала на судебном заседании по второму делу, ссылаясь на плохое самочувствие. С мая Тимошенко находится на лечении в харьковской городской больнице.    В понедельник немецкие врачи, лечащие Тимошенко, попросили руководство Украины обеспечить экс-премьеру восемь недель покоя, чтобы успешно завершить лечение. Тимошенко не доверяет украинским медикам, считая их политически ангажированными, поэтому за ее здоровьем наблюдают специалисты берлинской клиники &quot;Шарите&quot;.    Из-за неявок Тимошенко на процесс суд в конце июня назначил экс-премьеру судебно-медицинскую экспертизу. Ее результаты, сообщил на минувшем заседании председательствующий судья Константин Садовский, свидетельствуют, что экс-премьер может по состоянию здоровья принимать участие в процессе. Адвокаты Тимошенко не исключают, что суд, основываясь на результатах экспертизы, во вторник может постановить доставить Тимошенко на процесс силой или провести заседание прямо в больничной палате.    Уголовное дело против Тимошенко по ЕЭСУ Служба безопасности Украины возбудила через несколько дней после решения Печерского суда, отправившего бывшего руководителя правительства на семь лет в колонию. Приговор серьезно обострил отношения Киева с Западом, усмотревшим в этом деле политический подтекст.    По версии следствия, Тимошенко, будучи руководителем корпорации, крупнейшего в то время импортера природного газа, организовала уклонение от уплаты налогов на сумму почти 1,3 миллиона долларов и совершила служебный подлог. Кроме того, правоохранительные органы считают, что она перевела долг &quot;Единых энергетических систем Украины&quot; в размере 405,5 миллионов долларов перед министерством обороны России на государственный бюджет. Защита экс-премьера, в свою очередь, считает это дело продолжением политической мести со стороны действующего президента Виктора Януковича. Администрация главы государства эти обвинения отвергает.    Недавно генеральный прокурор страны Виктор Пшонка назвал дело ЕЭСУ самой большой аферой в истории независимой Украины. Глава ведомства заявил, что власти страны &quot;должны думать&quot;, как вернуть 405,5 миллиона долларов РФ.    https://ria.ru/20120731/713267025.html</raw>
      <annotated> <DocCreationTime DayOfWeek="2012-W31-2"><TE Category="Date" Value="2012-07-31">2012-07-31</TE></DocCreationTime>    Cуд Харькова продолжит рассмотрение второго дела против Тимошенко    Киевский районный суд Харькова во <Field Category="DayOfWeek"><Restored Through="DCT" U_Class="4"><TE Category="Date" Value="2012-W31-2">вторник</TE></Restored></Field> продолжит рассматривать второе уголовное дело против Юлии Тимошенко, по которому украинского экс-премьера обвиняют в финансовых махинациях во <TE Category="Date" Value="199-H2"><Field Category="Fraction">второй половине</Field> <Field Category="YearsX0">1990-х годов</Field></TE>, когда она возглавляла крупнейшую в то время корпорацию ЕЭСУ.    Киевский районный суд Харькова во <Field Category="DayOfWeek"><Restored Through="DCT" U_Class="4"><TE Category="Date" Value="2012-W31-2">вторник</TE></Restored></Field> продолжит рассматривать второе уголовное дело против Юлии Тимошенко, по которому украинского экс-премьера обвиняют в финансовых махинациях во <TE Category="Date" Value="199-H2"><Field Category="Fraction">второй половине</Field> <Field Category="YearsX0">1990-х годов</Field></TE>, когда она возглавляла крупнейшую в то время корпорацию &quot;Единые энергетические системы Украины&quot;.    Тимошенко принимать участие в судебном заседании во <Field Category="DayOfWeek"><Restored Through="DCT" U_Class="4"><TE Category="Date" Value="2012-W31-2">вторник</TE></Restored></Field> вновь отказалась, пригрозив в своем письменном заявлении оказать &quot;физическое сопротивление&quot;, если ее попробуют доставить в суд силой.    Экс-премьер Украины, которая уже отбывает семилетний срок в тюрьме Харькова за превышение полномочий при подписании газового соглашения с Россией в <Field Category="Year"><TE Category="Date" Value="2009">2009 году</TE></Field>, еще ни разу не присутствовала на судебном заседании по второму делу, ссылаясь на плохое самочувствие. С <Field Category="MonthName"><Restored Through="DCT" U_Class="4"><TE Category="Date" Value="2012-05">мая</TE></Restored></Field> Тимошенко находится на лечении в харьковской городской больнице.    В <Field Category="DayOfWeek"><Restored Through="DCT" U_Class="4"><TE Category="Date" Value="2012-W31-1">понедельник</TE></Restored></Field> немецкие врачи, лечащие Тимошенко, попросили руководство Украины обеспечить экс-премьеру <TE Category="Dur" Value="P8W">восемь недель</TE> покоя, чтобы успешно завершить лечение. Тимошенко не доверяет украинским медикам, считая их политически ангажированными, поэтому за ее здоровьем наблюдают специалисты берлинской клиники &quot;Шарите&quot;.    Из-за неявок Тимошенко на процесс суд в <TE Category="Date" Value="2012-06-END"><Field Category="Phase">конце</Field> <Field Category="MonthName"><Restored Through="DCT" U_Class="4">июня</Restored></Field></TE> назначил экс-премьеру судебно-медицинскую экспертизу. Ее результаты, сообщил на минувшем заседании председательствующий судья Константин Садовский, свидетельствуют, что экс-премьер может по состоянию здоровья принимать участие в процессе. Адвокаты Тимошенко не исключают, что суд, основываясь на результатах экспертизы, во <Field Category="DayOfWeek"><Restored Through="DCT" U_Class="4"><TE Category="Date" Value="2012-W31-2">вторник</TE></Restored></Field> может постановить доставить Тимошенко на процесс силой или провести заседание прямо в больничной палате.    Уголовное дело против Тимошенко по ЕЭСУ Служба безопасности Украины возбудила <TE Category="ShiftExp" Formula="AFTER,Dur,Anchor">через <TE Category="Dur" Value="PSeveralD">несколько дней</TE></TE> после <TE Category="Event">решения</TE> Печерского суда, отправившего бывшего руководителя правительства на <TE Category="Dur" Value="P7Y">семь лет</TE> в колонию. Приговор серьезно обострил отношения Киева с Западом, усмотревшим в этом деле политический подтекст.    По версии следствия, Тимошенко, будучи руководителем корпорации, крупнейшего в то время импортера природного газа, организовала уклонение от уплаты налогов на сумму почти 1,3 миллиона долларов и совершила служебный подлог. Кроме того, правоохранительные органы считают, что она перевела долг &quot;Единых энергетических систем Украины&quot; в размере 405,5 миллионов долларов перед министерством обороны России на государственный бюджет. Защита экс-премьера, в свою очередь, считает это дело продолжением политической мести со стороны действующего президента Виктора Януковича. Администрация главы государства эти обвинения отвергает.    Недавно генеральный прокурор страны Виктор Пшонка назвал дело ЕЭСУ самой большой аферой в истории независимой Украины. Глава ведомства заявил, что власти страны &quot;должны думать&quot;, как вернуть 405,5 миллиона долларов РФ.    https://ria.ru/20120731/713267025.html</annotated>
    </text>
    <annotations>
      <annotation DayOfWeek="2012-W31-2" __Id="520" __Class="DocCreationTime" __From="1" __To="10"/>
      <annotation Category="Date" Value="2012-07-31" __Id="521" __Class="TE" __From="1" __To="10"/>
      <annotation Category="DayOfWeek" __Id="524" __Class="Field" __From="118" __To="124"/>
      <annotation Through="DCT" U_Class="4" __Id="525" __Class="Restored" __From="118" __To="124"/>
      <annotation Category="Date" Value="2012-W31-2" __Id="526" __Class="TE" __From="118" __To="124"/>
      <annotation Category="Fraction" __Id="527" __Class="Field" __From="268" __To="282"/>
      <annotation Category="Date" Value="199-H2" __Id="528" __Class="TE" __From="268" __To="295"/>
      <annotation Category="YearsX0" __Id="529" __Class="Field" __From="284" __To="295"/>
      <annotation Category="DayOfWeek" __Id="531" __Class="Field" __From="396" __To="402"/>
      <annotation Through="DCT" U_Class="4" __Id="532" __Class="Restored" __From="396" __To="402"/>
      <annotation Category="Date" Value="2012-W31-2" __Id="533" __Class="TE" __From="396" __To="402"/>
      <annotation Category="Fraction" __Id="534" __Class="Field" __From="546" __To="560"/>
      <annotation Category="Date" Value="199-H2" __Id="535" __Class="TE" __From="546" __To="573"/>
      <annotation Category="YearsX0" __Id="536" __Class="Field" __From="562" __To="573"/>
      <annotation Category="DayOfWeek" __Id="538" __Class="Field" __From="737" __To="743"/>
      <annotation Through="DCT" U_Class="4" __Id="539" __Class="Restored" __From="737" __To="743"/>
      <annotation Category="Date" Value="2012-W31-2" __Id="540" __Class="TE" __From="737" __To="743"/>
      <annotation Category="Year" __Id="542" __Class="Field" __From="1040" __To="1048"/>
      <annotation Category="Date" Value="2009" __Id="543" __Class="TE" __From="1040" __To="1048"/>
      <annotation Category="MonthName" __Id="545" __Class="Field" __From="1155" __To="1157"/>
      <annotation Through="DCT" U_Class="4" __Id="546" __Class="Restored" __From="1155" __To="1157"/>
      <annotation Category="Date" Value="2012-05" __Id="547" __Class="TE" __From="1155" __To="1157"/>
      <annotation Category="DayOfWeek" __Id="549" __Class="Field" __From="1229" __To="1239"/>
      <annotation Through="DCT" U_Class="4" __Id="550" __Class="Restored" __From="1229" __To="1239"/>
      <annotation Category="Date" Value="2012-W31-1" __Id="551" __Class="TE" __From="1229" __To="1239"/>
      <annotation Category="Dur" Value="P8W" __Id="552" __Class="TE" __From="1330" __To="1342"/>
      <annotation Category="Phase" __Id="555" __Class="Field" __From="1593" __To="1597"/>
      <annotation Category="Date" Value="2012-06-END" __Id="556" __Class="TE" __From="1593" __To="1602"/>
      <annotation Category="MonthName" __Id="557" __Class="Field" __From="1599" __To="1602"/>
      <annotation Through="DCT" U_Class="4" __Id="558" __Class="Restored" __From="1599" __To="1602"/>
      <annotation Category="DayOfWeek" __Id="561" __Class="Field" __From="1927" __To="1933"/>
      <annotation Through="DCT" U_Class="4" __Id="562" __Class="Restored" __From="1927" __To="1933"/>
      <annotation Category="Date" Value="2012-W31-2" __Id="563" __Class="TE" __From="1927" __To="1933"/>
      <annotation Category="ShiftExp" Formula="AFTER,Dur,Anchor" __Id="565" __Class="TE" __From="2121" __To="2140"/>
      <annotation Category="Dur" Value="PSeveralD" __Id="566" __Class="TE" __From="2127" __To="2140"/>
      <annotation Category="Event" __Id="567" __Class="TE" __From="2148" __To="2154"/>
      <annotation Category="Dur" Value="P7Y" __Id="568" __Class="TE" __From="2224" __To="2231"/>
    </annotations>
    <relations>
      <relation __Id="0" __Class="AnchoredTo"><from><annotation __Id="565"/></from><to><annotation __Id="567"/></to></relation>
    </relations>
  </document>
</xml>
