<xml generator="AnnotationTools" format="public" version="1">
  <document>
    <text>
      <raw> 2018-10-09    Российской экономике предрекли упадок    Эксперты Аналитического кредитного рейтингового агентства (АКРА) предрекли падение российского ВВП по итогам 2019 года на 2,5 процента в случае масштабного расширения антироссийских санкций, передает РБК.    Кроме того, указывается, что инфляция на конец года составит восемь процентов, что вдвое больше прогноза ЦБ, а ключевая ставка достигнет 12 процентов. При этом курс доллара в среднем за год может составить 83 рубля.    Также в пессимистичный сценарий аналитики заложили возможное наступление рецессии в США, долговой кризис в Китае и бюджетные кризисы в отдельных странах Европы, которые будут сопровождаться финансовым стрессом.    В базовом сценарии АКРА прогнозирует экономический рост в 2019 году на уровне 1,4 процента, инфляцию на уровне 4,6 процента, а средний курс доллара — 64 рубля.    20 сентября премьер-министр Дмитрий Медведев заявил, что следующий шестилетний цикл в российской экономике будет непростым из-за санкций, торговых войн и протекционизма.    https://lenta.ru/news/2018/10/09/russia down/</raw>
      <annotated> <DocCreationTime DayOfWeek="2018-W41-2"><TE Category="Date" Value="2018-10-09">2018-10-09</TE></DocCreationTime>    Российской экономике предрекли упадок    Эксперты Аналитического кредитного рейтингового агентства (АКРА) предрекли падение российского ВВП по итогам <Field Category="Year"><TE Category="Date" Value="2019">2019 года</TE></Field> на 2,5 процента в случае масштабного расширения антироссийских санкций, передает РБК.    Кроме того, указывается, что инфляция на <TE Category="Date" Value="2018-END"><Field Category="Phase">конец</Field> <Field Category="Year">года</Field></TE> составит восемь процентов, что вдвое больше прогноза ЦБ, а ключевая ставка достигнет 12 процентов. При этом курс доллара в среднем за <TE Category="Dur" Value="P1Y">год</TE> может составить 83 рубля.    Также в пессимистичный сценарий аналитики заложили возможное наступление рецессии в США, долговой кризис в Китае и бюджетные кризисы в отдельных странах Европы, которые будут сопровождаться финансовым стрессом.    В базовом сценарии АКРА прогнозирует экономический рост в <Field Category="Year"><TE Category="Date" Value="2019">2019 году</TE></Field> на уровне 1,4 процента, инфляцию на уровне 4,6 процента, а средний курс доллара — 64 рубля.    <TE Category="Date" Value="2018-09-20"><Field Category="Day">20</Field> <Field Category="MonthName">сентября</Field></TE> премьер-министр Дмитрий Медведев заявил, что следующий шестилетний цикл в российской экономике будет непростым из-за санкций, торговых войн и протекционизма.    https://lenta.ru/news/2018/10/09/russia down/</annotated>
    </text>
<!-- NOTE: Annotation boundaries below corresponds to text without XHTML-entities encoding. -->
    <annotations>
      <annotation DayOfWeek="2018-W41-2" __Id="204" __Class="DocCreationTime" __From="1" __To="10"/>
      <annotation Category="Date" Value="2018-10-09" __Id="205" __Class="TE" __From="1" __To="10"/>
      <annotation Category="Year" __Id="208" __Class="Field" __From="165" __To="173"/>
      <annotation Category="Date" Value="2019" __Id="209" __Class="TE" __From="165" __To="173"/>
      <annotation Category="Phase" __Id="211" __Class="Field" __From="305" __To="309"/>
      <annotation Category="Date" Value="2018-END" __Id="212" __Class="TE" __From="305" __To="314"/>
      <annotation Category="Year" __Id="213" __Class="Field" __From="311" __To="314"/>
      <annotation Category="Dur" Value="P1Y" __Id="216" __Class="TE" __From="450" __To="452"/>
      <annotation Category="Year" __Id="219" __Class="Field" __From="755" __To="763"/>
      <annotation Category="Date" Value="2019" __Id="220" __Class="TE" __From="755" __To="763"/>
      <annotation Category="Day" __Id="222" __Class="Field" __From="860" __To="861"/>
      <annotation Category="Date" Value="2018-09-20" __Id="223" __Class="TE" __From="860" __To="870"/>
      <annotation Category="MonthName" __Id="224" __Class="Field" __From="863" __To="870"/>
    </annotations>
    <relations>
    </relations>
  </document>
</xml>
