<xml generator="AnnotationTools" format-version="1">
  <document>
    <text>
      <raw> 2019-12-30    Укрепление гривны принесло Украине «головную боль»    Укрепление гривны принесло украинским властям «головную боль», пишет Bloomberg. С начала года национальная валюта выросла на 16,5 процента по отношению к доллару, и из-за этого доходы страны от экспорта снизились.    Изначально бюджет страны планировали исходя из того, что доллар будет стоить 28,2 гривны. Потом прогноз пересмотрели, заложив курс 24,6 гривны за доллар. В итоге разрыв в ожидаемых и полученных экспортных доходах составил порядка 1,6 миллиарда долларов.    О проблемах из-за укрепления нацвалюты в стране говорили летом 2019-го. Глава Счетной палаты Украины Валерий Пацкан утверждал, что это привело к невыполнению плана доходов государственного бюджета. По его словам, план доходов в госбюджет оказался недовыполнен на 9,2 миллиарда гривен (порядка 366,2 миллиона долларов). Укрепление гривны будет стимулировать рост импорта и сдерживать экспорт украинских товаров и услуг. В то же время это будет сдерживать рост цен, прежде всего на импортные товары», — говорил Пацкан.    В середине декабря украинской валюте предсказали резкий обвал. «Есть большая вероятность, что курс на конец 2020 года будет более 30 гривен за доллар. А при негативном сценарии — более 50 гривен за доллар», — отметил кандидат экономических наук Александр Хмелевский. По состоянию на 30 декабря за один доллар дают 23,7 гривны.    https://lenta.ru/news/2019/12/30/bol/</raw>
      <annotated> <DocCreationTime><TE>2019-12-30</TE></DocCreationTime>    Укрепление гривны принесло Украине «головную боль»    Укрепление гривны принесло украинским властям «головную боль», пишет Bloomberg. С <TE><Field Category="Phase">начала</Field> <Field Category="Year"><Restored Through="DCT">года</Restored></Field></TE> национальная валюта выросла на 16,5 процента по отношению к доллару, и из-за этого доходы страны от экспорта снизились.    Изначально бюджет страны планировали исходя из того, что доллар будет стоить 28,2 гривны. Потом прогноз пересмотрели, заложив курс 24,6 гривны за доллар. В итоге разрыв в ожидаемых и полученных экспортных доходах составил порядка 1,6 миллиарда долларов.    О проблемах из-за укрепления нацвалюты в стране говорили <TE><Field Category="Season">летом</Field> <Field Category="Year">2019-го</Field></TE>. Глава Счетной палаты Украины Валерий Пацкан утверждал, что это привело к невыполнению плана доходов государственного бюджета. По его словам, план доходов в госбюджет оказался недовыполнен на 9,2 миллиарда гривен (порядка 366,2 миллиона долларов). Укрепление гривны будет стимулировать рост импорта и сдерживать экспорт украинских товаров и услуг. В то же время это будет сдерживать рост цен, прежде всего на импортные товары», — говорил Пацкан.    В <TE><Field Category="Phase">середине</Field> <Field Category="MonthName"><Restored Through="DCT">декабря</Restored></Field></TE> украинской валюте предсказали резкий обвал. «Есть большая вероятность, что курс на <TE><Field Category="Phase">конец</Field> <Field Category="Year">2020 года</Field></TE> будет более 30 гривен за доллар. А при негативном сценарии — более 50 гривен за доллар», — отметил кандидат экономических наук Александр Хмелевский. По состоянию на <TE><Field Category="Day">30</Field> <Field Category="MonthName"><Restored Through="DCT">декабря</Restored></Field></TE> за один доллар дают 23,7 гривны.    https://lenta.ru/news/2019/12/30/bol/</annotated>
    </text>
    <annotations>
      <annotation DayOfWeek="2019-W01-1" __Id="293" __Class="DocCreationTime" __From="1" __To="10"/>
      <annotation Category="Date" Value="2019-12-30" __Id="294" __Class="TE" __From="1" __To="10"/>
      <annotation Category="Phase" __Id="298" __Class="Field" __From="151" __To="156"/>
      <annotation Category="Date" Value="2019-START" __Id="299" __Class="TE" __From="151" __To="161"/>
      <annotation Category="Year" __Id="300" __Class="Field" __From="158" __To="161"/>
      <annotation Through="DCT" U_Class="6" __Id="301" __Class="Restored" __From="158" __To="161"/>
      <annotation Category="Season" __Id="306" __Class="Field" __From="600" __To="604"/>
      <annotation Category="Date" Value="2019-SU" __Id="307" __Class="TE" __From="600" __To="612"/>
      <annotation Category="Year" __Id="308" __Class="Field" __From="606" __To="612"/>
      <annotation Category="Phase" __Id="314" __Class="Field" __From="1065" __To="1072"/>
      <annotation Category="Date" Value="2019-12-MID" __Id="315" __Class="TE" __From="1065" __To="1080"/>
      <annotation Category="MonthName" __Id="316" __Class="Field" __From="1074" __To="1080"/>
      <annotation Through="DCT" U_Class="4" __Id="317" __Class="Restored" __From="1074" __To="1080"/>
      <annotation Category="Phase" __Id="319" __Class="Field" __From="1165" __To="1169"/>
      <annotation Category="Date" Value="2020-END" __Id="320" __Class="TE" __From="1165" __To="1179"/>
      <annotation Category="Year" __Id="321" __Class="Field" __From="1171" __To="1179"/>
      <annotation Category="Day" __Id="324" __Class="Field" __From="1346" __To="1347"/>
      <annotation Category="Date" Value="2019-12-30" __Id="325" __Class="TE" __From="1346" __To="1355"/>
      <annotation Category="MonthName" __Id="326" __Class="Field" __From="1349" __To="1355"/>
      <annotation Through="DCT" U_Class="4" __Id="327" __Class="Restored" __From="1349" __To="1355"/>
    </annotations>
    <relations>
    </relations>
  </document>
</xml>
