<xml generator="AnnotationTools" format="public" version="1">
  <document>
    <text>
      <raw> 2012-08-15    В Северной Осетии готовятся к проведению дней памяти жертв теракта в Беслане    Во Владикавказе состоялась заседание комиссии по проведению дней памяти жертв террористического акта 1-3 сентября 2004 года школе № 1 города Беслана. Как сообщает 15 августа корреспондент ИА REGNUM, под председательством вице-премьера правительства Сергея Таболова, обсуждены вопросы обеспечения безопасности во время проведения мероприятий, приуроченных к восьмой годовщине бесланской трагедии.    Как отметил во вступительном слове Таболов, &amp;quot;приближается первое сентября, и дни памяти этой вселенской трагедии нам надо провести на высоком организационном уровне, мы должны сделать все необходимое, чтобы во время памятных дней все государственные структуры действовали слаженно и организованно&amp;quot;.    В план проведения дней памяти жертв теракта, утвержденный на заседании, включен целый комплекс ставших уже традиционными, но не потерявших своей значимости мероприятий, которыми мы снова и снова выразим свою общую скорбь по погибшим, воздадим должное героическому подвигу сотрудников подразделения &amp;quot;Альфа&amp;quot; и &amp;quot; Вымпел&amp;quot;, ценой своей жизни спасших десятки заложников.    В работе комиссии принимали участие представители общественной организации &amp;quot;Матери Беслана&amp;quot;.    http://old.memo.ru/d/131546.html</raw>
      <annotated> <DocCreationTime DayOfWeek="2012-W33-3"><TE Category="Date" Value="2012-08-15">2012-08-15</TE></DocCreationTime>    В Северной Осетии готовятся к проведению дней памяти жертв теракта в Беслане    Во Владикавказе состоялась заседание комиссии по проведению дней памяти жертв террористического акта <TE Category="Date" Value="2004-09-01">1</TE>-<TE Category="Date" Value="2004-09-03"><Field Category="Day">3</Field> <Field Category="MonthName">сентября</Field> <Field Category="Year">2004 года</Field></TE> школе № 1 города Беслана. Как сообщает <TE Category="Date" Value="2012-08-15"><Field Category="Day">15</Field> <Field Category="MonthName">августа</Field></TE> корреспондент ИА REGNUM, под председательством вице-премьера правительства Сергея Таболова, обсуждены вопросы обеспечения безопасности во время проведения мероприятий, приуроченных к восьмой годовщине бесланской трагедии.    Как отметил во вступительном слове Таболов, &amp;quot;приближается <TE Category="Date" Value="2012-09-01"><Field Category="Day">первое</Field> <Field Category="MonthName">сентября</Field></TE>, и дни памяти этой вселенской трагедии нам надо провести на высоком организационном уровне, мы должны сделать все необходимое, чтобы во время памятных дней все государственные структуры действовали слаженно и организованно&amp;quot;.    В план проведения дней памяти жертв теракта, утвержденный на заседании, включен целый комплекс ставших уже традиционными, но не потерявших своей значимости мероприятий, которыми мы снова и снова выразим свою общую скорбь по погибшим, воздадим должное героическому подвигу сотрудников подразделения &amp;quot;Альфа&amp;quot; и &amp;quot; Вымпел&amp;quot;, ценой своей жизни спасших десятки заложников.    В работе комиссии принимали участие представители общественной организации &amp;quot;Матери Беслана&amp;quot;.    http://old.memo.ru/d/131546.html</annotated>
    </text>
<!-- NOTE: Annotation boundaries below corresponds to text without XHTML-entities encoding. -->
    <annotations>
      <annotation DayOfWeek="2012-W33-3" __Id="221" __Class="DocCreationTime" __From="1" __To="10"/>
      <annotation Category="Date" Value="2012-08-15" __Id="222" __Class="TE" __From="1" __To="10"/>
      <annotation Category="Date" Value="2004-09-01" __Id="225" __Class="TE" __From="196" __To="196"/>
      <annotation Category="Day" __Id="226" __Class="Field" __From="198" __To="198"/>
      <annotation Category="Date" Value="2004-09-03" __Id="227" __Class="TE" __From="198" __To="217"/>
      <annotation Category="MonthName" __Id="228" __Class="Field" __From="200" __To="207"/>
      <annotation Category="Year" __Id="229" __Class="Field" __From="209" __To="217"/>
      <annotation Category="Day" __Id="231" __Class="Field" __From="258" __To="259"/>
      <annotation Category="Date" Value="2012-08-15" __Id="232" __Class="TE" __From="258" __To="267"/>
      <annotation Category="MonthName" __Id="233" __Class="Field" __From="261" __To="267"/>
      <annotation Category="Day" __Id="236" __Class="Field" __From="557" __To="562"/>
      <annotation Category="Date" Value="2012-09-01" __Id="237" __Class="TE" __From="557" __To="571"/>
      <annotation Category="MonthName" __Id="238" __Class="Field" __From="564" __To="571"/>
    </annotations>
    <relations>
    </relations>
  </document>
</xml>
