<xml generator="AnnotationTools" format-version="1">
  <document>
    <text>
      <raw> 2020-04-22    Украина объяснила предложение отдать ей ненужную нефть    Украина не сможет хранить у себя принадлежащую другим странам нефть, потому что это противоречит законодательству страны. Таким образом идею исполнительного директора «Нафтогаза» Юрия Витренко прокомментировали в пресс-службе «Укртранснафты», пишет «Интерфакс-Украина».    По закону страна имеет право только закупать импортную нефть и осуществлять ее транзит. Именно поэтому ставшее ненужным сырье можно только отдать Украине, пояснили в компании.    Ранее Витренко предложил передать часть нефти Украине, чтобы поддержать мировой рынок, который испытывает проблемы с нехваткой места для хранения. Он рассказал, что в стране много емкостей, куда можно залить сырье.    Топ-менеджер также отметил, что бизнес по хранению нефти прибыльный и нужно «не упустить возможности максимально его монетизировать». При этом, по мнению автора идеи, следует брать не российскую нефть, а сырье от других производителей.    Хранилища по всему миру переполнены, так как предложение превышает спрос на 25 миллионов баррелей в сутки. Из-за этого стоимость нефти опустилась на уровень начала века.    https://lenta.ru/news/2020/04/22/podarunok/</raw>
      <annotated> <DocCreationTime><TE>2020-04-22</TE></DocCreationTime>    Украина объяснила предложение отдать ей ненужную нефть    Украина не сможет хранить у себя принадлежащую другим странам нефть, потому что это противоречит законодательству страны. Таким образом идею исполнительного директора «Нафтогаза» Юрия Витренко прокомментировали в пресс-службе «Укртранснафты», пишет «Интерфакс-Украина».    По закону страна имеет право только закупать импортную нефть и осуществлять ее транзит. Именно поэтому ставшее ненужным сырье можно только отдать Украине, пояснили в компании.    Ранее Витренко предложил передать часть нефти Украине, чтобы поддержать мировой рынок, который испытывает проблемы с нехваткой места для хранения. Он рассказал, что в стране много емкостей, куда можно залить сырье.    Топ-менеджер также отметил, что бизнес по хранению нефти прибыльный и нужно «не упустить возможности максимально его монетизировать». При этом, по мнению автора идеи, следует брать не российскую нефть, а сырье от других производителей.    Хранилища по всему миру переполнены, так как предложение превышает спрос на 25 миллионов баррелей в сутки. Из-за этого стоимость нефти опустилась на уровень <TE><Field Category="Phase">начала</Field> <Field Category="Century"><Restored Through="DCT">века</Restored></Field></TE>.    https://lenta.ru/news/2020/04/22/podarunok/</annotated>
    </text>
    <annotations>
      <annotation DayOfWeek="2020-W17-3" __Id="225" __Class="DocCreationTime" __From="1" __To="10"/>
      <annotation Category="Date" Value="2020-04-22" __Id="226" __Class="TE" __From="1" __To="10"/>
      <annotation Category="Phase" __Id="238" __Class="Field" __From="1139" __To="1144"/>
      <annotation Category="Date" Value="20-START" __Id="239" __Class="TE" __From="1139" __To="1149"/>
      <annotation Category="Century" __Id="240" __Class="Field" __From="1146" __To="1149"/>
      <annotation Through="DCT" U_Class="6" __Id="241" __Class="Restored" __From="1146" __To="1149"/>
    </annotations>
    <relations>
    </relations>
  </document>
</xml>
