<xml generator="AnnotationTools" format="public" version="1">
  <document>
    <text>
      <raw> 2016-12-07    Кадыров рассказал о жизни после операции    Глава Чечни Рамзан Кадыров рассказал в Instagram, что операция, которую ему сделали в связи с полученными на тренировке травмами, прошла нормально, сам он чувствует себя хорошо.    «Ни одного выходного не было, работал, обсуждал вопросы, проводил встречи. Конец года этого требует», — отметил чиновник.    Он также поблагодарил тех, кто пожелал ему здоровья.    7 декабря руководитель региона сообщил, что его прооперировали для устранения последствий травм, полученных на ринге. По словам главы Чечни, ему советовали лечиться за границей, но он выбрал грозненских врачей.    Кадыров является поклонником единоборств и футбола. Он часто тренируется вместе с игроками грозненского «Терека», занимается физкультурой на открытом воздухе и практикуется в боксе. В 2015 году на одном из таких занятий чиновнику сломали ребро.    https://lenta.ru/news/2016/12/07/operatia/</raw>
      <annotated> <DocCreationTime DayOfWeek="2016-W49-3"><TE Category="Date" Value="2016-12-07">2016-12-07</TE></DocCreationTime>    Кадыров рассказал о жизни после операции    Глава Чечни Рамзан Кадыров рассказал в Instagram, что операция, которую ему сделали в связи с полученными на тренировке травмами, прошла нормально, сам он чувствует себя хорошо.    «Ни одного выходного не было, работал, обсуждал вопросы, проводил встречи. <TE Category="Date" Value="2016-END"><Field Category="Phase">Конец</Field> <Field Category="Year">года</Field></TE> этого требует», — отметил чиновник.    Он также поблагодарил тех, кто пожелал ему здоровья.    <TE Category="Date" Value="2016-12-07"><Field Category="Day">7</Field> <Field Category="MonthName">декабря</Field></TE> руководитель региона сообщил, что его прооперировали для устранения последствий травм, полученных на ринге. По словам главы Чечни, ему советовали лечиться за границей, но он выбрал грозненских врачей.    Кадыров является поклонником единоборств и футбола. Он часто тренируется вместе с игроками грозненского «Терека», занимается физкультурой на открытом воздухе и практикуется в боксе. В <Field Category="Year"><TE Category="Date" Value="2015">2015 году</TE></Field> на одном из таких занятий чиновнику сломали ребро.    https://lenta.ru/news/2016/12/07/operatia/</annotated>
    </text>
<!-- NOTE: Annotation boundaries below corresponds to text without XHTML-entities encoding. -->
    <annotations>
      <annotation DayOfWeek="2016-W49-3" __Id="191" __Class="DocCreationTime" __From="1" __To="10"/>
      <annotation Category="Date" Value="2016-12-07" __Id="192" __Class="TE" __From="1" __To="10"/>
      <annotation Category="Phase" __Id="196" __Class="Field" __From="315" __To="319"/>
      <annotation Category="Date" Value="2016-END" __Id="198" __Class="TE" __From="315" __To="324"/>
      <annotation Category="Year" __Id="199" __Class="Field" __From="321" __To="324"/>
      <annotation Category="Day" __Id="203" __Class="Field" __From="421" __To="421"/>
      <annotation Category="Date" Value="2016-12-07" __Id="204" __Class="TE" __From="421" __To="429"/>
      <annotation Category="MonthName" __Id="205" __Class="Field" __From="423" __To="429"/>
      <annotation Category="Year" __Id="211" __Class="Field" __From="819" __To="827"/>
      <annotation Category="Date" Value="2015" __Id="212" __Class="TE" __From="819" __To="827"/>
    </annotations>
    <relations>
    </relations>
  </document>
</xml>
