<xml generator="AnnotationTools" format-version="1">
  <document>
    <text>
      <raw> 2020-05-27    Украина заявила об обстрелах и потерях в Донбассе    Штаб Операции объединенных сил Украины (ООС) заявил об обстрелах в Донбассе и потерях сторон 26 мая. Об этом сообщают «Укра нськ  новини».    По данным ООС, за прошедшие сутки силы самопровозглашенных республик, которые Киев называет вооруженными формированиями России, шесть раз нарушили режим прекращения огня и обстреляли украинские позиции из гранатометов, крупнокалиберных пулеметов и стрелкового оружия. Погибли по одному человеку с обеих сторон, утверждают в штабе.    Ранее, 20 мая, самопровозглашенные Донецкая и Луганская народные республики (ДНР и ЛНР) сообщили, что привели войска в боевую готовность. Глава ДНР Денис Пушилин заявил, что Украина более 250 раз нарушила режим прекращения огня с начала месяца. Лидер ЛНР Леонид Пасечник также обвинил Киев в вооруженных провокациях и объяснил приказ о приведении войск в боеготовность нежеланием допустить эскалацию конфликта.    https://lenta.ru/news/2020/05/27/donbass/</raw>
      <annotated> <DocCreationTime DayOfWeek="2020-W22-3"><TE Category="Date" Value="2020-05-27">2020-05-27</TE></DocCreationTime>    Украина заявила об обстрелах и потерях в Донбассе    Штаб Операции объединенных сил Украины (ООС) заявил об обстрелах в Донбассе и потерях сторон <TE Category="Date" Value="2020-05-26"><Field Category="Day">26</Field> <Field Category="MonthName"><Restored Through="DCT" U_Class="4">мая</Restored></Field></TE>. Об этом сообщают «Укра нськ  новини».    По данным ООС, за прошедшие <Field Category="Day"><Restored Through="DCT" U_Class="6"><TE Category="Date" Value="2020-05-26">сутки</TE></Restored></Field> силы самопровозглашенных республик, которые Киев называет вооруженными формированиями России, шесть раз нарушили режим прекращения огня и обстреляли украинские позиции из гранатометов, крупнокалиберных пулеметов и стрелкового оружия. Погибли по одному человеку с обеих сторон, утверждают в штабе.    Ранее, <TE Category="Date" Value="2020-05-20"><Field Category="Day">20</Field> <Field Category="MonthName"><Restored Through="DCT" U_Class="4">мая</Restored></Field></TE>, самопровозглашенные Донецкая и Луганская народные республики (ДНР и ЛНР) сообщили, что привели войска в боевую готовность. Глава ДНР Денис Пушилин заявил, что Украина более 250 раз нарушила режим прекращения огня с <TE Category="Date" Value="2020-05-START"><Field Category="Phase">начала</Field> <Field Category="Month"><Restored Through="DCT" U_Class="6">месяца</Restored></Field></TE>. Лидер ЛНР Леонид Пасечник также обвинил Киев в вооруженных провокациях и объяснил приказ о приведении войск в боеготовность нежеланием допустить эскалацию конфликта.    https://lenta.ru/news/2020/05/27/donbass/</annotated>
    </text>
    <annotations>
      <annotation DayOfWeek="2020-W22-3" __Id="192" __Class="DocCreationTime" __From="1" __To="10"/>
      <annotation Category="Date" Value="2020-05-27" __Id="193" __Class="TE" __From="1" __To="10"/>
      <annotation Category="Day" __Id="196" __Class="Field" __From="161" __To="162"/>
      <annotation Category="Date" Value="2020-05-26" __Id="197" __Class="TE" __From="161" __To="166"/>
      <annotation Category="MonthName" __Id="198" __Class="Field" __From="164" __To="166"/>
      <annotation Through="DCT" U_Class="4" __Id="199" __Class="Restored" __From="164" __To="166"/>
      <annotation Category="Day" __Id="202" __Class="Field" __From="238" __To="242"/>
      <annotation Through="DCT" U_Class="6" __Id="203" __Class="Restored" __From="238" __To="242"/>
      <annotation Category="Date" Value="2020-05-26" __Id="204" __Class="TE" __From="238" __To="242"/>
      <annotation Category="Day" __Id="207" __Class="Field" __From="551" __To="552"/>
      <annotation Category="Date" Value="2020-05-20" __Id="208" __Class="TE" __From="551" __To="556"/>
      <annotation Category="MonthName" __Id="209" __Class="Field" __From="554" __To="556"/>
      <annotation Through="DCT" U_Class="4" __Id="210" __Class="Restored" __From="554" __To="556"/>
      <annotation Category="Phase" __Id="212" __Class="Field" __From="774" __To="779"/>
      <annotation Category="Date" Value="2020-05-START" __Id="213" __Class="TE" __From="774" __To="786"/>
      <annotation Category="Month" __Id="214" __Class="Field" __From="781" __To="786"/>
      <annotation Through="DCT" U_Class="6" __Id="215" __Class="Restored" __From="781" __To="786"/>
    </annotations>
    <relations>
    </relations>
  </document>
</xml>
