<xml generator="AnnotationTools" format-version="1">
  <document>
    <text>
      <raw> 2012-09-10    Приговоренный к смерти вице-президент Ирака не признает приговор    Вице-президент Ирака Тарик аль-Хашими, заочно приговоренный в воскресенье иракским судом к смертной казни по обвинению в причастности к террористической деятельности, назвал приговор &quot;незаконным&quot; и отверг выдвинутые в его адрес обвинения.    &quot;Вынесенный приговор является незаконным. Я не буду его признавать&quot;, - сказал аль-Хашими в понедельник на пресс-конференции в Анкаре.    По мнению аль-Хашими, вердикт суда &quot;является чисто политическим, а не юридическим&quot;. &quot;Я был лишен права на защиту и не хочу представать перед судом, который подконтролен аль-Малики (премьер-министр Ирака)&quot;, - сказал он.    &quot;Надо судить не меня, а аль-Малики, причем в ООН. Именно он виновен в гибели сотен тысяч человек&quot;, - добавил иракский политик.    Тарик аль-Хашими был обвинен в декабре 2011 года премьер-министром Ирака Нури аль-Малики, в террористической деятельности, в частности, в организации взрывов, похищений и убийств высокопоставленных чиновников, офицеров, судей и врачей. Тогда же в декабре суд выдал ордер на его арест. После этого аль-Хашими перебрался на север Ирака, оттуда вылетел в Катар, а в апреле прибыл в Турцию.    Суд Ирака 9 сентября заочно приговорил аль-Хашими, обвиняемого в более чем 300 преступлениях, к смертной казни через повешение.    Сразу после оглашения приговора аль-Хашими в воскресенье в Анкаре принял глава МИД Турции Ахмет Давутоглу. Официальных заявлений по итогам встречи не последовало. Между тем, как сообщают в понедельник местные СМИ, Давутоглу заверил аль-Хашими, что турецкая сторона не выдаст его Ираку.    &quot;Оставайся (здесь) сколько пожелаешь&quot;, - приводит слова главы МИД Турции газета &quot;Хюрриет&quot;.    Отвечая на вопрос о реакции турецких властей на вынесенный ему приговор, аль-Хашими сказал, что удовлетворен позицией официальной Анкары.    Иракский политик также сообщил, что не будет обращаться к властям Турции за предоставлением политического убежища.    На вопрос журналистов, планирует ли он остаться в Турции, аль-Хашими посоветовал спросить об этом главу турецкого МИД.    http://rapsinews.ru/international news/20120910/264620499.html</raw>
      <annotated> <DocCreationTime DayOfWeek="2012-W37-1"><TE Category="Date" Value="2012-09-10">2012-09-10</TE></DocCreationTime>    Приговоренный к смерти вице-президент Ирака не признает приговор    Вице-президент Ирака Тарик аль-Хашими, заочно приговоренный в <Field Category="DayOfWeek"><Restored Through="DCT" U_Class="4"><TE Category="Date" Value="2012-W36-7">воскресенье</TE></Restored></Field> иракским судом к смертной казни по обвинению в причастности к террористической деятельности, назвал приговор &quot;незаконным&quot; и отверг выдвинутые в его адрес обвинения.    &quot;Вынесенный приговор является незаконным. Я не буду его признавать&quot;, - сказал аль-Хашими в <Field Category="DayOfWeek"><Restored Through="DCT" U_Class="4"><TE Category="Date" Value="2012-W37-1">понедельник</TE></Restored></Field> на пресс-конференции в Анкаре.    По мнению аль-Хашими, вердикт суда &quot;является чисто политическим, а не юридическим&quot;. &quot;Я был лишен права на защиту и не хочу представать перед судом, который подконтролен аль-Малики (премьер-министр Ирака)&quot;, - сказал он.    &quot;Надо судить не меня, а аль-Малики, причем в ООН. Именно он виновен в гибели сотен тысяч человек&quot;, - добавил иракский политик.    Тарик аль-Хашими был обвинен в <TE Category="Date" Value="2011-12"><Field Category="MonthName">декабре</Field> <Field Category="Year">2011 года</Field></TE> премьер-министром Ирака Нури аль-Малики, в террористической деятельности, в частности, в организации взрывов, похищений и убийств высокопоставленных чиновников, офицеров, судей и врачей. Тогда же в <Field Category="MonthName"><Restored Through="DCT" U_Class="4"><TE Category="Date" Value="2011-12">декабре</TE></Restored></Field> суд выдал ордер на его арест. После этого аль-Хашими перебрался на север Ирака, оттуда вылетел в Катар, а в <Field Category="MonthName"><Restored Through="DCT" U_Class="4"><TE Category="Date" Value="2012-04">апреле</TE></Restored></Field> прибыл в Турцию.    Суд Ирака <TE Category="Date" Value="2012-09-09"><Field Category="Day">9</Field> <Field Category="MonthName"><Restored Through="DCT" U_Class="4">сентября</Restored></Field></TE> заочно приговорил аль-Хашими, обвиняемого в более чем 300 преступлениях, к смертной казни через повешение.    Сразу после оглашения приговора аль-Хашими в <Field Category="DayOfWeek"><Restored Through="DCT" U_Class="4"><TE Category="Date" Value="2012-W36-7">воскресенье</TE></Restored></Field> в Анкаре принял глава МИД Турции Ахмет Давутоглу. Официальных заявлений по итогам встречи не последовало. Между тем, как сообщают в <Field Category="DayOfWeek"><Restored Through="DCT" U_Class="4"><TE Category="Date" Value="2012-W37-1">понедельник</TE></Restored></Field> местные СМИ, Давутоглу заверил аль-Хашими, что турецкая сторона не выдаст его Ираку.    &quot;Оставайся (здесь) сколько пожелаешь&quot;, - приводит слова главы МИД Турции газета &quot;Хюрриет&quot;.    Отвечая на вопрос о реакции турецких властей на вынесенный ему приговор, аль-Хашими сказал, что удовлетворен позицией официальной Анкары.    Иракский политик также сообщил, что не будет обращаться к властям Турции за предоставлением политического убежища.    На вопрос журналистов, планирует ли он остаться в Турции, аль-Хашими посоветовал спросить об этом главу турецкого МИД.    http://rapsinews.ru/international news/20120910/264620499.html</annotated>
    </text>
    <annotations>
      <annotation DayOfWeek="2012-W37-1" __Id="406" __Class="DocCreationTime" __From="1" __To="10"/>
      <annotation Category="Date" Value="2012-09-10" __Id="407" __Class="TE" __From="1" __To="10"/>
      <annotation Category="DayOfWeek" __Id="410" __Class="Field" __From="145" __To="155"/>
      <annotation Through="DCT" U_Class="4" __Id="411" __Class="Restored" __From="145" __To="155"/>
      <annotation Category="Date" Value="2012-W36-7" __Id="412" __Class="TE" __From="145" __To="155"/>
      <annotation Category="DayOfWeek" __Id="415" __Class="Field" __From="436" __To="446"/>
      <annotation Through="DCT" U_Class="4" __Id="416" __Class="Restored" __From="436" __To="446"/>
      <annotation Category="Date" Value="2012-W37-1" __Id="417" __Class="TE" __From="436" __To="446"/>
      <annotation Category="MonthName" __Id="423" __Class="Field" __From="895" __To="901"/>
      <annotation Category="Date" Value="2011-12" __Id="424" __Class="TE" __From="895" __To="911"/>
      <annotation Category="Year" __Id="425" __Class="Field" __From="903" __To="911"/>
      <annotation Category="MonthName" __Id="427" __Class="Field" __From="1111" __To="1117"/>
      <annotation Through="DCT" U_Class="4" __Id="428" __Class="Restored" __From="1111" __To="1117"/>
      <annotation Category="Date" Value="2011-12" __Id="429" __Class="TE" __From="1111" __To="1117"/>
      <annotation Category="MonthName" __Id="431" __Class="Field" __From="1227" __To="1232"/>
      <annotation Through="DCT" U_Class="4" __Id="432" __Class="Restored" __From="1227" __To="1232"/>
      <annotation Category="Date" Value="2012-04" __Id="433" __Class="TE" __From="1227" __To="1232"/>
      <annotation Category="Day" __Id="435" __Class="Field" __From="1264" __To="1264"/>
      <annotation Category="Date" Value="2012-09-09" __Id="436" __Class="TE" __From="1264" __To="1273"/>
      <annotation Category="MonthName" __Id="437" __Class="Field" __From="1266" __To="1273"/>
      <annotation Through="DCT" U_Class="4" __Id="438" __Class="Restored" __From="1266" __To="1273"/>
      <annotation Category="DayOfWeek" __Id="440" __Class="Field" __From="1430" __To="1440"/>
      <annotation Through="DCT" U_Class="4" __Id="441" __Class="Restored" __From="1430" __To="1440"/>
      <annotation Category="Date" Value="2012-W36-7" __Id="442" __Class="TE" __From="1430" __To="1440"/>
      <annotation Category="DayOfWeek" __Id="445" __Class="Field" __From="1574" __To="1584"/>
      <annotation Through="DCT" U_Class="4" __Id="446" __Class="Restored" __From="1574" __To="1584"/>
      <annotation Category="Date" Value="2012-W37-1" __Id="447" __Class="TE" __From="1574" __To="1584"/>
    </annotations>
    <relations>
      <relation __Id="0" __Class="AnchoredTo"><from><annotation __Id="433"/></from><to><annotation __Id="429"/></to></relation>
    </relations>
  </document>
</xml>
