<xml generator="AnnotationTools" target="public" format-version="1">
  <document>
    <text>
      <raw> 2020-01-20    Более сотни российских детей отравилась питьевой водой с червями    Число обратившихся за медицинской помощью из-за некачественной питьевой воды в дагестанском Кизляре увеличилось до 300 человек, половина госпитализированы, сообщает НТВ. Ранее местные жители жаловались, что видели в воде червей.    В городских больницах сейчас находятся более 160 пациентов, почти сотня из них — дети. Всем поставлен диагноз амебиаз (дизентерия). Канал отмечает, что многие отделения медучреждений перепрофилированы для работы с инфекционными больными, врачи из других районов съезжаются на помощь кизлярским коллегам.    Пациентка по имени Татьяна рассказала журналистам, что попала в больницу после простой чистки зубов. Сначала подумала, что грипп, пыталась лечиться дома. В итоге в больницу ее везли на скорой. Ранее школьник по имени Омар рассказывал телеканалу «МИР 24», что вместе с сестрой его госпитализировали на следующий день после того, как он умылся, и немного воды попало в рот.    Основная версия, почему произошло загрязнение водопроводной воды — незаконный монтаж канализации. Жители старого советского дома, где она отсутствует, самостоятельно вывели трубу из санузла в дренажный колодец. Там проходил водопровод, который был поврежден. В итоге нечистоты смешались с нормальной водой и попали в квартиры.    Горожанка Раиса Доронина в разговоре с «МИР 24» отметила, что после Нового года из крана пошла зловонная вода с настоящими червями. «Купаешься, а с тебя черви идут и гнилье болотного запаха», — вспоминала она.    Первые случаи заражения кишечной инфекцией в Кизляре начали регистрироваться в начале января. Большинство пострадавших — жители района Черемушки. К середине месяца власти организовали подвоз питьевой воды, медики делали обходы по домам. Идет массовая вакцинация всех контактировавших с госпитализированными, вся вода в городе проходит процедуру обеззараживания. Следственный комитет возбудил уголовное дело по факту эпидемии.    https://lenta.ru/news/2020/01/20/kizlyar/</raw>
      <annotated> <DocCreationTime DayOfWeek="2020-W04-1"><TE Category="Date" Value="2020-01-20">2020-01-20</TE></DocCreationTime>    Более сотни российских детей отравилась питьевой водой с червями    Число обратившихся за медицинской помощью из-за некачественной питьевой воды в дагестанском Кизляре увеличилось до 300 человек, половина госпитализированы, сообщает НТВ. Ранее местные жители жаловались, что видели в воде червей.    В городских больницах сейчас находятся более 160 пациентов, почти сотня из них — дети. Всем поставлен диагноз амебиаз (дизентерия). Канал отмечает, что многие отделения медучреждений перепрофилированы для работы с инфекционными больными, врачи из других районов съезжаются на помощь кизлярским коллегам.    Пациентка по имени Татьяна рассказала журналистам, что попала в больницу после простой чистки зубов. Сначала подумала, что грипп, пыталась лечиться дома. В итоге в больницу ее везли на скорой. Ранее школьник по имени Омар рассказывал телеканалу «МИР 24», что вместе с сестрой его госпитализировали на <Anchored To="DCT" U_Class="1-DA"><Field Category="Day">следующий день</Field></Anchored> после того, как он умылся, и немного воды попало в рот.    Основная версия, почему произошло загрязнение водопроводной воды — незаконный монтаж канализации. Жители старого советского дома, где она отсутствует, самостоятельно вывели трубу из санузла в дренажный колодец. Там проходил водопровод, который был поврежден. В итоге нечистоты смешались с нормальной водой и попали в квартиры.    Горожанка Раиса Доронина в разговоре с «МИР 24» отметила, что после Нового года из крана пошла зловонная вода с настоящими червями. «Купаешься, а с тебя черви идут и гнилье болотного запаха», — вспоминала она.    Первые случаи заражения кишечной инфекцией в Кизляре начали регистрироваться в <TE Category="Date" Value="2020-01-START"><Field Category="Phase">начале</Field> <Field Category="MonthName"><Restored Through="DCT" U_Class="4">января</Restored></Field></TE>. Большинство пострадавших — жители района Черемушки. К <TE Category="Date" Value="2020-01-MID"><Field Category="Phase">середине</Field> <Field Category="Month"><Restored Through="DCT" U_Class="6">месяца</Restored></Field></TE> власти организовали подвоз питьевой воды, медики делали обходы по домам. Идет массовая вакцинация всех контактировавших с госпитализированными, вся вода в городе проходит процедуру обеззараживания. Следственный комитет возбудил уголовное дело по факту эпидемии.    https://lenta.ru/news/2020/01/20/kizlyar/</annotated>
    </text>
    <annotations>
      <annotation DayOfWeek="2020-W04-1" __Id="371" __Class="DocCreationTime" __From="1" __To="10"/>
      <annotation Category="Date" Value="2020-01-20" __Id="372" __Class="TE" __From="1" __To="10"/>
      <annotation To="DCT" U_Class="1-DA" __Id="383" __Class="Anchored" __From="923" __To="936"/>
      <annotation Category="Day" __Id="384" __Class="Field" __From="923" __To="936"/>
      <annotation Category="Phase" __Id="392" __Class="Field" __From="1619" __To="1624"/>
      <annotation Category="Date" Value="2020-01-START" __Id="393" __Class="TE" __From="1619" __To="1631"/>
      <annotation Category="MonthName" __Id="394" __Class="Field" __From="1626" __To="1631"/>
      <annotation Through="DCT" U_Class="4" __Id="395" __Class="Restored" __From="1626" __To="1631"/>
      <annotation Category="Phase" __Id="398" __Class="Field" __From="1688" __To="1695"/>
      <annotation Category="Date" Value="2020-01-MID" __Id="399" __Class="TE" __From="1688" __To="1702"/>
      <annotation Category="Month" __Id="400" __Class="Field" __From="1697" __To="1702"/>
      <annotation Through="DCT" U_Class="6" __Id="401" __Class="Restored" __From="1697" __To="1702"/>
    </annotations>
    <relations>
    </relations>
  </document>
</xml>
