<xml generator="AnnotationTools" target="public" format-version="1">
  <document>
    <text>
      <raw> 2020-10-09    В Ингушетии во время пандемии возросло число работников бизнеса    С начала года в Ингушетии число работников в сфере малого и среднего предпринимательства (МСП) возросло на 8 процентов. Это стало возможно в том числе благодаря поддержке бизнеса во время пандемии коронавируса, сообщает ТАСС со ссылкой на главу республики Махмуд-Али Калиматова.    «На сегодняшний день среднесписочная численность работников субъектов МСП составила 5,3 тысячи человек, что больше на 8 процентов показателя на начало года и говорит о результативности мер, принятых в целях сохранения штатной численности предприятий в условиях распространения коронавирусной инфекции», — отметил он.    Калиматов подчеркнул, что объем налогов, уплаченных субъектами МСП в 2019 году, на 24,2 процента больше, чем в 2018 году. Так, бизнес заплатил 803 миллиона рублей.    Субъекты предпринимательства Ингушетии во время пандемии получили разные виды поддержки, в том числе снижение налоговых ставок по упрощенной системе налогообложения в два раза, увеличение объемов доли закупок у МСП до 30 процентов, докапитализация регионального фонда, расширение эквайринга.    Поддержка предпринимателей предусмотрена нацпроектом «Малое и среднее предпринимательство», который реализуется в России по инициативе президента Владимира Путина. Он предполагает рост числа занятых в сфере малого и среднего предпринимательства, включая индивидуальных предпринимателей, до 25 миллионов человек к концу 2024 года, наращивание доли МСП в ВВП страны до 32 процентов и доли экспорта субъектов МСП — до 10 процентов от общего объема к 2024 году. Всего на реализацию проекта планируется выделить более 481 миллиарда рублей.    https://lenta.ru/news/2020/10/09/msp/</raw>
      <annotated> <DocCreationTime DayOfWeek="2020-W41-5"><TE Category="Date" Value="2020-10-09">2020-10-09</TE></DocCreationTime>    В Ингушетии во время пандемии возросло число работников бизнеса    С <TE Category="Date" Value="2020-START"><Field Category="Phase">начала</Field> <Field Category="Year"><Restored Through="DCT" U_Class="6">года</Restored></Field></TE> в Ингушетии число работников в сфере малого и среднего предпринимательства (МСП) возросло на 8 процентов. Это стало возможно в том числе благодаря поддержке бизнеса во время пандемии коронавируса, сообщает ТАСС со ссылкой на главу республики Махмуд-Али Калиматова.    «На <Anchored To="DCT" U_Class="1-D">сегодняшний день</Anchored> среднесписочная численность работников субъектов МСП составила 5,3 тысячи человек, что больше на 8 процентов показателя на <TE Category="Date" Value="2020-START"><Field Category="Phase">начало</Field> <Field Category="Year"><Restored Through="DCT" U_Class="6">года</Restored></Field></TE> и говорит о результативности мер, принятых в целях сохранения штатной численности предприятий в условиях распространения коронавирусной инфекции», — отметил он.    Калиматов подчеркнул, что объем налогов, уплаченных субъектами МСП в <Field Category="Year"><TE Category="Date" Value="2019">2019 году</TE></Field>, на 24,2 процента больше, чем в <Field Category="Year"><TE Category="Date" Value="2018">2018 году</TE></Field>. Так, бизнес заплатил 803 миллиона рублей.    Субъекты предпринимательства Ингушетии во время пандемии получили разные виды поддержки, в том числе снижение налоговых ставок по упрощенной системе налогообложения в два раза, увеличение объемов доли закупок у МСП до 30 процентов, докапитализация регионального фонда, расширение эквайринга.    Поддержка предпринимателей предусмотрена нацпроектом «Малое и среднее предпринимательство», который реализуется в России по инициативе президента Владимира Путина. Он предполагает рост числа занятых в сфере малого и среднего предпринимательства, включая индивидуальных предпринимателей, до 25 миллионов человек к <TE Category="Date" Value="2024-END"><Field Category="Phase">концу</Field> <Field Category="Year">2024 года</Field></TE>, наращивание доли МСП в ВВП страны до 32 процентов и доли экспорта субъектов МСП — до 10 процентов от общего объема к <Field Category="Year"><TE Category="Date" Value="2024">2024 году</TE></Field>. Всего на реализацию проекта планируется выделить более 481 миллиарда рублей.    https://lenta.ru/news/2020/10/09/msp/</annotated>
    </text>
    <annotations>
      <annotation DayOfWeek="2020-W41-5" __Id="305" __Class="DocCreationTime" __From="1" __To="10"/>
      <annotation Category="Date" Value="2020-10-09" __Id="306" __Class="TE" __From="1" __To="10"/>
      <annotation Category="Phase" __Id="309" __Class="Field" __From="84" __To="89"/>
      <annotation Category="Date" Value="2020-START" __Id="310" __Class="TE" __From="84" __To="94"/>
      <annotation Category="Year" __Id="311" __Class="Field" __From="91" __To="94"/>
      <annotation Through="DCT" U_Class="6" __Id="312" __Class="Restored" __From="91" __To="94"/>
      <annotation To="DCT" U_Class="1-D" __Id="315" __Class="Anchored" __From="368" __To="383"/>
      <annotation Category="Phase" __Id="316" __Class="Field" __From="508" __To="513"/>
      <annotation Category="Date" Value="2020-START" __Id="317" __Class="TE" __From="508" __To="518"/>
      <annotation Category="Year" __Id="318" __Class="Field" __From="515" __To="518"/>
      <annotation Through="DCT" U_Class="6" __Id="319" __Class="Restored" __From="515" __To="518"/>
      <annotation Category="Year" __Id="321" __Class="Field" __From="753" __To="761"/>
      <annotation Category="Date" Value="2019" __Id="322" __Class="TE" __From="753" __To="761"/>
      <annotation Category="Year" __Id="323" __Class="Field" __From="795" __To="803"/>
      <annotation Category="Date" Value="2018" __Id="324" __Class="TE" __From="795" __To="803"/>
      <annotation Category="Phase" __Id="329" __Class="Field" __From="1459" __To="1463"/>
      <annotation Category="Date" Value="2024-END" __Id="330" __Class="TE" __From="1459" __To="1473"/>
      <annotation Category="Year" __Id="331" __Class="Field" __From="1465" __To="1473"/>
      <annotation Category="Year" __Id="332" __Class="Field" __From="1593" __To="1601"/>
      <annotation Category="Date" Value="2024" __Id="333" __Class="TE" __From="1593" __To="1601"/>
    </annotations>
    <relations>
    </relations>
  </document>
</xml>
