<xml generator="AnnotationTools" format-version="1">
  <document>
    <text>
      <raw> 2020-10-09    Подмосковные больницы получили новое оборудование для диагностики зрения    Медицинские учреждения Московской области получили новое офтальмологическое оборудование: компьютерные тонометры, аппараты для электрофизиологических исследований и другую медтехнику для диагностики зрения. Об этом сообщается на сайте министерства здравоохранения региона.    «Не всегда заболевания органа зрения имеют выраженную симптоматику, некоторые патологии до определенного момента протекают без каких-либо беспокойств. Важно регулярно проходить обследование у офтальмолога, чтобы обнаружить болезнь на ранней стадии и своевременно начать лечение», — сказала министр здравоохранения области Светлана Стригункова.    В ведомстве уточнили, что с начала года оборудование поступило в почти 30 больниц Балашихи, Одинцова, Щелкова и других подмосковных городов. Всего было закуплено 39 аппаратов. Это произошло по поручению губернатора области в рамках национального проекта «Здравоохранение».    Нацпроект «Здравоохранение» будет реализован в России до конца 2024 года. В общей сложности на него планируется потратить более 1,7 триллиона рублей. Цель проекта — обеспечение россиян доступной медицинской помощью и улучшение ее качества, изменение характера отношений между врачами и пациентами, повышение до 70 процентов охвата первичной профилактикой, внедрение современных клинических рекомендаций, снижение смертности от сердечно-сосудистых и онкологических заболеваний, увеличение средней продолжительности жизни россиян до 78 лет и другое.    https://lenta.ru/news/2020/10/09/eyes/</raw>
      <annotated> <DocCreationTime><TE>2020-10-09</TE></DocCreationTime>    Подмосковные больницы получили новое оборудование для диагностики зрения    Медицинские учреждения Московской области получили новое офтальмологическое оборудование: компьютерные тонометры, аппараты для электрофизиологических исследований и другую медтехнику для диагностики зрения. Об этом сообщается на сайте министерства здравоохранения региона.    «Не всегда заболевания органа зрения имеют выраженную симптоматику, некоторые патологии до определенного момента протекают без каких-либо беспокойств. Важно регулярно проходить обследование у офтальмолога, чтобы обнаружить болезнь на ранней стадии и своевременно начать лечение», — сказала министр здравоохранения области Светлана Стригункова.    В ведомстве уточнили, что с <TE><Field Category="Phase">начала</Field> <Field Category="Year"><Restored Through="DCT">года</Restored></Field></TE> оборудование поступило в почти 30 больниц Балашихи, Одинцова, Щелкова и других подмосковных городов. Всего было закуплено 39 аппаратов. Это произошло по поручению губернатора области в рамках национального проекта «Здравоохранение».    Нацпроект «Здравоохранение» будет реализован в России до <TE><Field Category="Phase">конца</Field> <Field Category="Year">2024 года</Field></TE>. В общей сложности на него планируется потратить более 1,7 триллиона рублей. Цель проекта — обеспечение россиян доступной медицинской помощью и улучшение ее качества, изменение характера отношений между врачами и пациентами, повышение до 70 процентов охвата первичной профилактикой, внедрение современных клинических рекомендаций, снижение смертности от сердечно-сосудистых и онкологических заболеваний, увеличение средней продолжительности жизни россиян до 78 лет и другое.    https://lenta.ru/news/2020/10/09/eyes/</annotated>
    </text>
    <annotations>
      <annotation DayOfWeek="2020-W41-5" __Id="255" __Class="DocCreationTime" __From="1" __To="10"/>
      <annotation Category="Date" Value="2020-10-09" __Id="256" __Class="TE" __From="1" __To="10"/>
      <annotation Category="Phase" __Id="263" __Class="Field" __From="742" __To="747"/>
      <annotation Category="Date" Value="2020-START" __Id="264" __Class="TE" __From="742" __To="752"/>
      <annotation Category="Year" __Id="265" __Class="Field" __From="749" __To="752"/>
      <annotation Through="DCT" U_Class="6" __Id="266" __Class="Restored" __From="749" __To="752"/>
      <annotation Category="Phase" __Id="270" __Class="Field" __From="1047" __To="1051"/>
      <annotation Category="Date" Value="2024-END" __Id="271" __Class="TE" __From="1047" __To="1061"/>
      <annotation Category="Year" __Id="272" __Class="Field" __From="1053" __To="1061"/>
    </annotations>
    <relations>
    </relations>
  </document>
</xml>
