<xml generator="AnnotationTools" format-version="1">
  <document>
    <text>
      <raw> ¶2020-05-13    ¶Инфекционный госпиталь в парке «Патриот» примет 1,4 тысячи пациентов    ¶Инфекционный госпиталь в парке «Патриот» в Одинцовском городском округе сможет принять более 1,4 тысячи пациентов с коронавирусом. Об этом сообщается на сайте областного правительства.    ¶С 7 мая госпиталь уже начал свою работу — введен первый блок. К середине месяца центр будет функционировать в полном объеме, говорится в сообщении.    ¶«Минобороны направляет нам 630 человек — врачей, средний и младший медперсонал. Среди них и специалисты, которые занимаются дифференциальной диагностикой», — сказал руководитель инфекционного центра, заместитель главврача Одинцовской горбольницы Дмитрий Айзиков.    ¶Стационар создан на базе четырех главных павильонов конгрессно-выставочного центра. Три из них предназначены для пациентов, которые уже выздоравливают. В одном павильоне будут оказывать помощь людям с тяжелыми симптомами. Для них предусмотрено 220 коек с подведенным кислородом и аппаратами ИВЛ.    ¶Ранее сообщалось о строительстве госпиталя для лечения пациентов с COVID–19 на базе выставочного центра «Крокус Экспо». Он рассчитан на тысячу человек.    ¶https://lenta.ru/news/2020/05/13/hospital/</raw>
      <annotated> ¶<DocCreationTime><TE>2020-05-13</TE></DocCreationTime>    ¶Инфекционный госпиталь в парке «Патриот» примет 1,4 тысячи пациентов    ¶Инфекционный госпиталь в парке «Патриот» в Одинцовском городском округе сможет принять более 1,4 тысячи пациентов с коронавирусом. Об этом сообщается на сайте областного правительства.    ¶С <TE><Field Category="Day">7</Field> <Field Category="MonthName"><Restored Through="DCT">мая</Restored></Field></TE> госпиталь уже начал свою работу — введен первый блок. К <TE><Field Category="Phase">середине</Field> <Field Category="Month"><Restored Through="DCT">месяца</Restored></Field></TE> центр будет функционировать в полном объеме, говорится в сообщении.    ¶«Минобороны направляет нам 630 человек — врачей, средний и младший медперсонал. Среди них и специалисты, которые занимаются дифференциальной диагностикой», — сказал руководитель инфекционного центра, заместитель главврача Одинцовской горбольницы Дмитрий Айзиков.    ¶Стационар создан на базе четырех главных павильонов конгрессно-выставочного центра. Три из них предназначены для пациентов, которые уже выздоравливают. В одном павильоне будут оказывать помощь людям с тяжелыми симптомами. Для них предусмотрено 220 коек с подведенным кислородом и аппаратами ИВЛ.    ¶Ранее сообщалось о строительстве госпиталя для лечения пациентов с COVID–19 на базе выставочного центра «Крокус Экспо». Он рассчитан на тысячу человек.    ¶https://lenta.ru/news/2020/05/13/hospital/</annotated>
    </text>
    <annotations>
      <annotation DayOfWeek="2020-W20-3" __Id="226" __Class="DocCreationTime" __From="2" __To="11"/>
      <annotation Category="Date" Value="2020-05-13" __Id="227" __Class="TE" __From="2" __To="11"/>
      <annotation Category="Day" __Id="232" __Class="Field" __From="281" __To="281"/>
      <annotation Category="Date" Value="2020-05-07" __Id="233" __Class="TE" __From="281" __To="285"/>
      <annotation Category="MonthName" __Id="234" __Class="Field" __From="283" __To="285"/>
      <annotation Through="DCT" U_Class="4" __Id="235" __Class="Restored" __From="283" __To="285"/>
      <annotation Category="Phase" __Id="237" __Class="Field" __From="343" __To="350"/>
      <annotation Category="Date" Value="2020-05-MID" __Id="238" __Class="TE" __From="343" __To="357"/>
      <annotation Category="Month" __Id="239" __Class="Field" __From="352" __To="357"/>
      <annotation Through="DCT" U_Class="6" __Id="240" __Class="Restored" __From="352" __To="357"/>
    </annotations>
    <relations>
    </relations>
  </document>
</xml>
