<xml generator="AnnotationTools" format-version="1">
  <document>
    <text>
      <raw> 2019-07-17    Запуск «Протона-М» перенесли из-за трещины    Перенос запуска ракеты-носителя «Протон-М» с разгонным блоком ДМ-03 и астрофизической космической обсерваторией «Спектр-РГ» был связан с трещиной в трубопроводе на второй ступени ракеты. Об этом сообщает РИА Новости со ссылкой на источник в ракетно-космической отрасли.    По словам собеседника агентства, трещину впервые обнаружили в конце июня, когда старт ракеты перенесли из-за замены разрядившейся батареи космического телескопа. Специалисты хотели срочно доставить самолетом новую вторую ступень, но решили заварить трещину на месте.    Перед повторным стартом в июле трещину снова обнаружили в том же месте. Чтобы не переносить старт на конец года, ее загерметизировали специальным составом. Это помогло избежать утечки из трубопровода.    Запуск «Протона-М» с разгонным блоком ДМ-03 и астрофизической космической обсерваторией «Спектр-РГ» прошел 13 июля с космодрома Байконур. Позже глава «Роскосмоса» Дмитрий Рогозин рассказал, что специалисты сумели устранить серьезные неполадки перед стартом ракеты. Он пообещал представить их к государственным наградам.    Изначально запуск «Спектра» был запланирован на 21 июня, однако в тот день специалисты «выявили замечание», и старт перенесли. Сообщалось, что причиной сдвига старта стала разряженная батарея электросистемы космического аппарата, зарядка которой может потребовать снятия ракеты «Протон-М» со стартового комплекса и ее транспортировки в монтажно-испытательный корпус.    Астрофизическая обсерватория «Спектр-РГ» предназначена для проведения обзора всего неба в рентгеновском диапазоне электромагнитного спектра.    https://lenta.ru/news/2019/07/17/crack/</raw>
      <annotated> <DocCreationTime DayOfWeek="2019-W29-3"><TE Category="Date" Value="2019-07-17">2019-07-17</TE></DocCreationTime>    Запуск «Протона-М» перенесли из-за трещины    Перенос запуска ракеты-носителя «Протон-М» с разгонным блоком ДМ-03 и астрофизической космической обсерваторией «Спектр-РГ» был связан с трещиной в трубопроводе на второй ступени ракеты. Об этом сообщает РИА Новости со ссылкой на источник в ракетно-космической отрасли.    По словам собеседника агентства, трещину впервые обнаружили в <TE Category="Date" Value="2019-06-END"><Field Category="Phase">конце</Field> <Field Category="MonthName"><Restored Through="DCT" U_Class="4">июня</Restored></Field></TE>, когда старт ракеты перенесли из-за замены разрядившейся батареи космического телескопа. Специалисты хотели срочно доставить самолетом новую вторую ступень, но решили заварить трещину на месте.    Перед повторным стартом в <Field Category="MonthName"><Restored Through="DCT" U_Class="4"><TE Category="Date" Value="2019-07">июле</TE></Restored></Field> трещину снова обнаружили в том же месте. Чтобы не переносить старт на <TE Category="Date" Value="2019-END"><Field Category="Phase">конец</Field> <Field Category="Year"><Restored Through="DCT" U_Class="6">года</Restored></Field></TE>, ее загерметизировали специальным составом. Это помогло избежать утечки из трубопровода.    Запуск «Протона-М» с разгонным блоком ДМ-03 и астрофизической космической обсерваторией «Спектр-РГ» прошел <TE Category="Date" Value="2019-07-13"><Field Category="Day">13</Field> <Field Category="MonthName"><Restored Through="DCT" U_Class="4">июля</Restored></Field></TE> с космодрома Байконур. Позже глава «Роскосмоса» Дмитрий Рогозин рассказал, что специалисты сумели устранить серьезные неполадки перед стартом ракеты. Он пообещал представить их к государственным наградам.    Изначально запуск «Спектра» был запланирован на <TE Category="Date" Value="2019-06-21"><Field Category="Day">21</Field> <Field Category="MonthName"><Restored Through="DCT" U_Class="4">июня</Restored></Field></TE>, однако в <Anchored To="DCT" U_Class="1-DA"><Field Category="Day"><TE Category="Date" Value="2019-06-21">тот день</TE></Field></Anchored> специалисты «выявили замечание», и старт перенесли. Сообщалось, что причиной сдвига старта стала разряженная батарея электросистемы космического аппарата, зарядка которой может потребовать снятия ракеты «Протон-М» со стартового комплекса и ее транспортировки в монтажно-испытательный корпус.    Астрофизическая обсерватория «Спектр-РГ» предназначена для проведения обзора всего неба в рентгеновском диапазоне электромагнитного спектра.    https://lenta.ru/news/2019/07/17/crack/</annotated>
    </text>
    <annotations>
      <annotation DayOfWeek="2019-W29-3" __Id="296" __Class="DocCreationTime" __From="1" __To="10"/>
      <annotation Category="Date" Value="2019-07-17" __Id="297" __Class="TE" __From="1" __To="10"/>
      <annotation Category="Phase" __Id="302" __Class="Field" __From="396" __To="400"/>
      <annotation Category="Date" Value="2019-06-END" __Id="303" __Class="TE" __From="396" __To="405"/>
      <annotation Category="MonthName" __Id="304" __Class="Field" __From="402" __To="405"/>
      <annotation Through="DCT" U_Class="4" __Id="305" __Class="Restored" __From="402" __To="405"/>
      <annotation Category="MonthName" __Id="308" __Class="Field" __From="630" __To="633"/>
      <annotation Through="DCT" U_Class="4" __Id="309" __Class="Restored" __From="630" __To="633"/>
      <annotation Category="Date" Value="2019-07" __Id="310" __Class="TE" __From="630" __To="633"/>
      <annotation Category="Phase" __Id="312" __Class="Field" __From="705" __To="709"/>
      <annotation Category="Date" Value="2019-END" __Id="313" __Class="TE" __From="705" __To="714"/>
      <annotation Category="Year" __Id="314" __Class="Field" __From="711" __To="714"/>
      <annotation Through="DCT" U_Class="6" __Id="315" __Class="Restored" __From="711" __To="714"/>
      <annotation Category="Day" __Id="318" __Class="Field" __From="915" __To="916"/>
      <annotation Category="Date" Value="2019-07-13" __Id="319" __Class="TE" __From="915" __To="921"/>
      <annotation Category="MonthName" __Id="320" __Class="Field" __From="918" __To="921"/>
      <annotation Through="DCT" U_Class="4" __Id="321" __Class="Restored" __From="918" __To="921"/>
      <annotation Category="Day" __Id="325" __Class="Field" __From="1179" __To="1180"/>
      <annotation Category="Date" Value="2019-06-21" __Id="326" __Class="TE" __From="1179" __To="1185"/>
      <annotation Category="MonthName" __Id="327" __Class="Field" __From="1182" __To="1185"/>
      <annotation Through="DCT" U_Class="4" __Id="328" __Class="Restored" __From="1182" __To="1185"/>
      <annotation To="DCT" U_Class="1-DA" __Id="329" __Class="Anchored" __From="1197" __To="1204"/>
      <annotation Category="Day" __Id="330" __Class="Field" __From="1197" __To="1204"/>
      <annotation Category="Date" Value="2019-06-21" __Id="331" __Class="TE" __From="1197" __To="1204"/>
    </annotations>
    <relations>
    </relations>
  </document>
</xml>
