<xml generator="AnnotationTools" format-version="1">
  <document>
    <text>
      <raw> ¶2020-06-29    ¶Греф назвал уровень падения российской экономики    ¶Уровень падения российской экономики в текущем году составит порядка 4,2-4,5 процента, если не случится вторая волна эпидемии коронавируса. Такие цифры в интервью ТАСС назвал глава Сбербанка Герман Греф.    ¶По его словам, в предыдущем прогнозе предполагалось, что ВВП России сократится на 6 или даже 9 процентов, в зависимости от того, как долго продлятся нерабочие дни. Глава Сбербанка подчеркнул, что российская экономика гораздо лучше переживает эту беспрецедентную ситуацию, чем можно было ожидать в самом начале.    ¶По степени сложности он сравнил ее с дефолтом 1998 года, который случился вскоре после прихода на пост главы правительства Сергея Кириенко, нынешнего замглавы администрации президента.    ¶Также Греф указал, что если число случаев заболевания начнет расти, то сложно будет предсказать курс рубля. Однако если этого не случится, то, как отметил глава Сбербанка, он доверяет оценкам, в которых на конец года стоимость нефти достигнет 60-62 долларов за баррель, а доллар снизится до 60 рублей.    ¶На прошлой неделе Международный валютный фонд (МВФ) выпустил доклад World Economic Outlook, в котором падение ВВП России в 2020 году оценивалось в 6,6 процента.    ¶https://lenta.ru/news/2020/06/29/vvp/</raw>
      <annotated> ¶<DocCreationTime><TE>2020-06-29</TE></DocCreationTime>    ¶Греф назвал уровень падения российской экономики    ¶Уровень падения российской экономики в <Anchored To="DCT"><Field Category="Year"><TE>текущем году</TE></Field></Anchored> составит порядка 4,2-4,5 процента, если не случится вторая волна эпидемии коронавируса. Такие цифры в интервью ТАСС назвал глава Сбербанка Герман Греф.    ¶По его словам, в предыдущем прогнозе предполагалось, что ВВП России сократится на 6 или даже 9 процентов, в зависимости от того, как долго продлятся нерабочие дни. Глава Сбербанка подчеркнул, что российская экономика гораздо лучше переживает эту беспрецедентную ситуацию, чем можно было ожидать в самом начале.    ¶По степени сложности он сравнил ее с дефолтом <Field Category="Year"><TE>1998 года</TE></Field>, который случился вскоре после прихода на пост главы правительства Сергея Кириенко, нынешнего замглавы администрации президента.    ¶Также Греф указал, что если число случаев заболевания начнет расти, то сложно будет предсказать курс рубля. Однако если этого не случится, то, как отметил глава Сбербанка, он доверяет оценкам, в которых на <TE><Field Category="Phase">конец</Field> <Field Category="Year"><Restored Through="DCT">года</Restored></Field></TE> стоимость нефти достигнет 60-62 долларов за баррель, а доллар снизится до 60 рублей.    ¶На <Anchored To="DCT"><Field Category="Week"><TE>прошлой неделе</TE></Field></Anchored> Международный валютный фонд (МВФ) выпустил доклад World Economic Outlook, в котором падение ВВП России в <Field Category="Year"><TE>2020 году</TE></Field> оценивалось в 6,6 процента.    ¶https://lenta.ru/news/2020/06/29/vvp/</annotated>
    </text>
    <annotations>
      <annotation DayOfWeek="2020-W27-1" __Id="255" __Class="DocCreationTime" __From="2" __To="11"/>
      <annotation Category="Date" Value="2020-06-29" __Id="256" __Class="TE" __From="2" __To="11"/>
      <annotation To="DCT" U_Class="1-D" __Id="259" __Class="Anchored" __From="109" __To="120"/>
      <annotation Category="Year" __Id="260" __Class="Field" __From="109" __To="120"/>
      <annotation Category="Date" Value="2020" __Id="261" __Class="TE" __From="109" __To="120"/>
      <annotation Category="Year" __Id="266" __Class="Field" __From="639" __To="647"/>
      <annotation Category="Date" Value="1998" __Id="267" __Class="TE" __From="639" __To="647"/>
      <annotation Category="Phase" __Id="270" __Class="Field" __From="988" __To="992"/>
      <annotation Category="Date" Value="2020-END" __Id="271" __Class="TE" __From="988" __To="997"/>
      <annotation Category="Year" __Id="272" __Class="Field" __From="994" __To="997"/>
      <annotation Through="DCT" U_Class="6" __Id="273" __Class="Restored" __From="994" __To="997"/>
      <annotation To="DCT" U_Class="1-D" __Id="275" __Class="Anchored" __From="1091" __To="1104"/>
      <annotation Category="Week" __Id="276" __Class="Field" __From="1091" __To="1104"/>
      <annotation Category="Date" Value="2020-W26" __Id="277" __Class="TE" __From="1091" __To="1104"/>
      <annotation Category="Year" __Id="278" __Class="Field" __From="1211" __To="1219"/>
      <annotation Category="Date" Value="2020" __Id="279" __Class="TE" __From="1211" __To="1219"/>
    </annotations>
    <relations>
    </relations>
  </document>
</xml>
