<xml generator="AnnotationTools" format-version="1">
  <document>
    <text>
      <raw> 2019-09-02    «Ангаре» высказали претензии    Нынешние характеристики космического ракетного комплекса «Ангара» не устраивают основного заказчика в лице российских военных. Об этом в интервью принадлежащей семье Демьяна Кудрявцева газете «Ведомости» заявил заместитель председателя правительства РФ Юрий Борисов.    По его словам, ракета не соответствует требованиям, которые к ней предъявляет Минобороны, а из-за срывов со стороны «Роскосмоса» было потеряно много времени. При этом Борисов отметил, что военное ведомство безальтернативно выбрало «Ангару» основным инструментом для формирования спутниковой группировки.    11 июня стало известно, что омский «Полет» (филиал московского «Центра Хруничева») сорвал сроки выпуска второй легкой и третьей тяжелой ракет семейства «Ангара». Согласно приказу, подписанному директором «Полета» Виктором Шулико, задержка по изготовлению носителей в 2019 году составляет от трех месяцев (в случае тяжелой «Ангары-А5») до года (вторая ступень легкой «Ангары-1.2»).    Пуск второй «Ангара-1.2» намечен на конец года, третьей «Ангары-А5» — на 2020 год. Второй старт «Ангары-А5» запланирован на декабрь.    Решение о начале работ над семейством «Ангара» принято в январе 1995 года. К настоящему времени такие ракеты совершили всего два полета (в легкой и тяжелой версиях в 2014 году), хотя согласно первоначальному плану первый пуск «Ангары» должен был произойти в 2005-м. Всего к 2014 году на создание «Ангары» у «Центра Хруничева», самого проблемного предприятия «Роскосмоса», ушло более трех миллиардов долларов. В настоящее время долговая нагрузка производителя российских тяжелых ракет превышает 80 миллиардов рублей. Годом ранее она превышала сто миллиардов рублей, однако за счет государственной поддержки ее удалось снизить.    https://lenta.ru/news/2019/09/02/angara/</raw>
      <annotated> <DocCreationTime DayOfWeek="2019-W36-1"><TE Category="Date" Value="2019-09-02">2019-09-02</TE></DocCreationTime>    «Ангаре» высказали претензии    Нынешние характеристики космического ракетного комплекса «Ангара» не устраивают основного заказчика в лице российских военных. Об этом в интервью принадлежащей семье Демьяна Кудрявцева газете «Ведомости» заявил заместитель председателя правительства РФ Юрий Борисов.    По его словам, ракета не соответствует требованиям, которые к ней предъявляет Минобороны, а из-за срывов со стороны «Роскосмоса» было потеряно много времени. При этом Борисов отметил, что военное ведомство безальтернативно выбрало «Ангару» основным инструментом для формирования спутниковой группировки.    <TE Category="Date" Value="2019-06-11"><Field Category="Day">11</Field> <Field Category="MonthName"><Restored Through="DCT" U_Class="4">июня</Restored></Field></TE> стало известно, что омский «Полет» (филиал московского «Центра Хруничева») сорвал сроки выпуска второй легкой и третьей тяжелой ракет семейства «Ангара». Согласно приказу, подписанному директором «Полета» Виктором Шулико, задержка по изготовлению носителей в <Field Category="Year"><TE Category="Date" Value="2019">2019 году</TE></Field> составляет от трех месяцев (в случае тяжелой «Ангары-А5») до года (вторая ступень легкой «Ангары-1.2»).    Пуск второй «Ангара-1.2» намечен на <TE Category="Date" Value="2019-END"><Field Category="Phase">конец</Field> <Field Category="Year"><Restored Through="DCT" U_Class="6">года</Restored></Field></TE>, третьей «Ангары-А5» — на <Field Category="Year"><TE Category="Date" Value="2020">2020 год</TE></Field>. Второй старт «Ангары-А5» запланирован на <Field Category="MonthName"><Restored Through="DCT" U_Class="4"><TE Category="Date" Value="2019-12">декабрь</TE></Restored></Field>.    Решение о начале работ над семейством «Ангара» принято в <TE Category="Date" Value="1995-01"><Field Category="MonthName">январе</Field> <Field Category="Year">1995 года</Field></TE>. К настоящему времени такие ракеты совершили всего два полета (в легкой и тяжелой версиях в <Field Category="Year"><TE Category="Date" Value="2014">2014 году</TE></Field>), хотя согласно первоначальному плану первый пуск «Ангары» должен был произойти в <Field Category="Year"><TE Category="Date" Value="2005">2005-м</TE></Field>. Всего к <Field Category="Year"><TE Category="Date" Value="2014">2014 году</TE></Field> на создание «Ангары» у «Центра Хруничева», самого проблемного предприятия «Роскосмоса», ушло более трех миллиардов долларов. В настоящее время долговая нагрузка производителя российских тяжелых ракет превышает 80 миллиардов рублей. <Anchored To="Text" U_Class="7-A"><TE Category="ShiftExp" Formula="BEFORE,Dur,DCT"><TE Category="Dur" Value="P1Y">Годом</TE> ранее</TE></Anchored> она превышала сто миллиардов рублей, однако за счет государственной поддержки ее удалось снизить.    https://lenta.ru/news/2019/09/02/angara/</annotated>
    </text>
    <annotations>
      <annotation DayOfWeek="2019-W36-1" __Id="360" __Class="DocCreationTime" __From="1" __To="10"/>
      <annotation Category="Date" Value="2019-09-02" __Id="361" __Class="TE" __From="1" __To="10"/>
      <annotation Category="Day" __Id="368" __Class="Field" __From="624" __To="625"/>
      <annotation Category="Date" Value="2019-06-11" __Id="369" __Class="TE" __From="624" __To="630"/>
      <annotation Category="MonthName" __Id="370" __Class="Field" __From="627" __To="630"/>
      <annotation Through="DCT" U_Class="4" __Id="371" __Class="Restored" __From="627" __To="630"/>
      <annotation Category="Year" __Id="373" __Class="Field" __From="891" __To="899"/>
      <annotation Category="Date" Value="2019" __Id="374" __Class="TE" __From="891" __To="899"/>
      <annotation Category="Phase" __Id="376" __Class="Field" __From="1044" __To="1048"/>
      <annotation Category="Date" Value="2019-END" __Id="377" __Class="TE" __From="1044" __To="1053"/>
      <annotation Category="Year" __Id="378" __Class="Field" __From="1050" __To="1053"/>
      <annotation Through="DCT" U_Class="6" __Id="379" __Class="Restored" __From="1050" __To="1053"/>
      <annotation Category="Year" __Id="380" __Class="Field" __From="1081" __To="1088"/>
      <annotation Category="Date" Value="2020" __Id="381" __Class="TE" __From="1081" __To="1088"/>
      <annotation Category="MonthName" __Id="383" __Class="Field" __From="1132" __To="1138"/>
      <annotation Through="DCT" U_Class="4" __Id="384" __Class="Restored" __From="1132" __To="1138"/>
      <annotation Category="Date" Value="2019-12" __Id="385" __Class="TE" __From="1132" __To="1138"/>
      <annotation Category="MonthName" __Id="387" __Class="Field" __From="1201" __To="1206"/>
      <annotation Category="Date" Value="1995-01" __Id="388" __Class="TE" __From="1201" __To="1216"/>
      <annotation Category="Year" __Id="389" __Class="Field" __From="1208" __To="1216"/>
      <annotation Category="Year" __Id="391" __Class="Field" __From="1310" __To="1318"/>
      <annotation Category="Date" Value="2014" __Id="392" __Class="TE" __From="1310" __To="1318"/>
      <annotation Category="Year" __Id="393" __Class="Field" __From="1402" __To="1407"/>
      <annotation Category="Date" Value="2005" __Id="394" __Class="TE" __From="1402" __To="1407"/>
      <annotation Category="Year" __Id="395" __Class="Field" __From="1418" __To="1426"/>
      <annotation Category="Date" Value="2014" __Id="396" __Class="TE" __From="1418" __To="1426"/>
      <annotation To="Text" U_Class="7-A" __Id="398" __Class="Anchored" __From="1660" __To="1670"/>
      <annotation Category="ShiftExp" Formula="BEFORE,Dur,DCT" __Id="400" __Class="TE" __From="1660" __To="1670"/>
      <annotation Category="Dur" Value="P1Y" __Id="401" __Class="TE" __From="1660" __To="1664"/>
    </annotations>
    <relations>
    </relations>
  </document>
</xml>
