<xml generator="AnnotationTools" format-version="1">
  <document>
    <text>
      <raw> 2016-11-07    Швейцарское секс-кафе заменит проституток роботами    Швейцарское секс-кафе намерено использовать роботов вместо проституток, чтобы обойти препятствующие его работе законодательные ограничения. Об этом сообщает издание The Daily Meal.    Открытие заведения, где можно заказать не только кофе, но и оральный секс, может задержаться из-за юридических трудностей. Хотя в Швейцарии разрешена проституция, закон не позволяет совмещать общественное питание с оказанием секс-услуг.    Автор идеи — предприниматель Брэдли Шарве (Bradley Charvet) — надеется, что проблему решит замена проституток роботами. Он уже ведет переговоры о приобретении высокотехнологичных секс-кукол стоимостью от 1,8 тысячи до 3 тысяч долларов.    Новый план пока не получил одобрения швейцарских властей. Несмотря на это, открытие секс-кафе по-прежнему намечено на конец года. Стоимость одного напитка в заведении составит около 60 швейцарских франков (61 доллар).    Ранее сообщалось, что производитель секс-кукол RealDoll разрабатывает модель с искусственным интеллектом. Ожидается, что она поступит в продажу в 2017 году и будет стоить не менее 10 тысяч долларов.    https://lenta.ru/news/2016/11/07/sex robots/</raw>
      <annotated> <DocCreationTime DayOfWeek="2016-W45-1"><TE Category="Date" Value="2016-11-07">2016-11-07</TE></DocCreationTime>    Швейцарское секс-кафе заменит проституток роботами    Швейцарское секс-кафе намерено использовать роботов вместо проституток, чтобы обойти препятствующие его работе законодательные ограничения. Об этом сообщает издание The Daily Meal.    Открытие заведения, где можно заказать не только кофе, но и оральный секс, может задержаться из-за юридических трудностей. Хотя в Швейцарии разрешена проституция, закон не позволяет совмещать общественное питание с оказанием секс-услуг.    Автор идеи — предприниматель Брэдли Шарве (Bradley Charvet) — надеется, что проблему решит замена проституток роботами. Он уже ведет переговоры о приобретении высокотехнологичных секс-кукол стоимостью от 1,8 тысячи до 3 тысяч долларов.    Новый план пока не получил одобрения швейцарских властей. Несмотря на это, открытие секс-кафе по-прежнему намечено на <TE Category="Date" Value="2016-END"><Field Category="Phase">конец</Field> <Field Category="Year"><Restored Through="DCT" U_Class="6">года</Restored></Field></TE>. Стоимость одного напитка в заведении составит около 60 швейцарских франков (61 доллар).    Ранее сообщалось, что производитель секс-кукол RealDoll разрабатывает модель с искусственным интеллектом. Ожидается, что она поступит в продажу в <Field Category="Year"><TE Category="Date" Value="2017">2017 году</TE></Field> и будет стоить не менее 10 тысяч долларов.    https://lenta.ru/news/2016/11/07/sex robots/</annotated>
    </text>
    <annotations>
      <annotation DayOfWeek="2016-W45-1" __Id="220" __Class="DocCreationTime" __From="1" __To="10"/>
      <annotation Category="Date" Value="2016-11-07" __Id="221" __Class="TE" __From="1" __To="10"/>
      <annotation Category="Phase" __Id="231" __Class="Field" __From="850" __To="854"/>
      <annotation Category="Date" Value="2016-END" __Id="232" __Class="TE" __From="850" __To="859"/>
      <annotation Category="Year" __Id="233" __Class="Field" __From="856" __To="859"/>
      <annotation Through="DCT" U_Class="6" __Id="234" __Class="Restored" __From="856" __To="859"/>
      <annotation Category="Year" __Id="238" __Class="Field" __From="1099" __To="1107"/>
      <annotation Category="Date" Value="2017" __Id="239" __Class="TE" __From="1099" __To="1107"/>
    </annotations>
    <relations>
    </relations>
  </document>
</xml>
