<xml generator="AnnotationTools" format-version="1">
  <document>
    <text>
      <raw> ¶2012-08-22    ¶В Кургане 58,5% жилого фонда готово к зиме    ¶Из 1.958 многоквартирных домов Кургана, имеющих централизованное отопление, к приему тепла готовы 1.148 зданий, что составляет порядка 58,5%. Для сравнения - в аналогичный период 2011 года процент готовности жилфонда к зиме не превышал 46%. Об этом 22 августа сообщили корреспонденту ИА REGNUM в пресс-службе администрации Кургана.    ¶По словам директора Департамента жилищно-коммунального хозяйства и строительства Михаила Дубанича, подготовка к зиме началась в мае месяце, почти сразу после завершения предыдущего отопительного периода. Сейчас она проходит в рабочем режиме. Товарищества собственников жилья и жилищно-строительные кооперативы завершили подготовительные процедуры на 65%. Из 36 управляющих организаций шесть полностью подготовили вверенный им жилищный фонд к холодам. Большинство остальных УК действуют в соответствии с утвержденными графиками.    ¶Однако есть и такие коммунальщики, которые &quot;забыли&quot; о своих обязанностях, к примеру, ООО &quot;ЖЭО &quot;Фортуна&quot;. Городские власти уже направили письмо в прокуратуру с просьбой обратить особое внимание на бездействие данной компании.    ¶Подготовка объектов социальной сферы близится к завершению. Михаил Дубанич отметил, что к началу учебного года ремонтные работы во всех школах и детских садах будут выполнены.    ¶В целом, заключил директор Департамента жилищно-коммунального хозяйства и строительства, подготовка объектов ЖКХ и соцсферы к эксплуатации в осенне-зимний период походит под пристальным контролем городских властей. Перед всеми службами жизнеобеспечения города поставлена задача - завершить работы к 15 сентября.    ¶https://regnum.ru/news/economy/1563599.html</raw>
      <annotated> ¶<DocCreationTime><TE>2012-08-22</TE></DocCreationTime>    ¶В Кургане 58,5% жилого фонда готово к <Field Category="Season"><Restored Through="DCT"><TE>зиме</TE></Restored></Field>    ¶Из 1.958 многоквартирных домов Кургана, имеющих централизованное отопление, к приему тепла готовы 1.148 зданий, что составляет порядка 58,5%. Для сравнения - в аналогичный период <Field Category="Year"><TE>2011 года</TE></Field> процент готовности жилфонда к <Field Category="Season"><Restored Through="DCT"><TE>зиме</TE></Restored></Field> не превышал 46%. Об этом <TE><Field Category="Day">22</Field> <Field Category="MonthName"><Restored Through="DCT">августа</Restored></Field></TE> сообщили корреспонденту ИА REGNUM в пресс-службе администрации Кургана.    ¶По словам директора Департамента жилищно-коммунального хозяйства и строительства Михаила Дубанича, подготовка к <Field Category="Season"><Restored Through="DCT"><TE>зиме</TE></Restored></Field> началась в <Field Category="MonthName"><TE><Restored Through="DCT">мае</Restored> <Restored Through="DCT">месяце</Restored></TE></Field>, почти сразу после завершения предыдущего отопительного периода. Сейчас она проходит в рабочем режиме. Товарищества собственников жилья и жилищно-строительные кооперативы завершили подготовительные процедуры на 65%. Из 36 управляющих организаций шесть полностью подготовили вверенный им жилищный фонд к холодам. Большинство остальных УК действуют в соответствии с утвержденными графиками.    ¶Однако есть и такие коммунальщики, которые &quot;забыли&quot; о своих обязанностях, к примеру, ООО &quot;ЖЭО &quot;Фортуна&quot;. Городские власти уже направили письмо в прокуратуру с просьбой обратить особое внимание на бездействие данной компании.    ¶Подготовка объектов социальной сферы близится к завершению. Михаил Дубанич отметил, что к началу учебного года ремонтные работы во всех школах и детских садах будут выполнены.    ¶В целом, заключил директор Департамента жилищно-коммунального хозяйства и строительства, подготовка объектов ЖКХ и соцсферы к эксплуатации в осенне-зимний период походит под пристальным контролем городских властей. Перед всеми службами жизнеобеспечения города поставлена задача - завершить работы к <TE><Field Category="Day">15</Field> <Field Category="MonthName"><Restored Through="DCT">сентября</Restored></Field></TE>.    ¶https://regnum.ru/news/economy/1563599.html</annotated>
    </text>
    <annotations>
      <annotation DayOfWeek="2012-W34-3" __Id="299" __Class="DocCreationTime" __From="2" __To="11"/>
      <annotation Category="Date" Value="2012-08-22" __Id="300" __Class="TE" __From="2" __To="11"/>
      <annotation Category="Season" __Id="302" __Class="Field" __From="55" __To="58"/>
      <annotation Through="DCT" U_Class="4" __Id="303" __Class="Restored" __From="55" __To="58"/>
      <annotation Category="Date" Value="2012-WI" __Id="304" __Class="TE" __From="55" __To="58"/>
      <annotation Category="Year" __Id="307" __Class="Field" __From="243" __To="251"/>
      <annotation Category="Date" Value="2011" __Id="308" __Class="TE" __From="243" __To="251"/>
      <annotation Category="Season" __Id="309" __Class="Field" __From="283" __To="286"/>
      <annotation Through="DCT" U_Class="4" __Id="310" __Class="Restored" __From="283" __To="286"/>
      <annotation Category="Date" Value="2011-WI" __Id="311" __Class="TE" __From="283" __To="286"/>
      <annotation Category="Day" __Id="313" __Class="Field" __From="313" __To="314"/>
      <annotation Category="Date" Value="2012-08-22" __Id="314" __Class="TE" __From="313" __To="322"/>
      <annotation Category="MonthName" __Id="315" __Class="Field" __From="316" __To="322"/>
      <annotation Through="DCT" U_Class="4" __Id="316" __Class="Restored" __From="316" __To="322"/>
      <annotation Category="Season" __Id="318" __Class="Field" __From="512" __To="515"/>
      <annotation Through="DCT" U_Class="4" __Id="319" __Class="Restored" __From="512" __To="515"/>
      <annotation Category="Date" Value="2012-WI" __Id="320" __Class="TE" __From="512" __To="515"/>
      <annotation Category="MonthName" __Id="321" __Class="Field" __From="528" __To="537"/>
      <annotation Through="DCT" U_Class="4" __Id="322" __Class="Restored" __From="528" __To="530"/>
      <annotation Category="Date" Value="2012-05" __Id="323" __Class="TE" __From="528" __To="537"/>
      <annotation Through="DCT" U_Class="6" __Id="324" __Class="Restored" __From="532" __To="537"/>
      <annotation Category="Day" __Id="335" __Class="Field" __From="1665" __To="1666"/>
      <annotation Category="Date" Value="2012-09-15" __Id="336" __Class="TE" __From="1665" __To="1675"/>
      <annotation Category="MonthName" __Id="337" __Class="Field" __From="1668" __To="1675"/>
      <annotation Through="DCT" U_Class="4" __Id="338" __Class="Restored" __From="1668" __To="1675"/>
    </annotations>
    <relations>
    </relations>
  </document>
</xml>
