<xml generator="AnnotationTools" format-version="1">
  <document>
    <text>
      <raw> 2020-08-24    Президент Бразилии захотел «дать по морде» журналисту после вопроса о коррупции    Президент Бразилии Жаир Болсонару пригрозил ударить репортера по лицу после вопроса о коррупционном деле вокруг его семьи. Об этом сообщает Fox News.    Бразильский журналист решил задать вопрос президенту о средствах в размере 72 тысячи реалов (почти 13 тысяч долларов), которые бывший помощник сына-сенатора Болсонару Фабрисио Кейрос перевел с 2011 по 2017 годы на счета его жены, Мишель Болсонару. «Мне хочется дать тебе по морде, окей?» — отреагировал на вопрос репортера бразильский лидер.    Известно, что в данный момент ведется разбирательство в отношении экономических преступлений Кейроса, который находится под домашним арестом.    В мае Федеральный верховный суд Бразилии заподозрил президента в превышении полномочий и вмешательстве в деятельность органов следствия. 24 апреля в отставку подал министр юстиции и общественной безопасности Сержиу Мору. Он был назначен Болсонару на этот пост для борьбы с коррупцией, а ушел после увольнения президентом главы федеральной полиции. Мору считает, что президент Бразилии таким образом хотел помешать расследованию уголовных дел с участием его сыновей. После этого судья Федерального суда Селсу ди Мелу одобрил расследование в отношении Болсонару из-за публичных обвинений в использовании служебного положения в личных целях.    https://lenta.ru/news/2020/08/24/bols/</raw>
      <annotated> <DocCreationTime><TE>2020-08-24</TE></DocCreationTime>    Президент Бразилии захотел «дать по морде» журналисту после вопроса о коррупции    Президент Бразилии Жаир Болсонару пригрозил ударить репортера по лицу после вопроса о коррупционном деле вокруг его семьи. Об этом сообщает Fox News.    Бразильский журналист решил задать вопрос президенту о средствах в размере 72 тысячи реалов (почти 13 тысяч долларов), которые бывший помощник сына-сенатора Болсонару Фабрисио Кейрос перевел с <Field Category="Year"><TE>2011</TE></Field> по <Field Category="Year"><TE>2017 годы</TE></Field> на счета его жены, Мишель Болсонару. «Мне хочется дать тебе по морде, окей?» — отреагировал на вопрос репортера бразильский лидер.    Известно, что в данный момент ведется разбирательство в отношении экономических преступлений Кейроса, который находится под домашним арестом.    В <Field Category="MonthName"><Restored Through="DCT"><TE>мае</TE></Restored></Field> Федеральный верховный суд Бразилии заподозрил президента в превышении полномочий и вмешательстве в деятельность органов следствия. <TE><Field Category="Day">24</Field> <Field Category="MonthName"><Restored Through="DCT">апреля</Restored></Field></TE> в отставку подал министр юстиции и общественной безопасности Сержиу Мору. Он был назначен Болсонару на этот пост для борьбы с коррупцией, а ушел после увольнения президентом главы федеральной полиции. Мору считает, что президент Бразилии таким образом хотел помешать расследованию уголовных дел с участием его сыновей. После этого судья Федерального суда Селсу ди Мелу одобрил расследование в отношении Болсонару из-за публичных обвинений в использовании служебного положения в личных целях.    https://lenta.ru/news/2020/08/24/bols/</annotated>
    </text>
    <annotations>
      <annotation DayOfWeek="2020-W35-1" __Id="255" __Class="DocCreationTime" __From="1" __To="10"/>
      <annotation Category="Date" Value="2020-08-24" __Id="256" __Class="TE" __From="1" __To="10"/>
      <annotation Category="Year" __Id="261" __Class="Field" __From="444" __To="447"/>
      <annotation Category="Date" Value="2011" __Id="262" __Class="TE" __From="444" __To="447"/>
      <annotation Category="Year" __Id="263" __Class="Field" __From="452" __To="460"/>
      <annotation Category="Date" Value="2017" __Id="264" __Class="TE" __From="452" __To="460"/>
      <annotation Category="MonthName" __Id="268" __Class="Field" __From="743" __To="745"/>
      <annotation Through="DCT" U_Class="4" __Id="269" __Class="Restored" __From="743" __To="745"/>
      <annotation Category="Date" Value="2020-05" __Id="270" __Class="TE" __From="743" __To="745"/>
      <annotation Category="Day" __Id="271" __Class="Field" __From="878" __To="879"/>
      <annotation Category="Date" Value="2020-04-24" __Id="273" __Class="TE" __From="878" __To="886"/>
      <annotation Category="MonthName" __Id="274" __Class="Field" __From="881" __To="886"/>
      <annotation Through="DCT" U_Class="4" __Id="275" __Class="Restored" __From="881" __To="886"/>
    </annotations>
    <relations>
    </relations>
  </document>
</xml>
