<xml generator="AnnotationTools" format-version="1">
  <document>
    <text>
      <raw> 2012-06-04    Куликов извинился перед Суходольским за заявления в СМИ - адвокат    Экс-глава МВД России Анатолий Куликов направил извинения за заявления в СМИ о &quot;якобы коррупционной наклонности&quot; бывшего первого замминистра внутренних дел РФ, отстраненного от должности главы полиции Санкт-Петербурга и Ленинградской области Михаила Суходольского, сообщил адвокат Павел Зайцев.    Экс-глава МВД России Анатолий Куликов направил извинения за заявления в СМИ о &quot;якобы коррупционной наклонности&quot; бывшего первого замминистра внутренних дел РФ, отстраненного от должности главы полиции Санкт-Петербурга и Ленинградской области Михаила Суходольского, сообщил в понедельник агентству РАПСИ адвокат Павел Зайцев, представляющий интересы семьи Суходольских.    &quot;Возможно, что я был введен относительно Суходольского М.И. неизвестными лицами в заблуждение. За время моей работы в МВД России данных, компрометирующих Суходольского М.И., я не получал&quot;, - говорится в обращении экс-министра.    По словам адвоката, экс-министр направил представителю Суходольского соответствующее письмо с извинениями в ответ на его сообщение о намерении подать иск в связи с заявлениями, прозвучавшими в эфире НТВ в начале апреля. Тогда Куликов заявлял, что Суходольский, будучи еще оперативным сотрудником Таганского отдела милиции, ездил на подаренном ему автомобиле Jeep Grand Cherokee.    Суходольский намеревался взыскать компенсацию морального вреда в размере стоимости машины Jeep Grand Cherokee.    &quot;Теперь иск подан не будет&quot;, - отметил адвокат, уточнив, что извинения экс-министра удовлетворили его клиента.    Летом 2011 года Михаил Суходольский, ранее бывший первым замминистра внутренних дел России, был назначен руководителем петербургского главка ведомства. В феврале после скандала в петербургской полиции (один из местных стражей закона, по данным следствия, до смерти избил подростка) в северную столицу приехала инспекция центрального аппарата МВД РФ. По итогам ее работы Суходольский был освобожден от должности начальника ГУМВД по Санкт-Петербургу и Ленинградской области.    В начале апреля в СМИ со ссылкой на следователя по делу главы ФГУП &quot;Охрана&quot; появились данные, что Суходольский угрожал фигурантам этого дела. Сам бывший первый замглавы МВД РФ отверг эти данные - в беседе с агентством РАПСИ он заявил, что &quot;не возмущен - а поражен&quot; такими заявлениями.    https://ria.ru/20120604/664853670.html</raw>
      <annotated> <DocCreationTime DayOfWeek="2012-W23-1"><TE Category="Date" Value="2012-06-04">2012-06-04</TE></DocCreationTime>    Куликов извинился перед Суходольским за заявления в СМИ - адвокат    Экс-глава МВД России Анатолий Куликов направил извинения за заявления в СМИ о &quot;якобы коррупционной наклонности&quot; бывшего первого замминистра внутренних дел РФ, отстраненного от должности главы полиции Санкт-Петербурга и Ленинградской области Михаила Суходольского, сообщил адвокат Павел Зайцев.    Экс-глава МВД России Анатолий Куликов направил извинения за заявления в СМИ о &quot;якобы коррупционной наклонности&quot; бывшего первого замминистра внутренних дел РФ, отстраненного от должности главы полиции Санкт-Петербурга и Ленинградской области Михаила Суходольского, сообщил в <Field Category="DayOfWeek"><Restored Through="DCT" U_Class="4"><TE Category="Date" Value="2012-W23-1">понедельник</TE></Restored></Field> агентству РАПСИ адвокат Павел Зайцев, представляющий интересы семьи Суходольских.    &quot;Возможно, что я был введен относительно Суходольского М.И. неизвестными лицами в заблуждение. За время моей работы в МВД России данных, компрометирующих Суходольского М.И., я не получал&quot;, - говорится в обращении экс-министра.    По словам адвоката, экс-министр направил представителю Суходольского соответствующее письмо с извинениями в ответ на его сообщение о намерении подать иск в связи с заявлениями, прозвучавшими в эфире НТВ в <TE Category="Date" Value="2012-04-START"><Field Category="Phase">начале</Field> <Field Category="MonthName"><Restored Through="DCT" U_Class="4">апреля</Restored></Field></TE>. Тогда Куликов заявлял, что Суходольский, будучи еще оперативным сотрудником Таганского отдела милиции, ездил на подаренном ему автомобиле Jeep Grand Cherokee.    Суходольский намеревался взыскать компенсацию морального вреда в размере стоимости машины Jeep Grand Cherokee.    &quot;Теперь иск подан не будет&quot;, - отметил адвокат, уточнив, что извинения экс-министра удовлетворили его клиента.    <TE Category="Date" Value="2011-SU"><Field Category="Season">Летом</Field> <Field Category="Year">2011 года</Field></TE> Михаил Суходольский, ранее бывший первым замминистра внутренних дел России, был назначен руководителем петербургского главка ведомства. В <Field Category="MonthName"><Restored Through="DCT" U_Class="4"><TE Category="Date" Value="2012-02">феврале</TE></Restored></Field> после скандала в петербургской полиции (один из местных стражей закона, по данным следствия, до смерти избил подростка) в северную столицу приехала инспекция центрального аппарата МВД РФ. По итогам ее работы Суходольский был освобожден от должности начальника ГУМВД по Санкт-Петербургу и Ленинградской области.    В <TE Category="Date" Value="2012-04-START"><Field Category="Phase">начале</Field> <Field Category="MonthName"><Restored Through="DCT" U_Class="4">апреля</Restored></Field></TE> в СМИ со ссылкой на следователя по делу главы ФГУП &quot;Охрана&quot; появились данные, что Суходольский угрожал фигурантам этого дела. Сам бывший первый замглавы МВД РФ отверг эти данные - в беседе с агентством РАПСИ он заявил, что &quot;не возмущен - а поражен&quot; такими заявлениями.    https://ria.ru/20120604/664853670.html</annotated>
    </text>
    <annotations>
      <annotation DayOfWeek="2012-W23-1" __Id="411" __Class="DocCreationTime" __From="1" __To="10"/>
      <annotation Category="Date" Value="2012-06-04" __Id="412" __Class="TE" __From="1" __To="10"/>
      <annotation Category="DayOfWeek" __Id="416" __Class="Field" __From="675" __To="685"/>
      <annotation Through="DCT" U_Class="4" __Id="417" __Class="Restored" __From="675" __To="685"/>
      <annotation Category="Date" Value="2012-W23-1" __Id="418" __Class="TE" __From="675" __To="685"/>
      <annotation Category="Phase" __Id="422" __Class="Field" __From="1217" __To="1222"/>
      <annotation Category="Date" Value="2012-04-START" __Id="423" __Class="TE" __From="1217" __To="1229"/>
      <annotation Category="MonthName" __Id="424" __Class="Field" __From="1224" __To="1229"/>
      <annotation Through="DCT" U_Class="4" __Id="425" __Class="Restored" __From="1224" __To="1229"/>
      <annotation Category="Season" __Id="430" __Class="Field" __From="1632" __To="1636"/>
      <annotation Category="Date" Value="2011-SU" __Id="431" __Class="TE" __From="1632" __To="1646"/>
      <annotation Category="Year" __Id="432" __Class="Field" __From="1638" __To="1646"/>
      <annotation Category="MonthName" __Id="434" __Class="Field" __From="1786" __To="1792"/>
      <annotation Through="DCT" U_Class="4" __Id="435" __Class="Restored" __From="1786" __To="1792"/>
      <annotation Category="Date" Value="2012-02" __Id="436" __Class="TE" __From="1786" __To="1792"/>
      <annotation Category="Phase" __Id="439" __Class="Field" __From="2110" __To="2115"/>
      <annotation Category="Date" Value="2012-04-START" __Id="440" __Class="TE" __From="2110" __To="2122"/>
      <annotation Category="MonthName" __Id="441" __Class="Field" __From="2117" __To="2122"/>
      <annotation Through="DCT" U_Class="4" __Id="442" __Class="Restored" __From="2117" __To="2122"/>
    </annotations>
    <relations>
    </relations>
  </document>
</xml>
