<xml generator="AnnotationTools" format-version="1">
  <document>
    <text>
      <raw> ¶2020-09-22    ¶Фондовый рынок США сел на качели    ¶Фондовый рынок США переживает период небывалой нестабильности и фактически сел на качели, считают опрошенные CNBC аналитики. В настоящий момент основные индексы демонстрируют спад, однако уже в скором будущем его может сменить новый виток роста котировок.    ¶Торговая сессия 21 сентября была ознаменована падением рынка почти на 20 процентов. Исключением стали акции некоторых технологических компаний, включая Apple, которым удалось стабилизироваться. Снижение было вызвано масштабной распродажей на фоне опасений инвесторов относительно дальнейшего падения экономики из-за коронавируса. Неопределенность усиливают новости о резком росте числа зараженных в Европе, предвыборная президентская кампания в США и противостояние между демократами и республиканцами после смерти судьи Верховного суда Рут Гинзбург.    ¶Наибольший спад был отмечен в так называемом циклическом секторе — среди компаний, деятельность которых сильно зависит от общего состояния экономики и фазы цикла, в которой она пребывает. К ним относятся транспортные предприятия, а также компании из сферы развлечений. Кроме того, снижались котировки энергетических и обрабатывающих компаний.    ¶Аналитики уже сравнивают нынешний спад с тем, что имел место в начале и середине сентября. Тогда главными пострадавшими оказались технологические компании, которые сейчас демонстрируют устойчивость к потрясениям.    ¶При этом финансисты уже прогнозируют скорое восстановление рынка, которое будет связано в том числе с окончанием сентября, традиционно считающегося одним из худших месяцев в году для инвесторов. Многие из них под конец квартала будут пересматривать состав портфелей, создавая спрос на отдельные бумаги.    ¶https://lenta.ru/news/2020/09/22/down up/</raw>
      <annotated> ¶<DocCreationTime><TE>2020-09-22</TE></DocCreationTime>    ¶Фондовый рынок США сел на качели    ¶Фондовый рынок США переживает период небывалой нестабильности и фактически сел на качели, считают опрошенные CNBC аналитики. В настоящий момент основные индексы демонстрируют спад, однако уже в скором будущем его может сменить новый виток роста котировок.    ¶Торговая сессия <TE><Field Category="Day">21</Field> <Field Category="MonthName"><Restored Through="DCT">сентября</Restored></Field></TE> была ознаменована падением рынка почти на 20 процентов. Исключением стали акции некоторых технологических компаний, включая Apple, которым удалось стабилизироваться. Снижение было вызвано масштабной распродажей на фоне опасений инвесторов относительно дальнейшего падения экономики из-за коронавируса. Неопределенность усиливают новости о резком росте числа зараженных в Европе, предвыборная президентская кампания в США и противостояние между демократами и республиканцами после смерти судьи Верховного суда Рут Гинзбург.    ¶Наибольший спад был отмечен в так называемом циклическом секторе — среди компаний, деятельность которых сильно зависит от общего состояния экономики и фазы цикла, в которой она пребывает. К ним относятся транспортные предприятия, а также компании из сферы развлечений. Кроме того, снижались котировки энергетических и обрабатывающих компаний.    ¶Аналитики уже сравнивают нынешний спад с тем, что имел место в <TE>начале</TE> и <TE><Field Category="Phase">середине</Field> <Field Category="MonthName"><Restored Through="DCT">сентября</Restored></Field></TE>. Тогда главными пострадавшими оказались технологические компании, которые сейчас демонстрируют устойчивость к потрясениям.    ¶При этом финансисты уже прогнозируют скорое восстановление рынка, которое будет связано в том числе с окончанием <Field Category="MonthName"><Restored Through="DCT"><TE>сентября</TE></Restored></Field>, традиционно считающегося одним из худших месяцев в году для инвесторов. Многие из них под <TE><Field Category="Phase">конец</Field> <Field Category="Quarter"><Restored Through="DCT">квартала</Restored></Field></TE> будут пересматривать состав портфелей, создавая спрос на отдельные бумаги.    ¶https://lenta.ru/news/2020/09/22/down up/</annotated>
    </text>
    <annotations>
      <annotation DayOfWeek="2020-W39-2" __Id="298" __Class="DocCreationTime" __From="2" __To="11"/>
      <annotation Category="Date" Value="2020-09-22" __Id="299" __Class="TE" __From="2" __To="11"/>
      <annotation Category="Day" __Id="304" __Class="Field" __From="330" __To="331"/>
      <annotation Category="Date" Value="2020-09-21" __Id="305" __Class="TE" __From="330" __To="340"/>
      <annotation Category="MonthName" __Id="306" __Class="Field" __From="333" __To="340"/>
      <annotation Through="DCT" U_Class="4" __Id="307" __Class="Restored" __From="333" __To="340"/>
      <annotation Category="Date" Value="2020-09-START" __Id="315" __Class="TE" __From="1279" __To="1284"/>
      <annotation Category="Phase" __Id="316" __Class="Field" __From="1288" __To="1295"/>
      <annotation Category="Date" Value="2020-09-MID" __Id="317" __Class="TE" __From="1288" __To="1304"/>
      <annotation Category="MonthName" __Id="318" __Class="Field" __From="1297" __To="1304"/>
      <annotation Through="DCT" U_Class="4" __Id="319" __Class="Restored" __From="1297" __To="1304"/>
      <annotation Category="MonthName" __Id="322" __Class="Field" __From="1546" __To="1553"/>
      <annotation Through="DCT" U_Class="4" __Id="323" __Class="Restored" __From="1546" __To="1553"/>
      <annotation Category="Date" Value="2020-09" __Id="324" __Class="TE" __From="1546" __To="1553"/>
      <annotation Category="Phase" __Id="326" __Class="Field" __From="1646" __To="1650"/>
      <annotation Category="Date" Value="2020-Q3-END" __Id="327" __Class="TE" __From="1646" __To="1659"/>
      <annotation Category="Quarter" __Id="328" __Class="Field" __From="1652" __To="1659"/>
      <annotation Through="DCT" U_Class="6" __Id="329" __Class="Restored" __From="1652" __To="1659"/>
    </annotations>
    <relations>
    </relations>
  </document>
</xml>
