<xml generator="AnnotationTools" format-version="1">
  <document>
    <text>
      <raw> ¶2020-09-02    ¶Обвиненного в госизмене Ивана Сафронова оставили в СИЗО до декабря    ¶Обвиняемый в государственной измене журналист и советник главы «Роскосмоса» Иван Сафронов будет находиться в СИЗО до 7 декабря — его арест продлен на три месяца и одни сутки. Об этом в среду, 2 сентября, со ссылкой на решение Лефортовского суда Москвы сообщает ТАСС.    ¶Судебное заседание о продлении Сафронову меры пресечения проходило в закрытом режиме, поскольку его дело имеет гриф «секретно».    ¶ФСБ задержала бывшего журналиста за госизмену. Его обвиняют в передаче НАТО российских секретов    ¶1 сентября сообщалось, что Сафронов предоставил образцы голоса для проведения фоноскопической экспертизы в рамках расследования уголовного дела.    ¶Как пояснил генерал Федеральной службы безопасности (ФСБ) России в запасе Александр Михайлов, назначение такой экспертизы — вполне ожидаемое и необходимое следственное действие.    ¶«Очевидно, что в рамках технических действий были зафиксированы и какие-то диалоги»,— пояснил эксперт. Выводы следователей необходимо закрепить экспертными заключениями, чтобы исключить возможность искажения голоса и монтажа записи, отметил Михайлов.    ¶Ивана Сафронова задержали 7 июля и арестовали на два месяца. В ФСБ заявляют, что его завербовала в 2012 году чешская спецслужба, по заданию которой он якобы передал ее представителю в 2017 году информацию, составляющую гостайну. Сафронов своей вины не признает.    ¶https://lenta.ru/news/2020/09/02/safronov/</raw>
      <annotated> ¶<DocCreationTime><TE>2020-09-02</TE></DocCreationTime>    ¶Обвиненного в госизмене Ивана Сафронова оставили в СИЗО до <Field Category="MonthName"><Restored Through="DCT"><TE>декабря</TE></Restored></Field>    ¶Обвиняемый в государственной измене журналист и советник главы «Роскосмоса» Иван Сафронов будет находиться в СИЗО до <TE><Field Category="Day">7</Field> <Field Category="MonthName"><Restored Through="DCT">декабря</Restored></Field></TE> — его арест продлен на <TE>три месяца и одни сутки</TE>. Об этом в <Field Category="DayOfWeek"><Restored Through="DCT"><TE>среду</TE></Restored></Field>, <TE><Field Category="Day">2</Field> <Field Category="MonthName"><Restored Through="DCT">сентября</Restored></Field></TE>, со ссылкой на решение Лефортовского суда Москвы сообщает ТАСС.    ¶Судебное заседание о продлении Сафронову меры пресечения проходило в закрытом режиме, поскольку его дело имеет гриф «секретно».    ¶ФСБ задержала бывшего журналиста за госизмену. Его обвиняют в передаче НАТО российских секретов    ¶<TE><Field Category="Day">1</Field> <Field Category="MonthName"><Restored Through="DCT">сентября</Restored></Field></TE> сообщалось, что Сафронов предоставил образцы голоса для проведения фоноскопической экспертизы в рамках расследования уголовного дела.    ¶Как пояснил генерал Федеральной службы безопасности (ФСБ) России в запасе Александр Михайлов, назначение такой экспертизы — вполне ожидаемое и необходимое следственное действие.    ¶«Очевидно, что в рамках технических действий были зафиксированы и какие-то диалоги»,— пояснил эксперт. Выводы следователей необходимо закрепить экспертными заключениями, чтобы исключить возможность искажения голоса и монтажа записи, отметил Михайлов.    ¶Ивана Сафронова задержали <TE><Field Category="Day">7</Field> <Field Category="MonthName"><Restored Through="DCT">июля</Restored></Field></TE> и арестовали на <TE>два месяца</TE>. В ФСБ заявляют, что его завербовала в <Field Category="Year"><TE>2012 году</TE></Field> чешская спецслужба, по заданию которой он якобы передал ее представителю в <Field Category="Year"><TE>2017 году</TE></Field> информацию, составляющую гостайну. Сафронов своей вины не признает.    ¶https://lenta.ru/news/2020/09/02/safronov/</annotated>
    </text>
    <annotations>
      <annotation DayOfWeek="2020-W36-3" __Id="272" __Class="DocCreationTime" __From="2" __To="11"/>
      <annotation Category="Date" Value="2020-09-02" __Id="273" __Class="TE" __From="2" __To="11"/>
      <annotation Category="MonthName" __Id="275" __Class="Field" __From="76" __To="82"/>
      <annotation Through="DCT" U_Class="4" __Id="276" __Class="Restored" __From="76" __To="82"/>
      <annotation Category="Date" Value="2020-12" __Id="277" __Class="TE" __From="76" __To="82"/>
      <annotation Category="Day" __Id="279" __Class="Field" __From="205" __To="205"/>
      <annotation Category="Date" Value="2020-12-07" __Id="280" __Class="TE" __From="205" __To="213"/>
      <annotation Category="MonthName" __Id="281" __Class="Field" __From="207" __To="213"/>
      <annotation Through="DCT" U_Class="4" __Id="282" __Class="Restored" __From="207" __To="213"/>
      <annotation Category="Dur" Value="P3M1D" __Id="283" __Class="TE" __From="238" __To="260"/>
      <annotation Category="DayOfWeek" __Id="285" __Class="Field" __From="273" __To="277"/>
      <annotation Through="DCT" U_Class="4" __Id="286" __Class="Restored" __From="273" __To="277"/>
      <annotation Category="Date" Value="2020-W36-3" __Id="287" __Class="TE" __From="273" __To="277"/>
      <annotation Category="Day" __Id="288" __Class="Field" __From="280" __To="280"/>
      <annotation Category="Date" Value="2020-09-02" __Id="289" __Class="TE" __From="280" __To="289"/>
      <annotation Category="MonthName" __Id="290" __Class="Field" __From="282" __To="289"/>
      <annotation Through="DCT" U_Class="4" __Id="291" __Class="Restored" __From="282" __To="289"/>
      <annotation Category="Day" __Id="296" __Class="Field" __From="591" __To="591"/>
      <annotation Category="Date" Value="2020-09-01" __Id="297" __Class="TE" __From="591" __To="600"/>
      <annotation Category="MonthName" __Id="298" __Class="Field" __From="593" __To="600"/>
      <annotation Through="DCT" U_Class="4" __Id="299" __Class="Restored" __From="593" __To="600"/>
      <annotation Category="Day" __Id="304" __Class="Field" __From="1203" __To="1203"/>
      <annotation Category="Date" Value="2020-07-07" __Id="305" __Class="TE" __From="1203" __To="1208"/>
      <annotation Category="MonthName" __Id="306" __Class="Field" __From="1205" __To="1208"/>
      <annotation Through="DCT" U_Class="4" __Id="307" __Class="Restored" __From="1205" __To="1208"/>
      <annotation Category="Dur" Value="P2M" __Id="308" __Class="TE" __From="1226" __To="1235"/>
      <annotation Category="Year" __Id="310" __Class="Field" __From="1276" __To="1284"/>
      <annotation Category="Date" Value="2012" __Id="311" __Class="TE" __From="1276" __To="1284"/>
      <annotation Category="Year" __Id="312" __Class="Field" __From="1361" __To="1369"/>
      <annotation Category="Date" Value="2017" __Id="313" __Class="TE" __From="1361" __To="1369"/>
    </annotations>
    <relations>
    </relations>
  </document>
</xml>
