<xml generator="AnnotationTools" format-version="1">
  <document>
    <text>
      <raw> 2012-09-07    Президент Азербайджана: Экстрадиция Сафарова соответствует Европейской конвенции    Экстрадиция Рамиля Сафарова, осужденного в Венгрии в 2006 году на пожизненное заключение за убийство армянского офицера, соответствует Европейской конвенции, а его помилование - законам Азербайджана. Об этом заявил 7 сентября президент Азербайджана Ильхам Алиев во время совместной пресс-конференции в Баку с генеральным секретарем НАТО Андерсом Фог Расмуссеном.    &quot;Армянская сторона подняла большой шум в связи с помилованием Рамиля Сафаров... Тот, кто говорит, что в данном случае нарушен закон, не знает реалий. Армения в переговорном процессе хочет сохранить статус-кво и поэтому использует данный вопрос&quot;, - сказал глава государства. Как подчеркнул Алиев, Сафаров около 9 лет отбывал наказание, и его освобождение соответствует законам.    Как ранее сообщало ИА REGNUM, 31 августа осужденный в Венгрии на пожизненный срок азербайджанский офицер Рамиль Сафаров был экстрадирован на родину. В тот же день президент Азербайджана Ильхам Алиев своим указом помиловал его, а министр обороны присвоил звание майора. В связи с этим президент Армении Серж Саргсян созвал экстренное заседание Совета национальной безопасности и совещание аккредитованных в республике послов и заявил о прекращении дипломатических отношений с Венгрией.    Напомним, что 19 февраля 2004 года в Будапеште Рамиль Сафаров ночью зарубил топором спящего армянского офицера Гургена Маргаряна. Оба офицера проходили в венгерской столице курс английского языка в рамках программы НАТО &quot;Партнерство во имя мира&quot;. Суд приговорил Сафарова к пожизненному тюремному заключению без права амнистии в первые 30 лет.    https://regnum.ru/news/polit/1569087.html</raw>
      <annotated> <DocCreationTime><TE>2012-09-07</TE></DocCreationTime>    Президент Азербайджана: Экстрадиция Сафарова соответствует Европейской конвенции    Экстрадиция Рамиля Сафарова, осужденного в Венгрии в <Field Category="Year"><TE>2006 году</TE></Field> на пожизненное заключение за убийство армянского офицера, соответствует Европейской конвенции, а его помилование - законам Азербайджана. Об этом заявил <TE><Field Category="Day">7</Field> <Field Category="MonthName"><Restored Through="DCT">сентября</Restored></Field></TE> президент Азербайджана Ильхам Алиев во время совместной пресс-конференции в Баку с генеральным секретарем НАТО Андерсом Фог Расмуссеном.    &quot;Армянская сторона подняла большой шум в связи с помилованием Рамиля Сафаров... Тот, кто говорит, что в данном случае нарушен закон, не знает реалий. Армения в переговорном процессе хочет сохранить статус-кво и поэтому использует данный вопрос&quot;, - сказал глава государства. Как подчеркнул Алиев, Сафаров <TE>около 9 лет</TE> отбывал наказание, и его освобождение соответствует законам.    Как ранее сообщало ИА REGNUM, <TE><Field Category="Day">31</Field> <Field Category="MonthName"><Restored Through="DCT">августа</Restored></Field></TE> осужденный в Венгрии на пожизненный срок азербайджанский офицер Рамиль Сафаров был экстрадирован на родину. В <Anchored To="Text"><Field Category="Day"><TE>тот же день</TE></Field></Anchored> президент Азербайджана Ильхам Алиев своим указом помиловал его, а министр обороны присвоил звание майора. В связи с этим президент Армении Серж Саргсян созвал экстренное заседание Совета национальной безопасности и совещание аккредитованных в республике послов и заявил о прекращении дипломатических отношений с Венгрией.    Напомним, что <TE><Field Category="Day">19</Field> <Field Category="MonthName">февраля</Field> <Field Category="Year">2004 года</Field></TE> в Будапеште Рамиль Сафаров ночью зарубил топором спящего армянского офицера Гургена Маргаряна. Оба офицера проходили в венгерской столице курс английского языка в рамках программы НАТО &quot;Партнерство во имя мира&quot;. Суд приговорил Сафарова к пожизненному тюремному заключению без права амнистии в первые <TE>30 лет</TE>.    https://regnum.ru/news/polit/1569087.html</annotated>
    </text>
    <annotations>
      <annotation DayOfWeek="2012-W36-5" __Id="295" __Class="DocCreationTime" __From="1" __To="10"/>
      <annotation Category="Date" Value="2012-09-07" __Id="296" __Class="TE" __From="1" __To="10"/>
      <annotation Category="Year" __Id="299" __Class="Field" __From="152" __To="160"/>
      <annotation Category="Date" Value="2006" __Id="300" __Class="TE" __From="152" __To="160"/>
      <annotation Category="Day" __Id="302" __Class="Field" __From="314" __To="314"/>
      <annotation Category="Date" Value="2012-09-07" __Id="303" __Class="TE" __From="314" __To="323"/>
      <annotation Category="MonthName" __Id="304" __Class="Field" __From="316" __To="323"/>
      <annotation Through="DCT" U_Class="4" __Id="305" __Class="Restored" __From="316" __To="323"/>
      <annotation Category="Dur" Value="P9Y-Approx" __Id="310" __Class="TE" __From="779" __To="789"/>
      <annotation Category="Day" __Id="312" __Class="Field" __From="885" __To="886"/>
      <annotation Category="Date" Value="2012-08-31" __Id="313" __Class="TE" __From="885" __To="894"/>
      <annotation Category="MonthName" __Id="314" __Class="Field" __From="888" __To="894"/>
      <annotation Through="DCT" U_Class="4" __Id="315" __Class="Restored" __From="888" __To="894"/>
      <annotation To="Text" U_Class="1-A" __Id="317" __Class="Anchored" __From="1006" __To="1016"/>
      <annotation Category="Day" __Id="318" __Class="Field" __From="1006" __To="1016"/>
      <annotation Category="Date" Value="2012-08-31" __Id="319" __Class="TE" __From="1006" __To="1016"/>
      <annotation Category="Day" __Id="322" __Class="Field" __From="1357" __To="1358"/>
      <annotation Category="Date" Value="2004-02-19" __Id="323" __Class="TE" __From="1357" __To="1376"/>
      <annotation Category="MonthName" __Id="324" __Class="Field" __From="1360" __To="1366"/>
      <annotation Category="Year" __Id="325" __Class="Field" __From="1368" __To="1376"/>
      <annotation Category="Dur" Value="P30Y" __Id="328" __Class="TE" __From="1688" __To="1693"/>
    </annotations>
    <relations>
      <relation __Id="0" __Class="AnchoredTo"><from><annotation __Id="319"/></from><to><annotation __Id="313"/></to></relation>
    </relations>
  </document>
</xml>
