<xml generator="AnnotationTools" format="public" version="1">
  <document>
    <text>
      <raw> 2020-08-01    Скорое полное восстановление авиасообщения в России опровергли    Об одновременном и полном возобновлении авиасообщения в России в августе речи не идет, сообщает «Интерфакс» со ссылкой на источник.    По его словам, Россия будет восстанавливать авиасообщение постепенно, руководствуясь принципами эпидемиологической безопасности и взаимности. Таким образом, собеседник агентства опроверг неофициальную информацию о том, что российские границы могут полностью открыть уже 11 августа. В Росавиации ранее отказались комментировать подобные слухи.    Ранее ТАСС заявил, что Россия обсуждает возобновление полетов по всем направлениям в середине месяца. Пока международное авиасообщение возобновлено только с Абхазией, Великобританией, Танзанией и Турцией. Евросоюз, который начал открывать собственные границы с 1 июля, пускать россиян пока отказался.    https://lenta.ru/news/2020/08/01/aviaflight/</raw>
      <annotated> <DocCreationTime DayOfWeek="2020-W31-6"><TE Category="Date" Value="2020-08-01">2020-08-01</TE></DocCreationTime>    Скорое полное восстановление авиасообщения в России опровергли    Об одновременном и полном возобновлении авиасообщения в России в <Field Category="MonthName"><TE Category="Date" Value="2020-08">августе</TE></Field> речи не идет, сообщает «Интерфакс» со ссылкой на источник.    По его словам, Россия будет восстанавливать авиасообщение постепенно, руководствуясь принципами эпидемиологической безопасности и взаимности. Таким образом, собеседник агентства опроверг неофициальную информацию о том, что российские границы могут полностью открыть уже <TE Category="Date" Value="2020-08-11"><Field Category="Day">11</Field> <Field Category="MonthName">августа</Field></TE>. В Росавиации ранее отказались комментировать подобные слухи.    Ранее ТАСС заявил, что Россия обсуждает возобновление полетов по всем направлениям в <TE Category="Date" Value="2020-08-MID"><Field Category="Phase">середине</Field> <Field Category="Month">месяца</Field></TE>. Пока международное авиасообщение возобновлено только с Абхазией, Великобританией, Танзанией и Турцией. Евросоюз, который начал открывать собственные границы с <TE Category="Date" Value="2020-07-01"><Field Category="Day">1</Field> <Field Category="MonthName">июля</Field></TE>, пускать россиян пока отказался.    https://lenta.ru/news/2020/08/01/aviaflight/</annotated>
    </text>
<!-- NOTE: Annotation boundaries below corresponds to text without XHTML-entities encoding. -->
    <annotations>
      <annotation DayOfWeek="2020-W31-6" __Id="162" __Class="DocCreationTime" __From="1" __To="10"/>
      <annotation Category="Date" Value="2020-08-01" __Id="163" __Class="TE" __From="1" __To="10"/>
      <annotation Category="MonthName" __Id="166" __Class="Field" __From="146" __To="152"/>
      <annotation Category="Date" Value="2020-08" __Id="168" __Class="TE" __From="146" __To="152"/>
      <annotation Category="Day" __Id="171" __Class="Field" __From="486" __To="487"/>
      <annotation Category="Date" Value="2020-08-11" __Id="172" __Class="TE" __From="486" __To="495"/>
      <annotation Category="MonthName" __Id="173" __Class="Field" __From="489" __To="495"/>
      <annotation Category="Phase" __Id="177" __Class="Field" __From="647" __To="654"/>
      <annotation Category="Date" Value="2020-08-MID" __Id="178" __Class="TE" __From="647" __To="661"/>
      <annotation Category="Month" __Id="179" __Class="Field" __From="656" __To="661"/>
      <annotation Category="Day" __Id="183" __Class="Field" __From="823" __To="823"/>
      <annotation Category="Date" Value="2020-07-01" __Id="184" __Class="TE" __From="823" __To="828"/>
      <annotation Category="MonthName" __Id="185" __Class="Field" __From="825" __To="828"/>
    </annotations>
    <relations>
    </relations>
  </document>
</xml>
