<xml generator="AnnotationTools" format-version="1">
  <document>
    <text>
      <raw> ¶2019-12-12    ¶Россияне назвали самую важную функцию смартфона    ¶Главными критериями при выборе смартфона в России стали тройная камера и NFC. О запросах отечественного потребителя в этом году РИА Новости рассказали крупнейшие ретейлеры.    ¶Кроме наличия нескольких модулей камеры и функции бесконтактной оплаты для россиян важен дисплей не меньше 5,5 дюймов и объем памяти от 64 гигабайт. Предпочтение в качественной камере с зумом диктует популярность соцсетей.    ¶По данным МТС, за последние 10 месяцев спрос на смартфоны с диагональю больше шести дюймов вырос с 5 до 46,3 процентов. В Tele2 заявили, что наличие двух слотов для сим-карт не является решающим условием при покупки девайса, но по итогам сентября двухсимочные устройства занимали 82 процента в сетях оператора.    ¶Вместе с тем в Tele2 отметили, что потребитель начинает интересоваться появлением смартфонов с поддержкой 5G. Однако скорость их запуска зависит от того, освободят ли в России оптимальные частоты для функционирования сетей пятого поколения. Представитель Wildberries спрогнозировал повышенный интерес к смартфонам с поддержкой 5G в будущем.    ¶На конец года более актуальным потребителям кажется наличие в смартфоне большого количество камер. В маркетплейсе «Беру» выделили тренд на аппараты с разрешением камеры более 48 мегапикселей. По мнению торговой площадки, в будущем россияне заинтересуются смартфонами, где фронтальная камера будет спрятана под экран устройства.    ¶https://lenta.ru/news/2019/12/12/main/</raw>
      <annotated> ¶<DocCreationTime><TE>2019-12-12</TE></DocCreationTime>    ¶Россияне назвали самую важную функцию смартфона    ¶Главными критериями при выборе смартфона в России стали тройная камера и NFC. О запросах отечественного потребителя в <Anchored To="DCT"><Field Category="Year"><TE>этом году</TE></Field></Anchored> РИА Новости рассказали крупнейшие ретейлеры.    ¶Кроме наличия нескольких модулей камеры и функции бесконтактной оплаты для россиян важен дисплей не меньше 5,5 дюймов и объем памяти от 64 гигабайт. Предпочтение в качественной камере с зумом диктует популярность соцсетей.    ¶По данным МТС, за последние <TE>10 месяцев</TE> спрос на смартфоны с диагональю больше шести дюймов вырос с 5 до 46,3 процентов. В Tele2 заявили, что наличие двух слотов для сим-карт не является решающим условием при покупки девайса, но по итогам <Field Category="MonthName"><Restored Through="DCT"><TE>сентября</TE></Restored></Field> двухсимочные устройства занимали 82 процента в сетях оператора.    ¶Вместе с тем в Tele2 отметили, что потребитель начинает интересоваться появлением смартфонов с поддержкой 5G. Однако скорость их запуска зависит от того, освободят ли в России оптимальные частоты для функционирования сетей пятого поколения. Представитель Wildberries спрогнозировал повышенный интерес к смартфонам с поддержкой 5G в будущем.    ¶На <TE><Field Category="Phase">конец</Field> <Field Category="Year"><Restored Through="DCT">года</Restored></Field></TE> более актуальным потребителям кажется наличие в смартфоне большого количество камер. В маркетплейсе «Беру» выделили тренд на аппараты с разрешением камеры более 48 мегапикселей. По мнению торговой площадки, в будущем россияне заинтересуются смартфонами, где фронтальная камера будет спрятана под экран устройства.    ¶https://lenta.ru/news/2019/12/12/main/</annotated>
    </text>
    <annotations>
      <annotation DayOfWeek="2019-W50-4" __Id="274" __Class="DocCreationTime" __From="2" __To="11"/>
      <annotation Category="Date" Value="2019-12-12" __Id="275" __Class="TE" __From="2" __To="11"/>
      <annotation To="DCT" U_Class="1-DA" __Id="279" __Class="Anchored" __From="187" __To="195"/>
      <annotation Category="Year" __Id="280" __Class="Field" __From="187" __To="195"/>
      <annotation Category="Date" Value="2019" __Id="281" __Class="TE" __From="187" __To="195"/>
      <annotation Category="Dur" Value="P10M" __Id="285" __Class="TE" __From="501" __To="510"/>
      <annotation Category="MonthName" __Id="287" __Class="Field" __From="711" __To="718"/>
      <annotation Through="DCT" U_Class="4" __Id="288" __Class="Restored" __From="711" __To="718"/>
      <annotation Category="Date" Value="2019-09" __Id="289" __Class="TE" __From="711" __To="718"/>
      <annotation Category="Phase" __Id="293" __Class="Field" __From="1136" __To="1140"/>
      <annotation Category="Date" Value="2019-END" __Id="294" __Class="TE" __From="1136" __To="1145"/>
      <annotation Category="Year" __Id="295" __Class="Field" __From="1142" __To="1145"/>
      <annotation Through="DCT" U_Class="6" __Id="296" __Class="Restored" __From="1142" __To="1145"/>
    </annotations>
    <relations>
    </relations>
  </document>
</xml>
