<xml generator="AnnotationTools" format="public" version="1">
  <document>
    <text>
      <raw> 2020-10-07    Курс турецкой лиры рекордно обвалился    Курс турецкой лиры рекордно обвалился к доллару. В ходе торгов в среду, 7 октября, показатель достигал 7,8862 лиры за доллар. Как уточняет Reuters, падение обусловлено опасением инвесторов относительно возможного введения против Турции американских санкций, а также продолжающегося конфликта в Карабахе.    Опасения относительно американских санкций возникли после того, как Анкара перебросила купленные у России зенитные ракетные комплексы (ЗРК) С-400 в черноморскую провинцию Самсун для испытаний. В Госдепартаменте указали, что покупка ЗРК препятствует развитию американо-турецких отношений, а также сотрудничеству в рамках НАТО.    Еще один фактор падения курса лиры — очередное обострение конфликта в Нагорном Карабахе. Вооруженные столкновения там начались 27 сентября. Армения и Азербайджан обвинили друг друга в эскалации конфликта. В начале сентября президент Сирии Башар Асад обвинил президента Турции Реджепа Тайипа Эрдогана в переброске сирийских боевиков в Нагорный Карабах, где они, по его, словам, участвуют в столкновениях.    Власти Турции начали спасать нацвалюту: в сентябре Центробанк страны поднял учетную ставку — с 8,25 процента до 10,25 процента. Всего с начала года лира потеряла 23 процента стоимости, при этом инфляция по-прежнему принимает двухзначные значения. Слабость турецкой лиры оказывает влияние на валюту развивающихся стран, в том числе возможность ее краха является одним из факторов падения рубля.    https://lenta.ru/news/2020/10/07/lira/</raw>
      <annotated> <DocCreationTime DayOfWeek="2020-W41-3"><TE Category="Date" Value="2020-10-07">2020-10-07</TE></DocCreationTime>    Курс турецкой лиры рекордно обвалился    Курс турецкой лиры рекордно обвалился к доллару. В ходе торгов в <Field Category="DayOfWeek"><TE Category="Date" Value="2020-W41-3">среду</TE></Field>, <TE Category="Date" Value="2020-10-07"><Field Category="Day">7</Field> <Field Category="MonthName">октября</Field></TE>, показатель достигал 7,8862 лиры за доллар. Как уточняет Reuters, падение обусловлено опасением инвесторов относительно возможного введения против Турции американских санкций, а также продолжающегося конфликта в Карабахе.    Опасения относительно американских санкций возникли после того, как Анкара перебросила купленные у России зенитные ракетные комплексы (ЗРК) С-400 в черноморскую провинцию Самсун для испытаний. В Госдепартаменте указали, что покупка ЗРК препятствует развитию американо-турецких отношений, а также сотрудничеству в рамках НАТО.    Еще один фактор падения курса лиры — очередное обострение конфликта в Нагорном Карабахе. Вооруженные столкновения там начались <TE Category="Date" Value="2020-09-27"><Field Category="Day">27</Field> <Field Category="MonthName">сентября</Field></TE>. Армения и Азербайджан обвинили друг друга в эскалации конфликта. В <TE Category="Date" Value="2020-09-START"><Field Category="Phase">начале</Field> <Field Category="MonthName">сентября</Field></TE> президент Сирии Башар Асад обвинил президента Турции Реджепа Тайипа Эрдогана в переброске сирийских боевиков в Нагорный Карабах, где они, по его, словам, участвуют в столкновениях.    Власти Турции начали спасать нацвалюту: в <Field Category="MonthName"><TE Category="Date" Value="2020-09">сентябре</TE></Field> Центробанк страны поднял учетную ставку — с 8,25 процента до 10,25 процента. Всего с <TE Category="Date" Value="2020-START"><Field Category="Phase">начала</Field> <Field Category="Year">года</Field></TE> лира потеряла 23 процента стоимости, при этом инфляция по-прежнему принимает двухзначные значения. Слабость турецкой лиры оказывает влияние на валюту развивающихся стран, в том числе возможность ее краха является одним из факторов падения рубля.    https://lenta.ru/news/2020/10/07/lira/</annotated>
    </text>
<!-- NOTE: Annotation boundaries below corresponds to text without XHTML-entities encoding. -->
    <annotations>
      <annotation DayOfWeek="2020-W41-3" __Id="279" __Class="DocCreationTime" __From="1" __To="10"/>
      <annotation Category="Date" Value="2020-10-07" __Id="280" __Class="TE" __From="1" __To="10"/>
      <annotation Category="DayOfWeek" __Id="284" __Class="Field" __From="121" __To="125"/>
      <annotation Category="Date" Value="2020-W41-3" __Id="286" __Class="TE" __From="121" __To="125"/>
      <annotation Category="Day" __Id="287" __Class="Field" __From="128" __To="128"/>
      <annotation Category="Date" Value="2020-10-07" __Id="288" __Class="TE" __From="128" __To="136"/>
      <annotation Category="MonthName" __Id="289" __Class="Field" __From="130" __To="136"/>
      <annotation Category="Day" __Id="296" __Class="Field" __From="819" __To="820"/>
      <annotation Category="Date" Value="2020-09-27" __Id="297" __Class="TE" __From="819" __To="829"/>
      <annotation Category="MonthName" __Id="298" __Class="Field" __From="822" __To="829"/>
      <annotation Category="Phase" __Id="302" __Class="Field" __From="899" __To="904"/>
      <annotation Category="Date" Value="2020-09-START" __Id="303" __Class="TE" __From="899" __To="913"/>
      <annotation Category="MonthName" __Id="304" __Class="Field" __From="906" __To="913"/>
      <annotation Category="MonthName" __Id="307" __Class="Field" __From="1141" __To="1148"/>
      <annotation Category="Date" Value="2020-09" __Id="309" __Class="TE" __From="1141" __To="1148"/>
      <annotation Category="Phase" __Id="311" __Class="Field" __From="1235" __To="1240"/>
      <annotation Category="Date" Value="2020-START" __Id="312" __Class="TE" __From="1235" __To="1245"/>
      <annotation Category="Year" __Id="313" __Class="Field" __From="1242" __To="1245"/>
    </annotations>
    <relations>
    </relations>
  </document>
</xml>
