<xml generator="AnnotationTools" format-version="1">
  <document>
    <text>
      <raw> 2020-09-28    Карабах приблизил турецкую валюту к краху    Турецкая лира опустилась до исторического минимума на фоне конфликта между Азербайджаном и Арменией из-за Нагорного Карабаха. По состоянию на 13:20 по московскому времени доллар торгуется на уровне 7,79 лиры.    Обострение полностью обнулило усилия турецкого центробанка, который на прошлой неделе впервые за два года поднял учетную ставку, причем сразу с 8,25 до 10,25 процента. Таким образом регулятор пытался спасти лиру, приблизившуюся к краху.    В начале августа лира обновила майский исторический минимум, и с тех пор она преимущественно ослаблялась. С середины сентября темпы падения ускорились.    Президент Турции Реджеп Тайип Эрдоган настаивал на снижении учетной ставки, полагая, что такая политика перезапустит экономику. Для поддержания курса лиры он требовал продавать валютные резервы.    Однако в результате с начала года валютные активы Турции упали с 74 до 45 миллиардов долларов. По оценкам Moody’s, 44 миллиарда — резервы коммерческих банков, это значит, что денег у страны почти не осталось.    При этом внешний долг Турции достиг 100 миллиардов долларов, а долг турецкого центробанка по своповым операциям — 50 миллиардов. Другими словами, если не пролонгировать сделки по ним, регулятор не сможет расплатиться по долгам даже с использованием всех валютных резервов на его счетах. В середине сентября Moody’s понизило суверенный рейтинг страны до В2, на уровне Руанды и Уганды. Эрдоган охарактеризовал рейтинг как экономическую войну.    В конфликте Армении с Азербайджаном турецкие власти находятся на стороне Баку, и эксперты не исключают, что Анкара может тем или иным образом вмешаться в конфликт.    Осложняет ситуацию для Турции позиция руководства Саудовской Аравии, которое, по данным СМИ, наложило эмбарго на все товары из Турции, угрожает штрафами за торговлю с турецкими компаниями и отговаривает население от поездок туда.    https://lenta.ru/news/2020/09/28/try/</raw>
      <annotated> <DocCreationTime><TE>2020-09-28</TE></DocCreationTime>    Карабах приблизил турецкую валюту к краху    Турецкая лира опустилась до исторического минимума на фоне конфликта между Азербайджаном и Арменией из-за Нагорного Карабаха. По состоянию на 13:20 по московскому времени доллар торгуется на уровне 7,79 лиры.    Обострение полностью обнулило усилия турецкого центробанка, который на <Anchored To="DCT"><Field Category="Week"><TE>прошлой неделе</TE></Field></Anchored> впервые за <TE>два года</TE> поднял учетную ставку, причем сразу с 8,25 до 10,25 процента. Таким образом регулятор пытался спасти лиру, приблизившуюся к краху.    В <TE><Field Category="Phase">начале</Field> <Field Category="MonthName"><Restored Through="DCT">августа</Restored></Field></TE> лира обновила майский исторический минимум, и с тех пор она преимущественно ослаблялась. С <TE><Field Category="Phase">середины</Field> <Field Category="MonthName"><Restored Through="DCT">сентября</Restored></Field></TE> темпы падения ускорились.    Президент Турции Реджеп Тайип Эрдоган настаивал на снижении учетной ставки, полагая, что такая политика перезапустит экономику. Для поддержания курса лиры он требовал продавать валютные резервы.    Однако в результате с <TE><Field Category="Phase">начала</Field> <Field Category="Year"><Restored Through="DCT">года</Restored></Field></TE> валютные активы Турции упали с 74 до 45 миллиардов долларов. По оценкам Moody’s, 44 миллиарда — резервы коммерческих банков, это значит, что денег у страны почти не осталось.    При этом внешний долг Турции достиг 100 миллиардов долларов, а долг турецкого центробанка по своповым операциям — 50 миллиардов. Другими словами, если не пролонгировать сделки по ним, регулятор не сможет расплатиться по долгам даже с использованием всех валютных резервов на его счетах. В <TE><Field Category="Phase">середине</Field> <Field Category="MonthName"><Restored Through="DCT">сентября</Restored></Field></TE> Moody’s понизило суверенный рейтинг страны до В2, на уровне Руанды и Уганды. Эрдоган охарактеризовал рейтинг как экономическую войну.    В конфликте Армении с Азербайджаном турецкие власти находятся на стороне Баку, и эксперты не исключают, что Анкара может тем или иным образом вмешаться в конфликт.    Осложняет ситуацию для Турции позиция руководства Саудовской Аравии, которое, по данным СМИ, наложило эмбарго на все товары из Турции, угрожает штрафами за торговлю с турецкими компаниями и отговаривает население от поездок туда.    https://lenta.ru/news/2020/09/28/try/</annotated>
    </text>
    <annotations>
      <annotation DayOfWeek="2020-W40-1" __Id="370" __Class="DocCreationTime" __From="1" __To="10"/>
      <annotation Category="Date" Value="2020-09-28" __Id="371" __Class="TE" __From="1" __To="10"/>
      <annotation To="DCT" U_Class="1-D" __Id="376" __Class="Anchored" __From="343" __To="356"/>
      <annotation Category="Week" __Id="377" __Class="Field" __From="343" __To="356"/>
      <annotation Category="Date" Value="2020-W39" __Id="378" __Class="TE" __From="343" __To="356"/>
      <annotation Category="Dur" Value="P2Y" __Id="379" __Class="TE" __From="369" __To="376"/>
      <annotation Category="Phase" __Id="382" __Class="Field" __From="514" __To="519"/>
      <annotation Category="Date" Value="2020-08-START" __Id="383" __Class="TE" __From="514" __To="527"/>
      <annotation Category="MonthName" __Id="384" __Class="Field" __From="521" __To="527"/>
      <annotation Through="DCT" U_Class="4" __Id="385" __Class="Restored" __From="521" __To="527"/>
      <annotation Category="Phase" __Id="387" __Class="Field" __From="620" __To="627"/>
      <annotation Category="Date" Value="2020-09-MID" __Id="388" __Class="TE" __From="620" __To="636"/>
      <annotation Category="MonthName" __Id="389" __Class="Field" __From="629" __To="636"/>
      <annotation Through="DCT" U_Class="4" __Id="390" __Class="Restored" __From="629" __To="636"/>
      <annotation Category="Phase" __Id="394" __Class="Field" __From="887" __To="892"/>
      <annotation Category="Date" Value="2020-START" __Id="395" __Class="TE" __From="887" __To="897"/>
      <annotation Category="Year" __Id="396" __Class="Field" __From="894" __To="897"/>
      <annotation Through="DCT" U_Class="6" __Id="397" __Class="Restored" __From="894" __To="897"/>
      <annotation Category="Phase" __Id="402" __Class="Field" __From="1366" __To="1373"/>
      <annotation Category="Date" Value="2020-09-MID" __Id="403" __Class="TE" __From="1366" __To="1382"/>
      <annotation Category="MonthName" __Id="404" __Class="Field" __From="1375" __To="1382"/>
      <annotation Through="DCT" U_Class="4" __Id="405" __Class="Restored" __From="1375" __To="1382"/>
    </annotations>
    <relations>
    </relations>
  </document>
</xml>
