<xml generator="AnnotationTools" format="public" version="1">
  <document>
    <text>
      <raw> 2012-08-22    В Кургане 58,5% жилого фонда готово к зиме    Из 1.958 многоквартирных домов Кургана, имеющих централизованное отопление, к приему тепла готовы 1.148 зданий, что составляет порядка 58,5%. Для сравнения - в аналогичный период 2011 года процент готовности жилфонда к зиме не превышал 46%. Об этом 22 августа сообщили корреспонденту ИА REGNUM в пресс-службе администрации Кургана.    По словам директора Департамента жилищно-коммунального хозяйства и строительства Михаила Дубанича, подготовка к зиме началась в мае месяце, почти сразу после завершения предыдущего отопительного периода. Сейчас она проходит в рабочем режиме. Товарищества собственников жилья и жилищно-строительные кооперативы завершили подготовительные процедуры на 65%. Из 36 управляющих организаций шесть полностью подготовили вверенный им жилищный фонд к холодам. Большинство остальных УК действуют в соответствии с утвержденными графиками.    Однако есть и такие коммунальщики, которые &amp;quot;забыли&amp;quot; о своих обязанностях, к примеру, ООО &amp;quot;ЖЭО &amp;quot;Фортуна&amp;quot;. Городские власти уже направили письмо в прокуратуру с просьбой обратить особое внимание на бездействие данной компании.    Подготовка объектов социальной сферы близится к завершению. Михаил Дубанич отметил, что к началу учебного года ремонтные работы во всех школах и детских садах будут выполнены.    В целом, заключил директор Департамента жилищно-коммунального хозяйства и строительства, подготовка объектов ЖКХ и соцсферы к эксплуатации в осенне-зимний период походит под пристальным контролем городских властей. Перед всеми службами жизнеобеспечения города поставлена задача - завершить работы к 15 сентября.    https://regnum.ru/news/economy/1563599.html</raw>
      <annotated> <DocCreationTime DayOfWeek="2012-W34-3"><TE Category="Date" Value="2012-08-22">2012-08-22</TE></DocCreationTime>    В Кургане 58,5% жилого фонда готово к <Field Category="Season"><TE Category="Date" Value="2012-WI">зиме</TE></Field>    Из 1.958 многоквартирных домов Кургана, имеющих централизованное отопление, к приему тепла готовы 1.148 зданий, что составляет порядка 58,5%. Для сравнения - в аналогичный период <Field Category="Year"><TE Category="Date" Value="2011">2011 года</TE></Field> процент готовности жилфонда к <Field Category="Season"><TE Category="Date" Value="2011-WI">зиме</TE></Field> не превышал 46%. Об этом <TE Category="Date" Value="2012-08-22"><Field Category="Day">22</Field> <Field Category="MonthName">августа</Field></TE> сообщили корреспонденту ИА REGNUM в пресс-службе администрации Кургана.    По словам директора Департамента жилищно-коммунального хозяйства и строительства Михаила Дубанича, подготовка к <Field Category="Season"><TE Category="Date" Value="2012-WI">зиме</TE></Field> началась в <Field Category="MonthName"><TE Category="Date" Value="2012-05">мае месяце</TE></Field>, почти сразу после завершения предыдущего отопительного периода. Сейчас она проходит в рабочем режиме. Товарищества собственников жилья и жилищно-строительные кооперативы завершили подготовительные процедуры на 65%. Из 36 управляющих организаций шесть полностью подготовили вверенный им жилищный фонд к холодам. Большинство остальных УК действуют в соответствии с утвержденными графиками.    Однако есть и такие коммунальщики, которые &amp;quot;забыли&amp;quot; о своих обязанностях, к примеру, ООО &amp;quot;ЖЭО &amp;quot;Фортуна&amp;quot;. Городские власти уже направили письмо в прокуратуру с просьбой обратить особое внимание на бездействие данной компании.    Подготовка объектов социальной сферы близится к завершению. Михаил Дубанич отметил, что к началу учебного года ремонтные работы во всех школах и детских садах будут выполнены.    В целом, заключил директор Департамента жилищно-коммунального хозяйства и строительства, подготовка объектов ЖКХ и соцсферы к эксплуатации в осенне-зимний период походит под пристальным контролем городских властей. Перед всеми службами жизнеобеспечения города поставлена задача - завершить работы к <TE Category="Date" Value="2012-09-15"><Field Category="Day">15</Field> <Field Category="MonthName">сентября</Field></TE>.    https://regnum.ru/news/economy/1563599.html</annotated>
    </text>
<!-- NOTE: Annotation boundaries below corresponds to text without XHTML-entities encoding. -->
    <annotations>
      <annotation DayOfWeek="2012-W34-3" __Id="299" __Class="DocCreationTime" __From="1" __To="10"/>
      <annotation Category="Date" Value="2012-08-22" __Id="300" __Class="TE" __From="1" __To="10"/>
      <annotation Category="Season" __Id="302" __Class="Field" __From="53" __To="56"/>
      <annotation Category="Date" Value="2012-WI" __Id="304" __Class="TE" __From="53" __To="56"/>
      <annotation Category="Year" __Id="307" __Class="Field" __From="240" __To="248"/>
      <annotation Category="Date" Value="2011" __Id="308" __Class="TE" __From="240" __To="248"/>
      <annotation Category="Season" __Id="309" __Class="Field" __From="280" __To="283"/>
      <annotation Category="Date" Value="2011-WI" __Id="311" __Class="TE" __From="280" __To="283"/>
      <annotation Category="Day" __Id="313" __Class="Field" __From="310" __To="311"/>
      <annotation Category="Date" Value="2012-08-22" __Id="314" __Class="TE" __From="310" __To="319"/>
      <annotation Category="MonthName" __Id="315" __Class="Field" __From="313" __To="319"/>
      <annotation Category="Season" __Id="318" __Class="Field" __From="508" __To="511"/>
      <annotation Category="Date" Value="2012-WI" __Id="320" __Class="TE" __From="508" __To="511"/>
      <annotation Category="MonthName" __Id="321" __Class="Field" __From="524" __To="533"/>
      <annotation Category="Date" Value="2012-05" __Id="323" __Class="TE" __From="524" __To="533"/>
      <annotation Category="Day" __Id="335" __Class="Field" __From="1658" __To="1659"/>
      <annotation Category="Date" Value="2012-09-15" __Id="336" __Class="TE" __From="1658" __To="1668"/>
      <annotation Category="MonthName" __Id="337" __Class="Field" __From="1661" __To="1668"/>
    </annotations>
    <relations>
    </relations>
  </document>
</xml>
