<xml generator="AnnotationTools" format="public" version="1">
  <document>
    <text>
      <raw> 2020-08-26    Виктор Гришин покинул пост ректора РЭУ имени Г. В. Плеханова    Ректор Российского экономического университета имени Г. В. Плеханова Виктор Гришин покинул свой пост. Его слова передает ТАСС.    «Да, действительно, я уволился», — подтвердил он, уточнив, что сделал это по собственному желанию. Гришин подчеркнул, что ему почти 70 лет, и он пока что не знает, будет ли где-то работать.    С 28 августа временно исполняющим обязанности ректора РЭУ имени Г. В. Плеханова назначен ректор Государственного университета управления (ГУУ) Иван Лобанов, сообщили в Минобрнауки России.    Виктор Гришин занимал пост ректора Плехановского университета с 2008 года. Помимо этого, три раза избирался депутатом Госдумы. С 2002 по 2007 год возглавлял Комитет по делам Федерации и региональной политике. Является доктором экономических наук.    https://lenta.ru/news/2020/08/26/grishin/</raw>
      <annotated> <DocCreationTime DayOfWeek="2020-W35-3"><TE Category="Date" Value="2020-08-26">2020-08-26</TE></DocCreationTime>    Виктор Гришин покинул пост ректора РЭУ имени Г. В. Плеханова    Ректор Российского экономического университета имени Г. В. Плеханова Виктор Гришин покинул свой пост. Его слова передает ТАСС.    «Да, действительно, я уволился», — подтвердил он, уточнив, что сделал это по собственному желанию. Гришин подчеркнул, что ему почти 70 лет, и он пока что не знает, будет ли где-то работать.    С <TE Category="Date" Value="2020-08-28"><Field Category="Day">28</Field> <Field Category="MonthName">августа</Field></TE> временно исполняющим обязанности ректора РЭУ имени Г. В. Плеханова назначен ректор Государственного университета управления (ГУУ) Иван Лобанов, сообщили в Минобрнауки России.    Виктор Гришин занимал пост ректора Плехановского университета с <Field Category="Year"><TE Category="Date" Value="2008">2008 года</TE></Field>. Помимо этого, три раза избирался депутатом Госдумы. С <Field Category="Year"><TE Category="Date" Value="2002">2002</TE></Field> по <Field Category="Year"><TE Category="Date" Value="2007">2007 год</TE></Field> возглавлял Комитет по делам Федерации и региональной политике. Является доктором экономических наук.    https://lenta.ru/news/2020/08/26/grishin/</annotated>
    </text>
<!-- NOTE: Annotation boundaries below corresponds to text without XHTML-entities encoding. -->
    <annotations>
      <annotation DayOfWeek="2020-W35-3" __Id="188" __Class="DocCreationTime" __From="1" __To="10"/>
      <annotation Category="Date" Value="2020-08-26" __Id="189" __Class="TE" __From="1" __To="10"/>
      <annotation Category="Day" __Id="196" __Class="Field" __From="404" __To="405"/>
      <annotation Category="Date" Value="2020-08-28" __Id="197" __Class="TE" __From="404" __To="413"/>
      <annotation Category="MonthName" __Id="198" __Class="Field" __From="407" __To="413"/>
      <annotation Category="Year" __Id="201" __Class="Field" __From="657" __To="665"/>
      <annotation Category="Date" Value="2008" __Id="202" __Class="TE" __From="657" __To="665"/>
      <annotation Category="Year" __Id="205" __Class="Field" __From="722" __To="725"/>
      <annotation Category="Date" Value="2002" __Id="206" __Class="TE" __From="722" __To="725"/>
      <annotation Category="Year" __Id="207" __Class="Field" __From="730" __To="737"/>
      <annotation Category="Date" Value="2007" __Id="208" __Class="TE" __From="730" __To="737"/>
    </annotations>
    <relations>
    </relations>
  </document>
</xml>
