<xml generator="AnnotationTools" format-version="1">
  <document>
    <text>
      <raw> 2020-09-30    Белоруссия увеличила госдолг почти на треть    Государственный долг Белоруссии с начала года вырос почти на треть (29,1 процента) — до 57,8 миллиарда белорусских рублей (21,5 миллиарда долларов по текущему курсу). Об этом говорится в сообщении белорусского министерства финансов.    В общей сложности за восемь месяцев власти республики привлекли займы в размере 1,9 миллиарда долларов. Внешний госдолг увеличился до 17,7 миллиарда долларов.    Погашение внешнего долга за это время составило 1,16 миллиарда долларов, из них 533 миллиона ушло правительству и банкам России, а 387 миллионов — Китаю.    Ранее президент России Владимир Путин и действующий глава Белоруссии Александр Лукашенко договорились о выделении республике нового кредита в размере 1,5 миллиарда долларов, из которых миллиард предоставят в этом году. По всей видимости, он пойдет на платежи по текущим обязательствам.    Уже после этого Лукашенко предложил губернатору Ленинградской области Александру Дрозденко построить в регионе совместный морской порт. Деньги на него действующий глава Белоруссии собрался взять из средств, которые в виде кредита предоставила Россия на строительство Белорусской АЭС.    Для сравнения, госдолг Украины на 1 сентября составил 85,1 миллиарда долларов, что в пересчете на душу населения несколько меньше, чем у Белоруссии.    Рост госдолга для Белоруссии сопровождается истощением золотовалютных резервов. На поддержку курса белорусского рубля Нацбанк к 1 сентября менее чем за месяц потратил 15 процентов запасов.    https://lenta.ru/news/2020/09/30/dolzhnik/</raw>
      <annotated> <DocCreationTime DayOfWeek="2020-W40-3"><TE Category="Date" Value="2020-09-30">2020-09-30</TE></DocCreationTime>    Белоруссия увеличила госдолг почти на треть    Государственный долг Белоруссии с <TE Category="Date" Value="2020-START"><Field Category="Phase">начала</Field> <Field Category="Year"><Restored Through="DCT" U_Class="6">года</Restored></Field></TE> вырос почти на треть (29,1 процента) — до 57,8 миллиарда белорусских рублей (21,5 миллиарда долларов по текущему курсу). Об этом говорится в сообщении белорусского министерства финансов.    В общей сложности за <TE Category="Dur" Value="P8M">восемь месяцев</TE> власти республики привлекли займы в размере 1,9 миллиарда долларов. Внешний госдолг увеличился до 17,7 миллиарда долларов.    Погашение внешнего долга за это время составило 1,16 миллиарда долларов, из них 533 миллиона ушло правительству и банкам России, а 387 миллионов — Китаю.    Ранее президент России Владимир Путин и действующий глава Белоруссии Александр Лукашенко договорились о выделении республике нового кредита в размере 1,5 миллиарда долларов, из которых миллиард предоставят в <Anchored To="DCT" U_Class="1-DA"><Field Category="Year"><TE Category="Date" Value="2020">этом году</TE></Field></Anchored>. По всей видимости, он пойдет на платежи по текущим обязательствам.    Уже после этого Лукашенко предложил губернатору Ленинградской области Александру Дрозденко построить в регионе совместный морской порт. Деньги на него действующий глава Белоруссии собрался взять из средств, которые в виде кредита предоставила Россия на строительство Белорусской АЭС.    Для сравнения, госдолг Украины на <TE Category="Date" Value="2020-09-01"><Field Category="Day">1</Field> <Field Category="MonthName"><Restored Through="DCT" U_Class="4">сентября</Restored></Field></TE> составил 85,1 миллиарда долларов, что в пересчете на душу населения несколько меньше, чем у Белоруссии.    Рост госдолга для Белоруссии сопровождается истощением золотовалютных резервов. На поддержку курса белорусского рубля Нацбанк к <TE Category="Date" Value="2020-09-01"><Field Category="Day">1</Field> <Field Category="MonthName"><Restored Through="DCT" U_Class="4">сентября</Restored></Field></TE> <TE Category="Dur" Value="P1M-Less">менее чем за месяц</TE> потратил 15 процентов запасов.    https://lenta.ru/news/2020/09/30/dolzhnik/</annotated>
    </text>
    <annotations>
      <annotation DayOfWeek="2020-W40-3" __Id="295" __Class="DocCreationTime" __From="1" __To="10"/>
      <annotation Category="Date" Value="2020-09-30" __Id="296" __Class="TE" __From="1" __To="10"/>
      <annotation Category="Phase" __Id="299" __Class="Field" __From="96" __To="101"/>
      <annotation Category="Date" Value="2020-START" __Id="300" __Class="TE" __From="96" __To="106"/>
      <annotation Category="Year" __Id="301" __Class="Field" __From="103" __To="106"/>
      <annotation Through="DCT" U_Class="6" __Id="302" __Class="Restored" __From="103" __To="106"/>
      <annotation Category="Dur" Value="P8M" __Id="305" __Class="TE" __From="319" __To="332"/>
      <annotation To="DCT" U_Class="1-DA" __Id="309" __Class="Anchored" __From="825" __To="833"/>
      <annotation Category="Year" __Id="310" __Class="Field" __From="825" __To="833"/>
      <annotation Category="Date" Value="2020" __Id="311" __Class="TE" __From="825" __To="833"/>
      <annotation Category="Day" __Id="316" __Class="Field" __From="1227" __To="1227"/>
      <annotation Category="Date" Value="2020-09-01" __Id="317" __Class="TE" __From="1227" __To="1236"/>
      <annotation Category="MonthName" __Id="318" __Class="Field" __From="1229" __To="1236"/>
      <annotation Through="DCT" U_Class="4" __Id="319" __Class="Restored" __From="1229" __To="1236"/>
      <annotation Category="Day" __Id="322" __Class="Field" __From="1473" __To="1473"/>
      <annotation Category="Date" Value="2020-09-01" __Id="323" __Class="TE" __From="1473" __To="1482"/>
      <annotation Category="MonthName" __Id="324" __Class="Field" __From="1475" __To="1482"/>
      <annotation Through="DCT" U_Class="4" __Id="325" __Class="Restored" __From="1475" __To="1482"/>
      <annotation Category="Dur" Value="P1M-Less" __Id="326" __Class="TE" __From="1484" __To="1501"/>
    </annotations>
    <relations>
    </relations>
  </document>
</xml>
