<xml generator="AnnotationTools" target="public" format-version="1">
  <document>
    <text>
      <raw> 2012-08-14    Следствие просит продлить арест обвиняемых в убийстве судьи Чувашова    Следствие просит суд продлить срок содержания под стражей обвиняемых в убийстве в 2010 году судьи Мосгорсуда Эдуарда Чувашова, сообщил журналистам во вторник официальный представитель СК РФ Владимир Маркин.    Ранее Басманный суд Москвы заключил под стражу уроженца Подмосковья Вячеслава Исаева - второго обвиняемого по делу об убийстве в 2010 году судьи Мосгорсуда Эдуарда Чувашова. Судья Ольга Солопова удовлетворила ходатайство следствия, отправив Исаева под арест до 16 августа, как ранее и другого обвиняемого Максима Баклагина.    &quot;В связи с необходимостью проведения большого объема следственных действий следствие ходатайствует перед судом о продлении срока содержания под стражей Вячеславу Исаеву и Максиму Баклагину&quot;, - сказал Маркин.    Убийство судьи    Судья Чувашов был застрелен 12 апреля 2010 года в подъезде своего дома в Стрельбищенском переулке. За время работы в Мосгорсуде Чувашов рассмотрел более 20 уголовных дел, как правило, по тяжким и особо тяжким преступлениям - убийствам, в том числе на национальной почве, вымогательствам и получениям взяток в особо крупном размере.    По версии ФСБ, Баклагин и Исаев придерживаются праворадикальных взглядов и с 2004 года по настоящее время они участвовали в деятельности ряда законспирированных вооруженных групп (&quot;Объединенные бригады 88&quot; (ОБ 88), &quot;Боевая организация русских националистов&quot; (БОРЩ &quot;Автономная группа сопротивления&quot; (АГС) &quot;Русский щит&quot;).    Мужчины подозреваются в ряде тяжких преступлений на территории Подмосковья в 2008-2010 годах.    Ранее по данному уголовному делу был привлечен в качестве обвиняемого Алексей Коршунов 1983 года рождения, который скончался 4 октября 2011 в городе Запорожье (Украина) в результате взрыва гранаты.    Как рассказал официальный представитель Следственного комитета России Владимир Маркин, 12 апреля 2010 года эти трое мужчин убили судью Чувашова &quot;из мести за осуществление им законной деятельности по отправлению правосудия при рассмотрении уголовных дел и вынесении приговоров в отношении лиц, исповедующих радикальные националистические взгляды и обвинявшихся в совершении убийств&quot;.    Официальный представитель СК добавил, что преступники тщательно готовились к убийству судьи, следили за ним, изучили расписание его слушаний уголовных дел.    Кроме того, по версии следствия, мужчины 16 ноября 2009 года убили активного участника антифашистского движения Ивана Хуторского.    Исаев и Баклагин обвиняются сразу по нескольким статьям УК РФ, одна из которых, &quot;убийство&quot; предполагает вплоть до пожизненного заключения.    &quot;В настоящее время проводится комплекс следственных действий, направленных на закреплении доказательственной базы. Расследование уголовного дела продолжается&quot;, - сказал Маркин.    http://rapsinews.ru/moscourts news/20120814/264246672.html</raw>
      <annotated> <DocCreationTime DayOfWeek="2012-W33-2"><TE Category="Date" Value="2012-08-14">2012-08-14</TE></DocCreationTime>    Следствие просит продлить арест обвиняемых в убийстве судьи Чувашова    Следствие просит суд продлить срок содержания под стражей обвиняемых в убийстве в <Field Category="Year"><TE Category="Date" Value="2010">2010 году</TE></Field> судьи Мосгорсуда Эдуарда Чувашова, сообщил журналистам во <Field Category="DayOfWeek"><Restored Through="DCT" U_Class="4"><TE Category="Date" Value="2012-W33-2">вторник</TE></Restored></Field> официальный представитель СК РФ Владимир Маркин.    Ранее Басманный суд Москвы заключил под стражу уроженца Подмосковья Вячеслава Исаева - второго обвиняемого по делу об убийстве в <Field Category="Year"><TE Category="Date" Value="2010">2010 году</TE></Field> судьи Мосгорсуда Эдуарда Чувашова. Судья Ольга Солопова удовлетворила ходатайство следствия, отправив Исаева под арест до <TE Category="Date" Value="2012-08-16"><Field Category="Day">16</Field> <Field Category="MonthName"><Restored Through="DCT" U_Class="4">августа</Restored></Field></TE>, как ранее и другого обвиняемого Максима Баклагина.    &quot;В связи с необходимостью проведения большого объема следственных действий следствие ходатайствует перед судом о продлении срока содержания под стражей Вячеславу Исаеву и Максиму Баклагину&quot;, - сказал Маркин.    Убийство судьи    Судья Чувашов был застрелен <TE Category="Date" Value="2010-04-12"><Field Category="Day">12</Field> <Field Category="MonthName">апреля</Field> <Field Category="Year">2010 года</Field></TE> в подъезде своего дома в Стрельбищенском переулке. За время работы в Мосгорсуде Чувашов рассмотрел более 20 уголовных дел, как правило, по тяжким и особо тяжким преступлениям - убийствам, в том числе на национальной почве, вымогательствам и получениям взяток в особо крупном размере.    По версии ФСБ, Баклагин и Исаев придерживаются праворадикальных взглядов и с <Field Category="Year"><TE Category="Date" Value="2004">2004 года</TE></Field> по настоящее время они участвовали в деятельности ряда законспирированных вооруженных групп (&quot;Объединенные бригады 88&quot; (ОБ 88), &quot;Боевая организация русских националистов&quot; (БОРЩ &quot;Автономная группа сопротивления&quot; (АГС) &quot;Русский щит&quot;).    Мужчины подозреваются в ряде тяжких преступлений на территории Подмосковья в <Field Category="Year"><TE Category="Date" Value="2008">2008</TE></Field>-<Field Category="Year"><TE Category="Date" Value="2010">2010 годах</TE></Field>.    Ранее по данному уголовному делу был привлечен в качестве обвиняемого Алексей Коршунов <Field Category="Year"><TE Category="Date" Value="1983">1983 года</TE></Field> рождения, который скончался <TE Category="Date" Value="2011-10-04"><Field Category="Day">4</Field> <Field Category="MonthName">октября</Field> <Field Category="Year">2011</Field></TE> в городе Запорожье (Украина) в результате взрыва гранаты.    Как рассказал официальный представитель Следственного комитета России Владимир Маркин, <TE Category="Date" Value="2010-04-12"><Field Category="Day">12</Field> <Field Category="MonthName">апреля</Field> <Field Category="Year">2010 года</Field></TE> эти трое мужчин убили судью Чувашова &quot;из мести за осуществление им законной деятельности по отправлению правосудия при рассмотрении уголовных дел и вынесении приговоров в отношении лиц, исповедующих радикальные националистические взгляды и обвинявшихся в совершении убийств&quot;.    Официальный представитель СК добавил, что преступники тщательно готовились к убийству судьи, следили за ним, изучили расписание его слушаний уголовных дел.    Кроме того, по версии следствия, мужчины <TE Category="Date" Value="2009-11-16"><Field Category="Day">16</Field> <Field Category="MonthName">ноября</Field> <Field Category="Year">2009 года</Field></TE> убили активного участника антифашистского движения Ивана Хуторского.    Исаев и Баклагин обвиняются сразу по нескольким статьям УК РФ, одна из которых, &quot;убийство&quot; предполагает вплоть до пожизненного заключения.    &quot;В настоящее время проводится комплекс следственных действий, направленных на закреплении доказательственной базы. Расследование уголовного дела продолжается&quot;, - сказал Маркин.    http://rapsinews.ru/moscourts news/20120814/264246672.html</annotated>
    </text>
    <annotations>
      <annotation DayOfWeek="2012-W33-2" __Id="485" __Class="DocCreationTime" __From="1" __To="10"/>
      <annotation Category="Date" Value="2012-08-14" __Id="486" __Class="TE" __From="1" __To="10"/>
      <annotation Category="Year" __Id="489" __Class="Field" __From="169" __To="177"/>
      <annotation Category="Date" Value="2010" __Id="490" __Class="TE" __From="169" __To="177"/>
      <annotation Category="DayOfWeek" __Id="491" __Class="Field" __From="237" __To="243"/>
      <annotation Through="DCT" U_Class="4" __Id="492" __Class="Restored" __From="237" __To="243"/>
      <annotation Category="Date" Value="2012-W33-2" __Id="493" __Class="TE" __From="237" __To="243"/>
      <annotation Category="Year" __Id="495" __Class="Field" __From="426" __To="434"/>
      <annotation Category="Date" Value="2010" __Id="496" __Class="TE" __From="426" __To="434"/>
      <annotation Category="Day" __Id="498" __Class="Field" __From="558" __To="559"/>
      <annotation Category="Date" Value="2012-08-16" __Id="499" __Class="TE" __From="558" __To="567"/>
      <annotation Category="MonthName" __Id="500" __Class="Field" __From="561" __To="567"/>
      <annotation Through="DCT" U_Class="4" __Id="501" __Class="Restored" __From="561" __To="567"/>
      <annotation Category="Day" __Id="505" __Class="Field" __From="891" __To="892"/>
      <annotation Category="Date" Value="2010-04-12" __Id="506" __Class="TE" __From="891" __To="909"/>
      <annotation Category="MonthName" __Id="507" __Class="Field" __From="894" __To="899"/>
      <annotation Category="Year" __Id="508" __Class="Field" __From="901" __To="909"/>
      <annotation Category="Year" __Id="511" __Class="Field" __From="1275" __To="1283"/>
      <annotation Category="Date" Value="2004" __Id="512" __Class="TE" __From="1275" __To="1283"/>
      <annotation Category="Year" __Id="514" __Class="Field" __From="1638" __To="1641"/>
      <annotation Category="Date" Value="2008" __Id="515" __Class="TE" __From="1638" __To="1641"/>
      <annotation Category="Year" __Id="516" __Class="Field" __From="1643" __To="1652"/>
      <annotation Category="Date" Value="2010" __Id="517" __Class="TE" __From="1643" __To="1652"/>
      <annotation Category="Year" __Id="519" __Class="Field" __From="1745" __To="1753"/>
      <annotation Category="Date" Value="1983" __Id="520" __Class="TE" __From="1745" __To="1753"/>
      <annotation Category="Day" __Id="521" __Class="Field" __From="1783" __To="1783"/>
      <annotation Category="Date" Value="2011-10-04" __Id="522" __Class="TE" __From="1783" __To="1796"/>
      <annotation Category="MonthName" __Id="523" __Class="Field" __From="1785" __To="1791"/>
      <annotation Category="Year" __Id="524" __Class="Field" __From="1793" __To="1796"/>
      <annotation Category="Day" __Id="526" __Class="Field" __From="1946" __To="1947"/>
      <annotation Category="Date" Value="2010-04-12" __Id="527" __Class="TE" __From="1946" __To="1964"/>
      <annotation Category="MonthName" __Id="528" __Class="Field" __From="1949" __To="1954"/>
      <annotation Category="Year" __Id="529" __Class="Field" __From="1956" __To="1964"/>
      <annotation Category="Day" __Id="532" __Class="Field" __From="2455" __To="2456"/>
      <annotation Category="Date" Value="2009-11-16" __Id="533" __Class="TE" __From="2455" __To="2473"/>
      <annotation Category="MonthName" __Id="534" __Class="Field" __From="2458" __To="2463"/>
      <annotation Category="Year" __Id="535" __Class="Field" __From="2465" __To="2473"/>
    </annotations>
    <relations>
    </relations>
  </document>
</xml>
