<xml generator="AnnotationTools" format="public" version="1">
  <document>
    <text>
      <raw> 2019-12-30    Российские миллиардеры рекордно разбогатели    Состояние российских миллиардеров за 2019 год увеличилось на 52,9 миллиарда долларов. Это рекордный показатель за последние четыре года, передает принадлежащее Григорию Березкину издание РБК со ссылкой на подсчеты Bloomberg.    В список включены 23 российских участника рейтинга Bloomberg Billionaires Index (BBI, 500 богатейших людей планеты). Больше всех в уходящем году разбогател совладелец «Норникеля» Владимир Потанин. Его состояние выросло на 8,5 миллиарда долларов до 28,2 миллиарда.    Следом идет президент «Лукойла» Вагит Алекперов (рост — 6,2 миллиарда, состояние — 22,3 миллиарда) и совладелец НОВАТЭКа Леонид Михельсон (рост — 5,2 миллиарда, состояние — 24,6 миллиарда). Также в пятерке лидеров еще один акционер указанных выше компаний Геннадий Тимченко (рост — 4,3 миллиарда, состояние — 18,2 миллиарда) и глава совета директоров НЛМК Владимир Лисин (рост — 3,5 миллиарда, состояние — 21,3 миллиарда).    До этого такой же рейтинг представил журнал Forbes. В нем Потанин также оказался на первом месте, но его успехи эксперты оценили несколько слабее — плюс 7,8 миллиарда долларов за год. В этом рейтинге поменялись местами Михельсон и Алекперов. У первого прибавка к капиталу составила 5,9 миллиарда долларов, у второго — 5,3 миллиарда.    Михельсона Forbes назвал самым успешным российским предпринимателем 2010-х годов. С начала десятилетия его состояние увеличилось на 22,6 миллиарда долларов.    https://lenta.ru/news/2019/12/30/rich/</raw>
      <annotated> <DocCreationTime DayOfWeek="2019-W01-1"><TE Category="Date" Value="2019-12-30">2019-12-30</TE></DocCreationTime>    Российские миллиардеры рекордно разбогатели    Состояние российских миллиардеров за <Field Category="Year"><TE Category="Date" Value="2019">2019 год</TE></Field> увеличилось на 52,9 миллиарда долларов. Это рекордный показатель за последние <TE Category="Dur" Value="P4Y">четыре года</TE>, передает принадлежащее Григорию Березкину издание РБК со ссылкой на подсчеты Bloomberg.    В список включены 23 российских участника рейтинга Bloomberg Billionaires Index (BBI, 500 богатейших людей планеты). Больше всех в <TE Category="Date" Value="2019">уходящем году</TE> разбогател совладелец «Норникеля» Владимир Потанин. Его состояние выросло на 8,5 миллиарда долларов до 28,2 миллиарда.    Следом идет президент «Лукойла» Вагит Алекперов (рост — 6,2 миллиарда, состояние — 22,3 миллиарда) и совладелец НОВАТЭКа Леонид Михельсон (рост — 5,2 миллиарда, состояние — 24,6 миллиарда). Также в пятерке лидеров еще один акционер указанных выше компаний Геннадий Тимченко (рост — 4,3 миллиарда, состояние — 18,2 миллиарда) и глава совета директоров НЛМК Владимир Лисин (рост — 3,5 миллиарда, состояние — 21,3 миллиарда).    До этого такой же рейтинг представил журнал Forbes. В нем Потанин также оказался на первом месте, но его успехи эксперты оценили несколько слабее — плюс 7,8 миллиарда долларов за <TE Category="Dur" Value="P1Y">год</TE>. В этом рейтинге поменялись местами Михельсон и Алекперов. У первого прибавка к капиталу составила 5,9 миллиарда долларов, у второго — 5,3 миллиарда.    Михельсона Forbes назвал самым успешным российским предпринимателем <Field Category="YearsX0"><TE Category="Date" Value="201">2010-х годов</TE></Field>. С <TE Category="Date" Value="201-START"><Field Category="Phase">начала</Field> <Field Category="TenYears">десятилетия</Field></TE> его состояние увеличилось на 22,6 миллиарда долларов.    https://lenta.ru/news/2019/12/30/rich/</annotated>
    </text>
<!-- NOTE: Annotation boundaries below corresponds to text without XHTML-entities encoding. -->
    <annotations>
      <annotation DayOfWeek="2019-W01-1" __Id="316" __Class="DocCreationTime" __From="1" __To="10"/>
      <annotation Category="Date" Value="2019-12-30" __Id="317" __Class="TE" __From="1" __To="10"/>
      <annotation Category="Year" __Id="320" __Class="Field" __From="99" __To="106"/>
      <annotation Category="Date" Value="2019" __Id="321" __Class="TE" __From="99" __To="106"/>
      <annotation Category="Dur" Value="P4Y" __Id="323" __Class="TE" __From="186" __To="196"/>
      <annotation Category="Date" Value="2019" __Id="326" __Class="TE" __From="421" __To="433"/>
      <annotation Category="Dur" Value="P1Y" __Id="332" __Class="TE" __From="1162" __To="1164"/>
      <annotation Category="YearsX0" __Id="336" __Class="Field" __From="1387" __To="1398"/>
      <annotation Category="Date" Value="201" __Id="337" __Class="TE" __From="1387" __To="1398"/>
      <annotation Category="Phase" __Id="339" __Class="Field" __From="1403" __To="1408"/>
      <annotation Category="Date" Value="201-START" __Id="340" __Class="TE" __From="1403" __To="1420"/>
      <annotation Category="TenYears" __Id="341" __Class="Field" __From="1410" __To="1420"/>
    </annotations>
    <relations>
    </relations>
  </document>
</xml>
