<xml generator="AnnotationTools" format-version="1">
  <document>
    <text>
      <raw> ¶2020-09-04    ¶Клиентам европейского банка заплатят за обманутое доверие    ¶Крупнейший банк Дании Danske Bank заплатит клиентам за обманутое доверие после того, как их вложения в инвестиционные продукты и стратегии, позиционировавшиеся как низкорисковые, обернулись убытками, пишет Bloomberg.    ¶Глава отдела обслуживания частных клиентов Бенте Нильсен рассказал, что из-за недостаточного информирования со стороны банка средств лишились около 900 человек. «Мы приносим свои извинения и, конечно, выплатим компенсацию пострадавшим клиентам», — отметил топ-менеджер.    ¶О каких именно стратегиях и продуктах идет речь, не уточняется, однако известно, что европейский банк рекламировал их как наиболее надежные и подходящие клиентам, предпочитающим невысокую доходность с соответствующим уровнем риска. Размер компенсации клиентам составит 16 миллионов долларов и должен покрыть понесенные ими убытки.    ¶За последние три года Danske Bank неоднократно оказывался в центре скандалов. В 2018-м его эстонский филиал был заподозрен в отмывании денег клиентов через открытые в кредитной организации счета. По итогам расследования прибалтийское подразделение было закрыто.    ¶В конце прошлого года банк столкнулся аналогичными нынешним претензиями после того, как выяснилось, что он собирал слишком высокие комиссии с клиентов, пользовавшихся его торговым приложением. Из-за этого их общий финансовый результат при вложении в низкорисковые активы также оказался отрицательным.    ¶В начале сентября стало известно, что датский регулятор финансового рынка проведет расследование на предмет завышения полной стоимости кредита для многих клиентов.    ¶https://lenta.ru/news/2020/09/04/comp/</raw>
      <annotated> ¶<DocCreationTime><TE>2020-09-04</TE></DocCreationTime>    ¶Клиентам европейского банка заплатят за обманутое доверие    ¶Крупнейший банк Дании Danske Bank заплатит клиентам за обманутое доверие после того, как их вложения в инвестиционные продукты и стратегии, позиционировавшиеся как низкорисковые, обернулись убытками, пишет Bloomberg.    ¶Глава отдела обслуживания частных клиентов Бенте Нильсен рассказал, что из-за недостаточного информирования со стороны банка средств лишились около 900 человек. «Мы приносим свои извинения и, конечно, выплатим компенсацию пострадавшим клиентам», — отметил топ-менеджер.    ¶О каких именно стратегиях и продуктах идет речь, не уточняется, однако известно, что европейский банк рекламировал их как наиболее надежные и подходящие клиентам, предпочитающим невысокую доходность с соответствующим уровнем риска. Размер компенсации клиентам составит 16 миллионов долларов и должен покрыть понесенные ими убытки.    ¶За последние <TE>три года</TE> Danske Bank неоднократно оказывался в центре скандалов. В <Field Category="Year"><TE>2018-м</TE></Field> его эстонский филиал был заподозрен в отмывании денег клиентов через открытые в кредитной организации счета. По итогам расследования прибалтийское подразделение было закрыто.    ¶В <TE><Field Category="Phase">конце</Field> <Anchored To="DCT"><Field Category="Year">прошлого года</Field></Anchored></TE> банк столкнулся аналогичными нынешним претензиями после того, как выяснилось, что он собирал слишком высокие комиссии с клиентов, пользовавшихся его торговым приложением. Из-за этого их общий финансовый результат при вложении в низкорисковые активы также оказался отрицательным.    ¶В <TE><Field Category="Phase">начале</Field> <Field Category="MonthName"><Restored Through="DCT">сентября</Restored></Field></TE> стало известно, что датский регулятор финансового рынка проведет расследование на предмет завышения полной стоимости кредита для многих клиентов.    ¶https://lenta.ru/news/2020/09/04/comp/</annotated>
    </text>
    <annotations>
      <annotation DayOfWeek="2020-W36-5" __Id="283" __Class="DocCreationTime" __From="2" __To="11"/>
      <annotation Category="Date" Value="2020-09-04" __Id="284" __Class="TE" __From="2" __To="11"/>
      <annotation Category="Dur" Value="P3Y" __Id="292" __Class="TE" __From="922" __To="929"/>
      <annotation Category="Year" __Id="294" __Class="Field" __From="989" __To="994"/>
      <annotation Category="Date" Value="2018" __Id="295" __Class="TE" __From="989" __To="994"/>
      <annotation Category="Phase" __Id="298" __Class="Field" __From="1177" __To="1181"/>
      <annotation Category="Date" Value="2019-END" __Id="299" __Class="TE" __From="1177" __To="1195"/>
      <annotation To="DCT" U_Class="1-D" __Id="300" __Class="Anchored" __From="1183" __To="1195"/>
      <annotation Category="Year" __Id="301" __Class="Field" __From="1183" __To="1195"/>
      <annotation Category="Phase" __Id="304" __Class="Field" __From="1482" __To="1487"/>
      <annotation Category="Date" Value="2020-09-START" __Id="305" __Class="TE" __From="1482" __To="1496"/>
      <annotation Category="MonthName" __Id="306" __Class="Field" __From="1489" __To="1496"/>
      <annotation Through="DCT" U_Class="4" __Id="307" __Class="Restored" __From="1489" __To="1496"/>
    </annotations>
    <relations>
    </relations>
  </document>
</xml>
