<xml generator="AnnotationTools" format="public" version="1">
  <document>
    <text>
      <raw> 2020-04-17    Россия и Саудовская Аравия приготовились к новым действиям по нефти    Россия и Саудовская Аравия дали понять, что готовы к дальнейшему сокращению добычи нефти на фоне продолжающегося падения стоимости сырья, пишет Bloomberg.    Такое вывод издание сделало на основании совместного после телефонных переговоров заявления министра энергетики России Александра Новака и его саудовского коллеги — принца Абдул Азиза бин Салмана.    В нем говорится, что страны, взявшие на себя обязательства снизить добычу на 2,5 миллиона баррелей, продолжат следить за рынком нефти и, если потребуется, будут готовы принимать необходимые меры.    Также в воскресенье, 12 апреля, бин Салман говорил, что его страна готова еще сократить добычу нефти в случае необходимости, когда альянс ОПЕК+ вновь соберется в июне.    Сделка стран ОПЕК+ о сокращении мировой добычи на 9,7 миллиона баррелей в день не впечатлила рынок. С того момента нефтяные котировки опустились более чем на десять процентов, а стоимость сорта WTI достигла самого низкого уровня с начала века.    Предполагалось, что ОПЕК+ и страны «Большой двадцатки», в том числе США, уберут с рынка еще 5-10 миллионов баррелей, но пока эта информация не подтвердилась. При этом, по оценкам международных институтов, добыча превышает спрос на 25 миллионов баррелей в сутки, то есть даже такого суммарного сокращения может оказаться недостаточно.    https://lenta.ru/news/2020/04/17/ischo/</raw>
      <annotated> <DocCreationTime DayOfWeek="2020-W16-5"><TE Category="Date" Value="2020-04-17">2020-04-17</TE></DocCreationTime>    Россия и Саудовская Аравия приготовились к новым действиям по нефти    Россия и Саудовская Аравия дали понять, что готовы к дальнейшему сокращению добычи нефти на фоне продолжающегося падения стоимости сырья, пишет Bloomberg.    Такое вывод издание сделало на основании совместного после телефонных переговоров заявления министра энергетики России Александра Новака и его саудовского коллеги — принца Абдул Азиза бин Салмана.    В нем говорится, что страны, взявшие на себя обязательства снизить добычу на 2,5 миллиона баррелей, продолжат следить за рынком нефти и, если потребуется, будут готовы принимать необходимые меры.    Также в <Field Category="DayOfWeek"><TE Category="Date" Value="2020-W15-7">воскресенье</TE></Field>, <TE Category="Date" Value="2020-04-12"><Field Category="Day">12</Field> <Field Category="MonthName">апреля</Field></TE>, бин Салман говорил, что его страна готова еще сократить добычу нефти в случае необходимости, когда альянс ОПЕК+ вновь соберется в <Field Category="MonthName"><TE Category="Date" Value="2020-06">июне</TE></Field>.    Сделка стран ОПЕК+ о сокращении мировой добычи на 9,7 миллиона баррелей в день не впечатлила рынок. С того момента нефтяные котировки опустились более чем на десять процентов, а стоимость сорта WTI достигла самого низкого уровня с <TE Category="Date" Value="20-START"><Field Category="Phase">начала</Field> <Field Category="Century">века</Field></TE>.    Предполагалось, что ОПЕК+ и страны «Большой двадцатки», в том числе США, уберут с рынка еще 5-10 миллионов баррелей, но пока эта информация не подтвердилась. При этом, по оценкам международных институтов, добыча превышает спрос на 25 миллионов баррелей в сутки, то есть даже такого суммарного сокращения может оказаться недостаточно.    https://lenta.ru/news/2020/04/17/ischo/</annotated>
    </text>
<!-- NOTE: Annotation boundaries below corresponds to text without XHTML-entities encoding. -->
    <annotations>
      <annotation DayOfWeek="2020-W16-5" __Id="279" __Class="DocCreationTime" __From="1" __To="10"/>
      <annotation Category="Date" Value="2020-04-17" __Id="280" __Class="TE" __From="1" __To="10"/>
      <annotation Category="DayOfWeek" __Id="286" __Class="Field" __From="651" __To="661"/>
      <annotation Category="Date" Value="2020-W15-7" __Id="288" __Class="TE" __From="651" __To="661"/>
      <annotation Category="Day" __Id="289" __Class="Field" __From="664" __To="665"/>
      <annotation Category="Date" Value="2020-04-12" __Id="290" __Class="TE" __From="664" __To="672"/>
      <annotation Category="MonthName" __Id="291" __Class="Field" __From="667" __To="672"/>
      <annotation Category="MonthName" __Id="293" __Class="Field" __From="805" __To="808"/>
      <annotation Category="Date" Value="2020-06" __Id="295" __Class="TE" __From="805" __To="808"/>
      <annotation Category="Phase" __Id="298" __Class="Field" __From="1045" __To="1050"/>
      <annotation Category="Date" Value="20-START" __Id="299" __Class="TE" __From="1045" __To="1055"/>
      <annotation Category="Century" __Id="300" __Class="Field" __From="1052" __To="1055"/>
    </annotations>
    <relations>
    </relations>
  </document>
</xml>
