<xml generator="AnnotationTools" format-version="1">
  <document>
    <text>
      <raw> 2020-09-04    Интернет от SpaceX достиг скорости 100 мегабит в секунду    В настоящее время система спутникового интернета Starlink американской SpaceX обеспечивает скорость скачивания 100 мегабит в секунду, сообщает Ars Technica, ссылаясь на сообщение компании. Подобные зарубежные системы, в частности, британская OneWeb, не получили разрешение на свою деятельность в России, то есть фактически запрещены.    По словам представителя SpaceX, рассказавшего о тестировании пользовательских терминалов Starlink, сеть обеспечивает «сверхнизкую задержку» (пинг), которая позволяет играть в онлайн-игры и скачивать сразу несколько роликов в HD-формате. В тестировании сети принимали участие бета-пользователи, оставившие заявку на сайте Starlink.    В настоящее время компания начала тестирование межспутникового соединения между космическими аппаратами Starlink, в результате чего между парой спутников при помощи лазерной связи было передано около 100 гигабайт данных. В SpaceX уверяют, что полномасштабное использование данной технологии сделает Starlink «одним из самых быстрых вариантов передачи данных по всему миру», что не только обеспечит малый пинг, но и «привлечет американских военных к инвестированию в Starlink для связи с истребителями».    Первую публичную версию сети SpaceX планирует развернуть уже в текущем году.    Издание отмечает, что первое публичное раскрытие скорости Starlink произошло на фоне того, как SpaceX борется за получение от Федеральной комиссии по связи США поддержки (до 16 миллиардов долларов в течение 10 лет) на оснащение интернетом сельских территорий. Согласно требованиям регулятора, скорость скачивания должна составлять не менее 25 мегабит в секунду, а пинг не должен превышать 100 миллисекунд.    В августе более десяти бета-пользователей интернета Starlink американской компании SpaceX раскрыли скорости системы. Согласно тесту Speedtest от Ookla, скорость скачивания составляет 11-60 мегабит в секунду, загрузки — 5-18 мегабит в секунду. При этом время задержки сигнала — 31-94 миллисекунды. У некоторых пользователей пинг составлял 20-21 миллисекунду.    В ноябре 2019 года издание Breaking Defense сообщило, что в декабре 2018 года Пентагон в рамках программы Defense Experimentation Using the Commercial Space Internet провел несколько экспериментов с системой околоземных спутников Starlink американской компании SpaceX.    Тогда же американский генерал Дэвид Кумашир сказал, что истребители пятого поколения F-22 Raptor и F-35 Lightning II смогут обмениваться информацией с многоразовым беспилотным космическим кораблем X-37B Orbital Test Vehicle (OTV).    В настоящее время на околоземной орбите находится более 700 космических аппаратов системы Starlink, всего планируется размещение 12 тысяч таких спутников.    Основанная в мае 2002 года получившим образование в области прикладной физики и материаловедения Илоном Маском компания SpaceX является мировым лидером по запуску ракет (Falcon 9) тяжелого класса, единственным в мире обладателем действующего сверхтяжелого носителя (Falcon Heavy) и крупнейшим в мире коммерческим оператором по числу собственных спутников (Starlink). Общее число сотрудников компании — около восьми тысяч. SpaceX первой в мире реализовала технологию многоразового использования в серийной ракете, позволяющую по конкурентным ценам продавать заказчикам фактически уже летавшие носители.    https://lenta.ru/news/2020/09/04/starlink/</raw>
      <annotated> <DocCreationTime DayOfWeek="2020-W36-5"><TE Category="Date" Value="2020-09-04">2020-09-04</TE></DocCreationTime>    Интернет от SpaceX достиг скорости 100 мегабит в секунду    В настоящее время система спутникового интернета Starlink американской SpaceX обеспечивает скорость скачивания 100 мегабит в секунду, сообщает Ars Technica, ссылаясь на сообщение компании. Подобные зарубежные системы, в частности, британская OneWeb, не получили разрешение на свою деятельность в России, то есть фактически запрещены.    По словам представителя SpaceX, рассказавшего о тестировании пользовательских терминалов Starlink, сеть обеспечивает «сверхнизкую задержку» (пинг), которая позволяет играть в онлайн-игры и скачивать сразу несколько роликов в HD-формате. В тестировании сети принимали участие бета-пользователи, оставившие заявку на сайте Starlink.    В настоящее время компания начала тестирование межспутникового соединения между космическими аппаратами Starlink, в результате чего между парой спутников при помощи лазерной связи было передано около 100 гигабайт данных. В SpaceX уверяют, что полномасштабное использование данной технологии сделает Starlink «одним из самых быстрых вариантов передачи данных по всему миру», что не только обеспечит малый пинг, но и «привлечет американских военных к инвестированию в Starlink для связи с истребителями».    Первую публичную версию сети SpaceX планирует развернуть уже в <Anchored To="DCT" U_Class="1-D"><Field Category="Year"><TE Category="Date" Value="2020">текущем году</TE></Field></Anchored>.    Издание отмечает, что первое публичное раскрытие скорости Starlink произошло на фоне того, как SpaceX борется за получение от Федеральной комиссии по связи США поддержки (до 16 миллиардов долларов в течение <TE Category="Dur" Value="P10Y">10 лет</TE>) на оснащение интернетом сельских территорий. Согласно требованиям регулятора, скорость скачивания должна составлять не менее 25 мегабит в секунду, а пинг не должен превышать 100 миллисекунд.    В <Field Category="MonthName"><Restored Through="DCT" U_Class="4"><TE Category="Date" Value="2020-08">августе</TE></Restored></Field> более десяти бета-пользователей интернета Starlink американской компании SpaceX раскрыли скорости системы. Согласно тесту Speedtest от Ookla, скорость скачивания составляет 11-60 мегабит в секунду, загрузки — 5-18 мегабит в секунду. При этом время задержки сигнала — 31-94 миллисекунды. У некоторых пользователей пинг составлял 20-21 миллисекунду.    В <TE Category="Date" Value="2019-11"><Field Category="MonthName">ноябре</Field> <Field Category="Year">2019 года</Field></TE> издание Breaking Defense сообщило, что в <TE Category="Date" Value="2018-12"><Field Category="MonthName">декабре</Field> <Field Category="Year">2018 года</Field></TE> Пентагон в рамках программы Defense Experimentation Using the Commercial Space Internet провел несколько экспериментов с системой околоземных спутников Starlink американской компании SpaceX.    Тогда же американский генерал Дэвид Кумашир сказал, что истребители пятого поколения F-22 Raptor и F-35 Lightning II смогут обмениваться информацией с многоразовым беспилотным космическим кораблем X-37B Orbital Test Vehicle (OTV).    В настоящее время на околоземной орбите находится более 700 космических аппаратов системы Starlink, всего планируется размещение 12 тысяч таких спутников.    Основанная в <TE Category="Date" Value="2002-05"><Field Category="MonthName">мае</Field> <Field Category="Year">2002 года</Field></TE> получившим образование в области прикладной физики и материаловедения Илоном Маском компания SpaceX является мировым лидером по запуску ракет (Falcon 9) тяжелого класса, единственным в мире обладателем действующего сверхтяжелого носителя (Falcon Heavy) и крупнейшим в мире коммерческим оператором по числу собственных спутников (Starlink). Общее число сотрудников компании — около восьми тысяч. SpaceX первой в мире реализовала технологию многоразового использования в серийной ракете, позволяющую по конкурентным ценам продавать заказчикам фактически уже летавшие носители.    https://lenta.ru/news/2020/09/04/starlink/</annotated>
    </text>
    <annotations>
      <annotation DayOfWeek="2020-W36-5" __Id="569" __Class="DocCreationTime" __From="1" __To="10"/>
      <annotation Category="Date" Value="2020-09-04" __Id="570" __Class="TE" __From="1" __To="10"/>
      <annotation To="DCT" U_Class="1-D" __Id="579" __Class="Anchored" __From="1315" __To="1326"/>
      <annotation Category="Year" __Id="580" __Class="Field" __From="1315" __To="1326"/>
      <annotation Category="Date" Value="2020" __Id="581" __Class="TE" __From="1315" __To="1326"/>
      <annotation Category="Dur" Value="P10Y" __Id="583" __Class="TE" __From="1539" __To="1544"/>
      <annotation Category="MonthName" __Id="586" __Class="Field" __From="1743" __To="1749"/>
      <annotation Through="DCT" U_Class="4" __Id="587" __Class="Restored" __From="1743" __To="1749"/>
      <annotation Category="Date" Value="2020-08" __Id="588" __Class="TE" __From="1743" __To="1749"/>
      <annotation Category="MonthName" __Id="593" __Class="Field" __From="2104" __To="2109"/>
      <annotation Category="Date" Value="2019-11" __Id="594" __Class="TE" __From="2104" __To="2119"/>
      <annotation Category="Year" __Id="595" __Class="Field" __From="2111" __To="2119"/>
      <annotation Category="MonthName" __Id="596" __Class="Field" __From="2162" __To="2168"/>
      <annotation Category="Date" Value="2018-12" __Id="597" __Class="TE" __From="2162" __To="2178"/>
      <annotation Category="Year" __Id="598" __Class="Field" __From="2170" __To="2178"/>
      <annotation Category="MonthName" __Id="602" __Class="Field" __From="2779" __To="2781"/>
      <annotation Category="Date" Value="2002-05" __Id="603" __Class="TE" __From="2779" __To="2791"/>
      <annotation Category="Year" __Id="604" __Class="Field" __From="2783" __To="2791"/>
    </annotations>
    <relations>
    </relations>
  </document>
</xml>
