<xml generator="AnnotationTools" target="public" format-version="1">
  <document>
    <text>
      <raw> 2020-09-29    Собянин упростил порядок получения госуслуг для инвалидов    Москвичам больше не нужно представлять сведения о наличии у них инвалидности для получения государственных услуг и мер соцподдержки. Соответствующее постановление подписал мэр города Сергей Собянин.    Ранее такие справки требовались от людей с инвалидностью для получения льгот поддержки по оплате телефонной связи, оформления денежных выплат семьям с детьми и доплат к пенсиям, обеспечения техническими средствами реабилитации и многих других. Теперь подтверждение статуса инвалида будет осуществляться в беззаявительной форме через «Федеральный реестр инвалидов». В базе содержится информация об инвалидности, исполнении индивидуальной программы реабилитации и абилитации инвалидов, пенсионном обеспечении и осуществляемых социальных выплатах.    На сегодняшний день в столице проживает более миллиона людей с инвалидностью, порядка 44,5 тысячи из них — дети.    Люди с инвалидностью получают реабилитационные услуги, адресную социальную помощь, обеспечиваются техническими средствами реабилитации и протезно-ортопедическими изделиями, а одной из важнейших составляющих модернизации города является создание инклюзивной среды и безбарьерного пространства. На сегодняшний день более 85 процентов социально значимых учреждений адаптированы для нужд маломобильных категорий горожан.    Особое внимание уделяется вопросам реабилитации и абилитации людей с инвалидностью. Сегодня в системе столичного Департамента труда и соцзащиты функционируют 19 реабилитационных и реабилитационно-образовательных учреждений.    Помимо стационарной и амбулаторной реабилитации, которые проходят в стенах учреждений, в Москве есть услуга мобильной реабилитации. Сегодня в городе работают 47 бригад службы мобильной реабилитации, оказывающих услуги на дому людям с инвалидностью, которым сложно передвигаться самостоятельно. По итогам года помощь мобильных реабилитационных бригад получат порядка 2,1 тысячи москвичей.    Городом оказывается помощь молодым инвалидам с тяжелыми множественными нарушениями в подготовке их к самостоятельной жизни или проживанию с сопровождением, чтобы они могли вести полноценную и достойную жизнь, когда по тем или иным причинам не смогут жить в родительском доме. Это проект «Социальная гостиница учебного самостоятельного проживания для инвалидов» для людей, имеющих психофизические нарушения.    На базе подведомственных Департаменту центров и в рамках реализуемых НКО проектов также функционируют творческие мастерские, где люди с инвалидностью могут реализовать себя. Один из знаковых примеров партнерства с НКО   выездная комплексная реабилитация в здравницах Черноморского побережья, которая реализуется за счет именной субсидии Московской городской ассоциации родителей детей-инвалидов (МГАРДИ). Ежегодно на реабилитацию в Крым Департамент направляет порядка 6 тысяч детей и молодых инвалидов, тысяча из которых – в партнерстве с МГАРДИ. С начала года, не смотря на эпидемиологическую ситуацию, на выездную реабилитацию в сопровождении родителей уже направлено свыше 2 тысяч человек.    Детям с инвалидностью, помимо обязательной федеральной поддержки в размере 16 тыс. рублей и набора социальных услуг, предоставляются дополнительные региональные льготы. Так, семье, в которой воспитывается ребенок-инвалид ежемесячно выплачивается 12,6 тысячи рублей. Для приемных родителей эта сумма выше и составляет 28,4 тысячи рублей. Кроме того, предоставляется скидка по оплате жилья и коммунальных услуг в размере 50 процентов, льготный проезд обоим родителям, ежегодная компенсационная выплата на приобретение школьной формы (10 тысяч рублей). Все льготы назначаются вне зависимости от материального положения семьи.    Одним из показателей доступной среды является степень приспособленности городского пассажирского транспорта для маломобильных групп населения. На балансе «Мосгортранса» числится почти 97 процентов автобусов и 62 процента трамваев с низким уровнем пола, оборудованные для проезда маломобильных пассажиров.    Также город оказывает людям с инвалидностью бесплатную психологическую и юридическую помощь.    https://lenta.ru/news/2020/09/29/invalidy/</raw>
      <annotated> <DocCreationTime DayOfWeek="2020-W40-2"><TE Category="Date" Value="2020-09-29">2020-09-29</TE></DocCreationTime>    Собянин упростил порядок получения госуслуг для инвалидов    Москвичам больше не нужно представлять сведения о наличии у них инвалидности для получения государственных услуг и мер соцподдержки. Соответствующее постановление подписал мэр города Сергей Собянин.    Ранее такие справки требовались от людей с инвалидностью для получения льгот поддержки по оплате телефонной связи, оформления денежных выплат семьям с детьми и доплат к пенсиям, обеспечения техническими средствами реабилитации и многих других. Теперь подтверждение статуса инвалида будет осуществляться в беззаявительной форме через «Федеральный реестр инвалидов». В базе содержится информация об инвалидности, исполнении индивидуальной программы реабилитации и абилитации инвалидов, пенсионном обеспечении и осуществляемых социальных выплатах.    На <Anchored To="DCT" U_Class="1-D">сегодняшний день</Anchored> в столице проживает более миллиона людей с инвалидностью, порядка 44,5 тысячи из них — дети.    Люди с инвалидностью получают реабилитационные услуги, адресную социальную помощь, обеспечиваются техническими средствами реабилитации и протезно-ортопедическими изделиями, а одной из важнейших составляющих модернизации города является создание инклюзивной <Field Category="DayOfWeek"><Restored Through="DCT" U_Class="4">среды</Restored></Field> и безбарьерного пространства. На <Anchored To="DCT" U_Class="1-D">сегодняшний день</Anchored> более 85 процентов социально значимых учреждений адаптированы для нужд маломобильных категорий горожан.    Особое внимание уделяется вопросам реабилитации и абилитации людей с инвалидностью. <Anchored To="DCT" U_Class="1-D"><Field Category="Day">Сегодня</Field></Anchored> в системе столичного Департамента труда и соцзащиты функционируют 19 реабилитационных и реабилитационно-образовательных учреждений.    Помимо стационарной и амбулаторной реабилитации, которые проходят в стенах учреждений, в Москве есть услуга мобильной реабилитации. <Anchored To="DCT" U_Class="1-D"><Field Category="Day">Сегодня</Field></Anchored> в городе работают 47 бригад службы мобильной реабилитации, оказывающих услуги на дому людям с инвалидностью, которым сложно передвигаться самостоятельно. По итогам <TE Category="Date" Value="2020">года</TE> помощь мобильных реабилитационных бригад получат порядка 2,1 тысячи москвичей.    Городом оказывается помощь молодым инвалидам с тяжелыми множественными нарушениями в подготовке их к самостоятельной жизни или проживанию с сопровождением, чтобы они могли вести полноценную и достойную жизнь, когда по тем или иным причинам не смогут жить в родительском доме. Это проект «Социальная гостиница учебного самостоятельного проживания для инвалидов» для людей, имеющих психофизические нарушения.    На базе подведомственных Департаменту центров и в рамках реализуемых НКО проектов также функционируют творческие мастерские, где люди с инвалидностью могут реализовать себя. Один из знаковых примеров партнерства с НКО   выездная комплексная реабилитация в здравницах Черноморского побережья, которая реализуется за счет именной субсидии Московской городской ассоциации родителей детей-инвалидов (МГАРДИ). Ежегодно на реабилитацию в Крым Департамент направляет порядка 6 тысяч детей и молодых инвалидов, тысяча из которых – в партнерстве с МГАРДИ. С <TE Category="Date" Value="2020-START"><Field Category="Phase">начала</Field> <Field Category="Year"><Restored Through="DCT" U_Class="6">года</Restored></Field></TE>, не смотря на эпидемиологическую ситуацию, на выездную реабилитацию в сопровождении родителей уже направлено свыше 2 тысяч человек.    Детям с инвалидностью, помимо обязательной федеральной поддержки в размере 16 тыс. рублей и набора социальных услуг, предоставляются дополнительные региональные льготы. Так, семье, в которой воспитывается ребенок-инвалид ежемесячно выплачивается 12,6 тысячи рублей. Для приемных родителей эта сумма выше и составляет 28,4 тысячи рублей. Кроме того, предоставляется скидка по оплате жилья и коммунальных услуг в размере 50 процентов, льготный проезд обоим родителям, ежегодная компенсационная выплата на приобретение школьной формы (10 тысяч рублей). Все льготы назначаются вне зависимости от материального положения семьи.    Одним из показателей доступной среды является степень приспособленности городского пассажирского транспорта для маломобильных групп населения. На балансе «Мосгортранса» числится почти 97 процентов автобусов и 62 процента трамваев с низким уровнем пола, оборудованные для проезда маломобильных пассажиров.    Также город оказывает людям с инвалидностью бесплатную психологическую и юридическую помощь.    https://lenta.ru/news/2020/09/29/invalidy/</annotated>
    </text>
    <annotations>
      <annotation DayOfWeek="2020-W40-2" __Id="643" __Class="DocCreationTime" __From="1" __To="10"/>
      <annotation Category="Date" Value="2020-09-29" __Id="644" __Class="TE" __From="1" __To="10"/>
      <annotation To="DCT" U_Class="1-D" __Id="652" __Class="Anchored" __From="829" __To="844"/>
      <annotation Category="DayOfWeek" __Id="654" __Class="Field" __From="1199" __To="1203"/>
      <annotation Through="DCT" U_Class="4" __Id="655" __Class="Restored" __From="1199" __To="1203"/>
      <annotation To="DCT" U_Class="1-D" __Id="657" __Class="Anchored" __From="1238" __To="1253"/>
      <annotation To="DCT" U_Class="1-D" __Id="659" __Class="Anchored" __From="1446" __To="1452"/>
      <annotation Category="Day" __Id="660" __Class="Field" __From="1446" __To="1452"/>
      <annotation To="DCT" U_Class="1-D" __Id="663" __Class="Anchored" __From="1721" __To="1727"/>
      <annotation Category="Day" __Id="664" __Class="Field" __From="1721" __To="1727"/>
      <annotation Category="Date" Value="2020" __Id="667" __Class="TE" __From="1893" __To="1896"/>
      <annotation Category="Phase" __Id="674" __Class="Field" __From="2939" __To="2944"/>
      <annotation Category="Date" Value="2020-START" __Id="675" __Class="TE" __From="2939" __To="2949"/>
      <annotation Category="Year" __Id="676" __Class="Field" __From="2946" __To="2949"/>
      <annotation Through="DCT" U_Class="6" __Id="677" __Class="Restored" __From="2946" __To="2949"/>
    </annotations>
    <relations>
    </relations>
  </document>
</xml>
