<xml generator="AnnotationTools" format="public" version="1">
  <document>
    <text>
      <raw> 2020-09-05    Отсидевший за ДТП водитель предсказал условия заключения Ефремова    Россиянин Максим Митенков, отсидевший срок за ДТП со смертельным исходом, предсказал возможные условия пребывания Михаила Ефремова в колонии. Об этом пишет «Московский комсомолец».    По его словам, осужденным за ДТП со смертельным исходом дают срок в колонии общего режима, хотя до 2019 года приговаривали к отбытию наказания в колонии-поселении. «В колонии-поселении живут не в камерах, а в общежитиях. Свидания чаще, чем на общем режиме. Все мы ходили в гражданской одежде. Мы вели себя по-человечески, так и к нам относились. Работали и общались, как люди на воле, без всяких тюремных понятий», — рассказал он.    Кроме того, получить условно-досрочное освобождение в колонии-поселении проще, чем в колонии общего режима, добавил Митенков.    Вечером 8 июня произошла авария с участием автомобиля Ефремова. Машина артиста столкнулась с фургоном, вылетев на встречную полосу. Водитель грузовика, Сергей Захаров, умер в больнице.    Заслуженный артист России Михаил Ефремов признал вину на судебном заседании 3 сентября. Приговор будет оглашен судом утром 8 сентября, гособвинение запросило для него 11 лет лишения свободы.    https://lenta.ru/news/2020/09/05/efremov sudba/</raw>
      <annotated> <DocCreationTime DayOfWeek="2020-W36-6"><TE Category="Date" Value="2020-09-05">2020-09-05</TE></DocCreationTime>    Отсидевший за ДТП водитель предсказал условия заключения Ефремова    Россиянин Максим Митенков, отсидевший срок за ДТП со смертельным исходом, предсказал возможные условия пребывания Михаила Ефремова в колонии. Об этом пишет «Московский комсомолец».    По его словам, осужденным за ДТП со смертельным исходом дают срок в колонии общего режима, хотя до <Field Category="Year"><TE Category="Date" Value="2019">2019 года</TE></Field> приговаривали к отбытию наказания в колонии-поселении. «В колонии-поселении живут не в камерах, а в общежитиях. Свидания чаще, чем на общем режиме. Все мы ходили в гражданской одежде. Мы вели себя по-человечески, так и к нам относились. Работали и общались, как люди на воле, без всяких тюремных понятий», — рассказал он.    Кроме того, получить условно-досрочное освобождение в колонии-поселении проще, чем в колонии общего режима, добавил Митенков.    Вечером <TE Category="Date" Value="2020-06-08"><Field Category="Day">8</Field> <Field Category="MonthName">июня</Field></TE> произошла авария с участием автомобиля Ефремова. Машина артиста столкнулась с фургоном, вылетев на встречную полосу. Водитель грузовика, Сергей Захаров, умер в больнице.    Заслуженный артист России Михаил Ефремов признал вину на судебном заседании <TE Category="Date" Value="2020-09-03"><Field Category="Day">3</Field> <Field Category="MonthName">сентября</Field></TE>. Приговор будет оглашен судом утром <TE Category="Date" Value="2020-09-08"><Field Category="Day">8</Field> <Field Category="MonthName">сентября</Field></TE>, гособвинение запросило для него <TE Category="Dur" Value="P11Y">11 лет</TE> лишения свободы.    https://lenta.ru/news/2020/09/05/efremov sudba/</annotated>
    </text>
<!-- NOTE: Annotation boundaries below corresponds to text without XHTML-entities encoding. -->
    <annotations>
      <annotation DayOfWeek="2020-W36-6" __Id="252" __Class="DocCreationTime" __From="1" __To="10"/>
      <annotation Category="Date" Value="2020-09-05" __Id="253" __Class="TE" __From="1" __To="10"/>
      <annotation Category="Year" __Id="258" __Class="Field" __From="367" __To="375"/>
      <annotation Category="Date" Value="2019" __Id="259" __Class="TE" __From="367" __To="375"/>
      <annotation Category="Day" __Id="267" __Class="Field" __From="839" __To="839"/>
      <annotation Category="Date" Value="2020-06-08" __Id="268" __Class="TE" __From="839" __To="844"/>
      <annotation Category="MonthName" __Id="269" __Class="Field" __From="841" __To="844"/>
      <annotation Category="Day" __Id="274" __Class="Field" __From="1095" __To="1095"/>
      <annotation Category="Date" Value="2020-09-03" __Id="275" __Class="TE" __From="1095" __To="1104"/>
      <annotation Category="MonthName" __Id="276" __Class="Field" __From="1097" __To="1104"/>
      <annotation Category="Day" __Id="279" __Class="Field" __From="1142" __To="1142"/>
      <annotation Category="Date" Value="2020-09-08" __Id="280" __Class="TE" __From="1142" __To="1151"/>
      <annotation Category="MonthName" __Id="281" __Class="Field" __From="1144" __To="1151"/>
      <annotation Category="Dur" Value="P11Y" __Id="283" __Class="TE" __From="1186" __To="1191"/>
    </annotations>
    <relations>
    </relations>
  </document>
</xml>
