<xml generator="AnnotationTools" format="public" version="1">
  <document>
    <text>
      <raw> 2019-07-09    Северная Осетия отчиталась о скорости строительства жилья    Северная Осетия выполнила план по вводу жилья в рамках нацпроекта «Жилье и городская среда» наполовину. За первое полугодие текущего года в республике построили 122 тысяч квадратных метров жилья, сообщает ТАСС со ссылкой на министра строительства и архитектуры республики Таймураза Касаева.    На настоящий момент показатель выполнен на 57 процентов. «Ожидается, что оставшийся ввод жилья запланирован на конец года. На данный момент отсутствуют риски не достижения планового показателя», — сказал Касаев.    В рамках нацпроекта «Жилье и городская среда», который состоит из четырех федеральных проектов («Жилье», «Обеспечение устойчивого сокращения непригодного для проживания жилищного фонда», «Ипотека» и «Формирование комфортной городской среды»), планируется, в частности, сформировать механизм участия граждан в создании комфортной городской среды, а также увеличить долю участвующих в этом россиян до 30 процентов. Общий объем финансирования нацпроекта, рассчитанного до 2024 года, превышает один триллион рублей.    https://lenta.ru/news/2019/07/09/osetia/</raw>
      <annotated> <DocCreationTime DayOfWeek="2019-W28-2"><TE Category="Date" Value="2019-07-09">2019-07-09</TE></DocCreationTime>    Северная Осетия отчиталась о скорости строительства жилья    Северная Осетия выполнила план по вводу жилья в рамках нацпроекта «Жилье и городская среда» наполовину. За <TE Category="Date" Value="2019-H1"><Field Category="HalfYear">первое полугодие</Field> <Field Category="Year">текущего года</Field></TE> в республике построили 122 тысяч квадратных метров жилья, сообщает ТАСС со ссылкой на министра строительства и архитектуры республики Таймураза Касаева.    На настоящий момент показатель выполнен на 57 процентов. «Ожидается, что оставшийся ввод жилья запланирован на <TE Category="Date" Value="2019-END"><Field Category="Phase">конец</Field> <Field Category="Year">года</Field></TE>. На данный момент отсутствуют риски не достижения планового показателя», — сказал Касаев.    В рамках нацпроекта «Жилье и городская среда», который состоит из четырех федеральных проектов («Жилье», «Обеспечение устойчивого сокращения непригодного для проживания жилищного фонда», «Ипотека» и «Формирование комфортной городской среды»), планируется, в частности, сформировать механизм участия граждан в создании комфортной городской среды, а также увеличить долю участвующих в этом россиян до 30 процентов. Общий объем финансирования нацпроекта, рассчитанного до <Field Category="Year"><TE Category="Date" Value="2024">2024 года</TE></Field>, превышает один триллион рублей.    https://lenta.ru/news/2019/07/09/osetia/</annotated>
    </text>
<!-- NOTE: Annotation boundaries below corresponds to text without XHTML-entities encoding. -->
    <annotations>
      <annotation DayOfWeek="2019-W28-2" __Id="214" __Class="DocCreationTime" __From="1" __To="10"/>
      <annotation Category="Date" Value="2019-07-09" __Id="215" __Class="TE" __From="1" __To="10"/>
      <annotation Category="HalfYear" __Id="219" __Class="Field" __From="183" __To="198"/>
      <annotation Category="Date" Value="2019-H1" __Id="220" __Class="TE" __From="183" __To="212"/>
      <annotation Category="Year" __Id="222" __Class="Field" __From="200" __To="212"/>
      <annotation Category="Phase" __Id="225" __Class="Field" __From="481" __To="485"/>
      <annotation Category="Date" Value="2019-END" __Id="226" __Class="TE" __From="481" __To="490"/>
      <annotation Category="Year" __Id="227" __Class="Field" __From="487" __To="490"/>
      <annotation Category="Year" __Id="232" __Class="Field" __From="1054" __To="1062"/>
      <annotation Category="Date" Value="2024" __Id="233" __Class="TE" __From="1054" __To="1062"/>
    </annotations>
    <relations>
    </relations>
  </document>
</xml>
