<xml generator="AnnotationTools" format="public" version="1">
  <document>
    <text>
      <raw> 2020-08-03    Путин повысил следователя по делу о сгоревшем в аэропорту Шереметьево SSJ-100    Президент России Владимир Путин назначил заместителем председателя Следственного комитета России генерал-майора юстиции Николая Ущаповского. Соответствующий указ главы государства опубликован на официальном портале правовой информации.    Ущаповский, получивший повышение, известен тем, что занимался расследованием уголовного дела о крушении самолета Sukhoi Superjet 100 (SSJ-100) в Шереметьево. Единственным фигурантом его стал пилот Денис Евдокимов. 5 мая 2019 года в ходе аварийной посадки сгорел вылетевший из Москвы в Мурманск самолет SSJ-100. Погиб 41 из 78 человек, находившихся на борту.    Ущаповский указом президента освобожден от должности первого замначальника Главного управления по расследованию особо важных дел СКР.    Кроме того, первым заместителем председателя СКР стал генерал-лейтенант юстиции Эдуард Кабурнеев. Он был назначен на должность заместителя главы ведомства 22 апреля, после того, как его предшественник на этом посту, Игорь Краснов, в январе 2020 года был утвержден генпрокурором России.    С октября 2013 по март 2017 года Кабурнеев возглавлял следственное управление СКР по Республике Дагестан, а затем — Главное следственное управление СКР. До этого он много лет трудился в прокуратуре города Москвы, будучи Солнцевским и Измайловским межрайонным прокурором.    После Кабурнеев работал в Генпрокуратуре, где в апреле 2008 года получил классный чин государственного советника юстиции 3 класса (соответствует званию генерал-майора). Награжден медалью ордена «За заслуги перед отечеством» 2 степени и орденом Мужества, ведомственными наградами.    https://lenta.ru/news/2020/08/03/cledak/</raw>
      <annotated> <DocCreationTime DayOfWeek="2020-W32-1"><TE Category="Date" Value="2020-08-03">2020-08-03</TE></DocCreationTime>    Путин повысил следователя по делу о сгоревшем в аэропорту Шереметьево SSJ-100    Президент России Владимир Путин назначил заместителем председателя Следственного комитета России генерал-майора юстиции Николая Ущаповского. Соответствующий указ главы государства опубликован на официальном портале правовой информации.    Ущаповский, получивший повышение, известен тем, что занимался расследованием уголовного дела о крушении самолета Sukhoi Superjet 100 (SSJ-100) в Шереметьево. Единственным фигурантом его стал пилот Денис Евдокимов. <TE Category="Date" Value="2019-05-05"><Field Category="Day">5</Field> <Field Category="MonthName">мая</Field> <Field Category="Year">2019 года</Field></TE> в ходе аварийной посадки сгорел вылетевший из Москвы в Мурманск самолет SSJ-100. Погиб 41 из 78 человек, находившихся на борту.    Ущаповский указом президента освобожден от должности первого замначальника Главного управления по расследованию особо важных дел СКР.    Кроме того, первым заместителем председателя СКР стал генерал-лейтенант юстиции Эдуард Кабурнеев. Он был назначен на должность заместителя главы ведомства <TE Category="Date" Value="2020-04-22"><Field Category="Day">22</Field> <Field Category="MonthName">апреля</Field></TE>, после того, как его предшественник на этом посту, Игорь Краснов, в <TE Category="Date" Value="2020-01"><Field Category="MonthName">январе</Field> <Field Category="Year">2020 года</Field></TE> был утвержден генпрокурором России.    С <TE Category="Date" Value="2013-10"><Field Category="MonthName">октября</Field> <Field Category="Year">2013</Field></TE> по <TE Category="Date" Value="2017-03"><Field Category="MonthName">март</Field> <Field Category="Year">2017 года</Field></TE> Кабурнеев возглавлял следственное управление СКР по Республике Дагестан, а затем — Главное следственное управление СКР. До этого он <TE Category="Dur" Value="PManyY">много лет</TE> трудился в прокуратуре города Москвы, будучи Солнцевским и Измайловским межрайонным прокурором.    После Кабурнеев работал в Генпрокуратуре, где в <TE Category="Date" Value="2008-04"><Field Category="MonthName">апреле</Field> <Field Category="Year">2008 года</Field></TE> получил классный чин государственного советника юстиции 3 класса (соответствует званию генерал-майора). Награжден медалью ордена «За заслуги перед отечеством» 2 степени и орденом Мужества, ведомственными наградами.    https://lenta.ru/news/2020/08/03/cledak/</annotated>
    </text>
<!-- NOTE: Annotation boundaries below corresponds to text without XHTML-entities encoding. -->
    <annotations>
      <annotation DayOfWeek="2020-W32-1" __Id="300" __Class="DocCreationTime" __From="1" __To="10"/>
      <annotation Category="Date" Value="2020-08-03" __Id="301" __Class="TE" __From="1" __To="10"/>
      <annotation Category="Day" __Id="307" __Class="Field" __From="549" __To="549"/>
      <annotation Category="Date" Value="2019-05-05" __Id="309" __Class="TE" __From="549" __To="563"/>
      <annotation Category="MonthName" __Id="310" __Class="Field" __From="551" __To="553"/>
      <annotation Category="Year" __Id="311" __Class="Field" __From="555" __To="563"/>
      <annotation Category="Day" __Id="316" __Class="Field" __From="988" __To="989"/>
      <annotation Category="Date" Value="2020-04-22" __Id="317" __Class="TE" __From="988" __To="996"/>
      <annotation Category="MonthName" __Id="318" __Class="Field" __From="991" __To="996"/>
      <annotation Category="MonthName" __Id="320" __Class="Field" __From="1066" __To="1071"/>
      <annotation Category="Date" Value="2020-01" __Id="321" __Class="TE" __From="1066" __To="1081"/>
      <annotation Category="Year" __Id="322" __Class="Field" __From="1073" __To="1081"/>
      <annotation Category="MonthName" __Id="324" __Class="Field" __From="1124" __To="1130"/>
      <annotation Category="Date" Value="2013-10" __Id="325" __Class="TE" __From="1124" __To="1135"/>
      <annotation Category="Year" __Id="326" __Class="Field" __From="1132" __To="1135"/>
      <annotation Category="MonthName" __Id="327" __Class="Field" __From="1140" __To="1143"/>
      <annotation Category="Date" Value="2017-03" __Id="328" __Class="TE" __From="1140" __To="1153"/>
      <annotation Category="Year" __Id="329" __Class="Field" __From="1145" __To="1153"/>
      <annotation Category="Dur" Value="PManyY" __Id="331" __Class="TE" __From="1287" __To="1295"/>
      <annotation Category="MonthName" __Id="333" __Class="Field" __From="1444" __To="1449"/>
      <annotation Category="Date" Value="2008-04" __Id="334" __Class="TE" __From="1444" __To="1459"/>
      <annotation Category="Year" __Id="335" __Class="Field" __From="1451" __To="1459"/>
    </annotations>
    <relations>
    </relations>
  </document>
</xml>
