<xml generator="AnnotationTools" format-version="1">
  <document>
    <text>
      <raw> ¶2020-09-05    ¶Отсидевший за ДТП водитель предсказал условия заключения Ефремова    ¶Россиянин Максим Митенков, отсидевший срок за ДТП со смертельным исходом, предсказал возможные условия пребывания Михаила Ефремова в колонии. Об этом пишет «Московский комсомолец».    ¶По его словам, осужденным за ДТП со смертельным исходом дают срок в колонии общего режима, хотя до 2019 года приговаривали к отбытию наказания в колонии-поселении. «В колонии-поселении живут не в камерах, а в общежитиях. Свидания чаще, чем на общем режиме. Все мы ходили в гражданской одежде. Мы вели себя по-человечески, так и к нам относились. Работали и общались, как люди на воле, без всяких тюремных понятий», — рассказал он.    ¶Кроме того, получить условно-досрочное освобождение в колонии-поселении проще, чем в колонии общего режима, добавил Митенков.    ¶Вечером 8 июня произошла авария с участием автомобиля Ефремова. Машина артиста столкнулась с фургоном, вылетев на встречную полосу. Водитель грузовика, Сергей Захаров, умер в больнице.    ¶Заслуженный артист России Михаил Ефремов признал вину на судебном заседании 3 сентября. Приговор будет оглашен судом утром 8 сентября, гособвинение запросило для него 11 лет лишения свободы.    ¶https://lenta.ru/news/2020/09/05/efremov sudba/</raw>
      <annotated> ¶<DocCreationTime><TE>2020-09-05</TE></DocCreationTime>    ¶Отсидевший за ДТП водитель предсказал условия заключения Ефремова    ¶Россиянин Максим Митенков, отсидевший срок за ДТП со смертельным исходом, предсказал возможные условия пребывания Михаила Ефремова в колонии. Об этом пишет «Московский комсомолец».    ¶По его словам, осужденным за ДТП со смертельным исходом дают срок в колонии общего режима, хотя до <Field Category="Year"><TE>2019 года</TE></Field> приговаривали к отбытию наказания в колонии-поселении. «В колонии-поселении живут не в камерах, а в общежитиях. Свидания чаще, чем на общем режиме. Все мы ходили в гражданской одежде. Мы вели себя по-человечески, так и к нам относились. Работали и общались, как люди на воле, без всяких тюремных понятий», — рассказал он.    ¶Кроме того, получить условно-досрочное освобождение в колонии-поселении проще, чем в колонии общего режима, добавил Митенков.    ¶Вечером <TE><Field Category="Day">8</Field> <Field Category="MonthName"><Restored Through="DCT">июня</Restored></Field></TE> произошла авария с участием автомобиля Ефремова. Машина артиста столкнулась с фургоном, вылетев на встречную полосу. Водитель грузовика, Сергей Захаров, умер в больнице.    ¶Заслуженный артист России Михаил Ефремов признал вину на судебном заседании <TE><Field Category="Day">3</Field> <Field Category="MonthName"><Restored Through="DCT">сентября</Restored></Field></TE>. Приговор будет оглашен судом утром <TE><Field Category="Day">8</Field> <Field Category="MonthName"><Restored Through="DCT">сентября</Restored></Field></TE>, гособвинение запросило для него <TE>11 лет</TE> лишения свободы.    ¶https://lenta.ru/news/2020/09/05/efremov sudba/</annotated>
    </text>
    <annotations>
      <annotation DayOfWeek="2020-W36-6" __Id="252" __Class="DocCreationTime" __From="2" __To="11"/>
      <annotation Category="Date" Value="2020-09-05" __Id="253" __Class="TE" __From="2" __To="11"/>
      <annotation Category="Year" __Id="258" __Class="Field" __From="371" __To="379"/>
      <annotation Category="Date" Value="2019" __Id="259" __Class="TE" __From="371" __To="379"/>
      <annotation Category="Day" __Id="267" __Class="Field" __From="845" __To="845"/>
      <annotation Category="Date" Value="2020-06-08" __Id="268" __Class="TE" __From="845" __To="850"/>
      <annotation Category="MonthName" __Id="269" __Class="Field" __From="847" __To="850"/>
      <annotation Through="DCT" U_Class="4" __Id="270" __Class="Restored" __From="847" __To="850"/>
      <annotation Category="Day" __Id="274" __Class="Field" __From="1102" __To="1102"/>
      <annotation Category="Date" Value="2020-09-03" __Id="275" __Class="TE" __From="1102" __To="1111"/>
      <annotation Category="MonthName" __Id="276" __Class="Field" __From="1104" __To="1111"/>
      <annotation Through="DCT" U_Class="4" __Id="277" __Class="Restored" __From="1104" __To="1111"/>
      <annotation Category="Day" __Id="279" __Class="Field" __From="1149" __To="1149"/>
      <annotation Category="Date" Value="2020-09-08" __Id="280" __Class="TE" __From="1149" __To="1158"/>
      <annotation Category="MonthName" __Id="281" __Class="Field" __From="1151" __To="1158"/>
      <annotation Through="DCT" U_Class="4" __Id="282" __Class="Restored" __From="1151" __To="1158"/>
      <annotation Category="Dur" Value="P11Y" __Id="283" __Class="TE" __From="1193" __To="1198"/>
    </annotations>
    <relations>
    </relations>
  </document>
</xml>
