<xml generator="AnnotationTools" format-version="1">
  <document>
    <text>
      <raw> ¶2018-10-09    ¶Российской экономике предрекли упадок    ¶Эксперты Аналитического кредитного рейтингового агентства (АКРА) предрекли падение российского ВВП по итогам 2019 года на 2,5 процента в случае масштабного расширения антироссийских санкций, передает РБК.    ¶Кроме того, указывается, что инфляция на конец года составит восемь процентов, что вдвое больше прогноза ЦБ, а ключевая ставка достигнет 12 процентов. При этом курс доллара в среднем за год может составить 83 рубля.    ¶Также в пессимистичный сценарий аналитики заложили возможное наступление рецессии в США, долговой кризис в Китае и бюджетные кризисы в отдельных странах Европы, которые будут сопровождаться финансовым стрессом.    ¶В базовом сценарии АКРА прогнозирует экономический рост в 2019 году на уровне 1,4 процента, инфляцию на уровне 4,6 процента, а средний курс доллара — 64 рубля.    ¶20 сентября премьер-министр Дмитрий Медведев заявил, что следующий шестилетний цикл в российской экономике будет непростым из-за санкций, торговых войн и протекционизма.    ¶https://lenta.ru/news/2018/10/09/russia down/</raw>
      <annotated> ¶<DocCreationTime><TE>2018-10-09</TE></DocCreationTime>    ¶Российской экономике предрекли упадок    ¶Эксперты Аналитического кредитного рейтингового агентства (АКРА) предрекли падение российского ВВП по итогам <Field Category="Year"><TE>2019 года</TE></Field> на 2,5 процента в случае масштабного расширения антироссийских санкций, передает РБК.    ¶Кроме того, указывается, что инфляция на <TE><Field Category="Phase">конец</Field> <Field Category="Year"><Restored Through="DCT">года</Restored></Field></TE> составит восемь процентов, что вдвое больше прогноза ЦБ, а ключевая ставка достигнет 12 процентов. При этом курс доллара в среднем за <TE>год</TE> может составить 83 рубля.    ¶Также в пессимистичный сценарий аналитики заложили возможное наступление рецессии в США, долговой кризис в Китае и бюджетные кризисы в отдельных странах Европы, которые будут сопровождаться финансовым стрессом.    ¶В базовом сценарии АКРА прогнозирует экономический рост в <Field Category="Year"><TE>2019 году</TE></Field> на уровне 1,4 процента, инфляцию на уровне 4,6 процента, а средний курс доллара — 64 рубля.    ¶<TE><Field Category="Day">20</Field> <Field Category="MonthName"><Restored Through="DCT">сентября</Restored></Field></TE> премьер-министр Дмитрий Медведев заявил, что следующий шестилетний цикл в российской экономике будет непростым из-за санкций, торговых войн и протекционизма.    ¶https://lenta.ru/news/2018/10/09/russia down/</annotated>
    </text>
    <annotations>
      <annotation DayOfWeek="2018-W41-2" __Id="204" __Class="DocCreationTime" __From="2" __To="11"/>
      <annotation Category="Date" Value="2018-10-09" __Id="205" __Class="TE" __From="2" __To="11"/>
      <annotation Category="Year" __Id="208" __Class="Field" __From="168" __To="176"/>
      <annotation Category="Date" Value="2019" __Id="209" __Class="TE" __From="168" __To="176"/>
      <annotation Category="Phase" __Id="211" __Class="Field" __From="309" __To="313"/>
      <annotation Category="Date" Value="2018-END" __Id="212" __Class="TE" __From="309" __To="318"/>
      <annotation Category="Year" __Id="213" __Class="Field" __From="315" __To="318"/>
      <annotation Through="DCT" U_Class="6" __Id="214" __Class="Restored" __From="315" __To="318"/>
      <annotation Category="Dur" Value="P1Y" __Id="216" __Class="TE" __From="454" __To="456"/>
      <annotation Category="Year" __Id="219" __Class="Field" __From="761" __To="769"/>
      <annotation Category="Date" Value="2019" __Id="220" __Class="TE" __From="761" __To="769"/>
      <annotation Category="Day" __Id="222" __Class="Field" __From="867" __To="868"/>
      <annotation Category="Date" Value="2018-09-20" __Id="223" __Class="TE" __From="867" __To="877"/>
      <annotation Category="MonthName" __Id="224" __Class="Field" __From="870" __To="877"/>
      <annotation Through="DCT" U_Class="4" __Id="225" __Class="Restored" __From="870" __To="877"/>
    </annotations>
    <relations>
    </relations>
  </document>
</xml>
