<xml generator="AnnotationTools" format="public" version="1">
  <document>
    <text>
      <raw> 2020-09-29    Курсы доллара и евро взлетели    В начале торгов на Московской бирже курс евро взлетел выше 93 рублей, а доллар вплотную подошел к 80 рублям, свидетельствуют данные площадки.    По состоянию на 10:17 доллар достиг 79,7 рубля, на максимуме доходил до 79,78 рубля. Евро поднимался до 93,1 рубля, а затем скорректировался до 93,03 рубля.    Главные российские фондовые индексы, Мосбиржа и РТС, ведут себя разнонаправленно, не реагируя на динамику рубля. Первый растет на 0,5 процента, а второй опускается менее чем на 0,1 процента.    В начале сентября доллар торговался на уровне 73,5 рубля, а евро — 87,6 рубля. С начала года рубль ослабел к ним практически на четверть, что является третьим худшим результатом среди валют развивающихся стран.    Давление на рубль оказывают в первую очередь геополитические риски. Это протесты против Александра Лукашенко в Белоруссии, резкое обострение конфликта в Нагорном Карабахе и ситуация с оппозиционером Алексеем Навальным, из-за которой Европа и США планируют усилить санкционное давление.    Накануне пресс-секретарь президента России Дмитрий Песков назвал происходящее с национальной валютой волатильностью, подчеркнув, что период падения обязательно сменится периодом роста. В то же время он отметил, что говорить о сроках, когда рубль начнет укрепляться, пока невозможно.    https://lenta.ru/news/2020/09/29/ura/</raw>
      <annotated> <DocCreationTime DayOfWeek="2020-W40-2"><TE Category="Date" Value="2020-09-29">2020-09-29</TE></DocCreationTime>    Курсы доллара и евро взлетели    В начале торгов на Московской бирже курс евро взлетел выше 93 рублей, а доллар вплотную подошел к 80 рублям, свидетельствуют данные площадки.    По состоянию на 10:17 доллар достиг 79,7 рубля, на максимуме доходил до 79,78 рубля. Евро поднимался до 93,1 рубля, а затем скорректировался до 93,03 рубля.    Главные российские фондовые индексы, Мосбиржа и РТС, ведут себя разнонаправленно, не реагируя на динамику рубля. Первый растет на 0,5 процента, а второй опускается менее чем на 0,1 процента.    В <TE Category="Date" Value="2020-09-START"><Field Category="Phase">начале</Field> <Field Category="MonthName">сентября</Field></TE> доллар торговался на уровне 73,5 рубля, а евро — 87,6 рубля. С <TE Category="Date" Value="2020-START"><Field Category="Phase">начала</Field> <Field Category="Year">года</Field></TE> рубль ослабел к ним практически на четверть, что является третьим худшим результатом среди валют развивающихся стран.    Давление на рубль оказывают в первую очередь геополитические риски. Это протесты против Александра Лукашенко в Белоруссии, резкое обострение конфликта в Нагорном Карабахе и ситуация с оппозиционером Алексеем Навальным, из-за которой Европа и США планируют усилить санкционное давление.    <Field Category="Day">Накануне</Field> пресс-секретарь президента России Дмитрий Песков назвал происходящее с национальной валютой волатильностью, подчеркнув, что период падения обязательно сменится периодом роста. В то же время он отметил, что говорить о сроках, когда рубль начнет укрепляться, пока невозможно.    https://lenta.ru/news/2020/09/29/ura/</annotated>
    </text>
<!-- NOTE: Annotation boundaries below corresponds to text without XHTML-entities encoding. -->
    <annotations>
      <annotation DayOfWeek="2020-W40-2" __Id="279" __Class="DocCreationTime" __From="1" __To="10"/>
      <annotation Category="Date" Value="2020-09-29" __Id="280" __Class="TE" __From="1" __To="10"/>
      <annotation Category="Phase" __Id="288" __Class="Field" __From="549" __To="554"/>
      <annotation Category="Date" Value="2020-09-START" __Id="289" __Class="TE" __From="549" __To="563"/>
      <annotation Category="MonthName" __Id="290" __Class="Field" __From="556" __To="563"/>
      <annotation Category="Phase" __Id="293" __Class="Field" __From="628" __To="633"/>
      <annotation Category="Date" Value="2020-START" __Id="294" __Class="TE" __From="628" __To="638"/>
      <annotation Category="Year" __Id="295" __Class="Field" __From="635" __To="638"/>
      <annotation Category="Day" __Id="301" __Class="Field" __From="1050" __To="1057"/>
    </annotations>
    <relations>
    </relations>
  </document>
</xml>
