<xml generator="AnnotationTools" format-version="1">
  <document>
    <text>
      <raw> ¶2020-06-19    ¶Министр объединения в Южной Корее ушел в отставку из-за КНДР    ¶Министр объединения Республики Корея Ким Ён Чхоль ушел в отставку на фоне обострившихся отношений с КНДР. Об этом сообщает ТАСС.    ¶Президент Южной Кореи Мун Чжэ Ин принял отставку чиновника, о которой тот просил еще несколько дней назад. Преемник на пост министра объединения пока не назначен. Ким Ён Чхоль извинился перед жителями страны за то, что не смог воплотить в жизнь их мечты о мирном и процветающем Корейском полуострове.    ¶Ранее Северная Корея начала вводить войска в демилитаризованную зону на границе с Южной Кореей. Так, на пустовавших приграничных постах заметили несколько северокорейских военных. СМИ отмечают, что у Пхеньяна может быть примерно 150 подобных постов, некоторые из них перестали действовать после подписания межкорейского мирного договора в 2018 году.    ¶16 июня Северная Корея взорвала узел межкорейской связи возле границы. Это случилось вскоре после новости о планах КНДР ввести войска в демилитаризованные приграничные области: власти Северной Кореи вознамерились укрепить границу с южными соседями. За несколько дней до случившегося сестра лидера КНДР Ким Ё Чжон назвала межкорейский узел бесполезным.    ¶https://lenta.ru/news/2020/06/19/korea/</raw>
      <annotated> ¶<DocCreationTime><TE>2020-06-19</TE></DocCreationTime>    ¶Министр объединения в Южной Корее ушел в отставку из-за КНДР    ¶Министр объединения Республики Корея Ким Ён Чхоль ушел в отставку на фоне обострившихся отношений с КНДР. Об этом сообщает ТАСС.    ¶Президент Южной Кореи Мун Чжэ Ин принял отставку чиновника, о которой тот просил еще <TE><TE>несколько дней</TE> назад</TE>. Преемник на пост министра объединения пока не назначен. Ким Ён Чхоль извинился перед жителями страны за то, что не смог воплотить в жизнь их мечты о мирном и процветающем Корейском полуострове.    ¶Ранее Северная Корея начала вводить войска в демилитаризованную зону на границе с Южной Кореей. Так, на пустовавших приграничных постах заметили несколько северокорейских военных. СМИ отмечают, что у Пхеньяна может быть примерно 150 подобных постов, некоторые из них перестали действовать после подписания межкорейского мирного договора в <Field Category="Year"><TE>2018 году</TE></Field>.    ¶<TE><Field Category="Day">16</Field> <Field Category="MonthName"><Restored Through="DCT">июня</Restored></Field></TE> Северная Корея взорвала узел межкорейской связи возле границы. Это случилось вскоре после новости о планах КНДР ввести войска в демилитаризованные приграничные области: власти Северной Кореи вознамерились укрепить границу с южными соседями. <TE>За <TE>несколько дней</TE></TE> до <TE>случившегося</TE> сестра лидера КНДР Ким Ё Чжон назвала межкорейский узел бесполезным.    ¶https://lenta.ru/news/2020/06/19/korea/</annotated>
    </text>
    <annotations>
      <annotation DayOfWeek="2020-W25-5" __Id="235" __Class="DocCreationTime" __From="2" __To="11"/>
      <annotation Category="Date" Value="2020-06-19" __Id="236" __Class="TE" __From="2" __To="11"/>
      <annotation Category="ShiftExp" Formula="BEFORE,Dur,DCT" __Id="241" __Class="TE" __From="300" __To="319"/>
      <annotation Category="Dur" Value="PSeveralD" __Id="242" __Class="TE" __From="300" __To="313"/>
      <annotation Category="Year" __Id="248" __Class="Field" __From="859" __To="867"/>
      <annotation Category="Date" Value="2018" __Id="249" __Class="TE" __From="859" __To="867"/>
      <annotation Category="Day" __Id="251" __Class="Field" __From="874" __To="875"/>
      <annotation Category="Date" Value="2020-06-16" __Id="252" __Class="TE" __From="874" __To="880"/>
      <annotation Category="MonthName" __Id="253" __Class="Field" __From="877" __To="880"/>
      <annotation Through="DCT" U_Class="4" __Id="254" __Class="Restored" __From="877" __To="880"/>
      <annotation Category="ShiftExp" Formula="BEFORE,Dur,Anchor" __Id="257" __Class="TE" __From="1123" __To="1139"/>
      <annotation Category="Dur" Value="PSeveralD" __Id="258" __Class="TE" __From="1126" __To="1139"/>
      <annotation Category="Event" __Id="259" __Class="TE" __From="1144" __To="1155"/>
    </annotations>
    <relations>
      <relation __Id="0" __Class="AnchoredTo"><from><annotation __Id="257"/></from><to><annotation __Id="259"/></to></relation>
    </relations>
  </document>
</xml>
