<xml generator="AnnotationTools" format-version="1">
  <document>
    <text>
      <raw> 2020-07-21    Белоруссия обвинила Россию в потере 146 миллионов долларов    Власти Белоруссии оценили прямые потери бюджета от российского налогового маневра в 2021 году в 350 миллионов белорусских рублей или 146 миллионов долларов. Об этом на заседании президиума совета министров по проекту бюджета на следующий год заявил премьер-министр республики Роман Головченко, передает БЕЛТА.    Он объяснил, что документ сверстан из расчета среднегодовой цены барреля нефти около 40 долларов и среднего курса доллара 2,4 белорусских рубля, что и дает основание для такого размера обвинения.    Налоговый маневр России в нефтяной отрасли предусматривает поэтапное обнуление экспортных пошлин на сырье и повышение ставки налога на добычу полезных ископаемых (НДПИ).    Для Минска такая стратегия означает существенный рост цен на российскую нефть и резкое снижение доходов от собственной нефтепереработки. На фоне конфликта с Москвой Белоруссия начала закупку у альтернативных поставщиков, в том числе у Норвегии, Азербайджана, Саудовской Аравии и США. Острая фаза противостояния завершилась только в момент, когда нефтяные котировки на фоне пандемии коронавируса и развала сделки ОПЕК+ рухнули до минимумов с начала века.    Россия и Белоруссия заключили договор на поставку российской нефти на прошлой неделе. По словам, Головченко условия оказались «очень выгодными» для Минска.    https://lenta.ru/news/2020/07/21/lost/</raw>
      <annotated> <DocCreationTime><TE>2020-07-21</TE></DocCreationTime>    Белоруссия обвинила Россию в потере 146 миллионов долларов    Власти Белоруссии оценили прямые потери бюджета от российского налогового маневра в <Field Category="Year"><TE>2021 году</TE></Field> в 350 миллионов белорусских рублей или 146 миллионов долларов. Об этом на заседании президиума совета министров по проекту бюджета на <Anchored To="DCT"><Field Category="Year"><TE>следующий год</TE></Field></Anchored> заявил премьер-министр республики Роман Головченко, передает БЕЛТА.    Он объяснил, что документ сверстан из расчета среднегодовой цены барреля нефти около 40 долларов и среднего курса доллара 2,4 белорусских рубля, что и дает основание для такого размера обвинения.    Налоговый маневр России в нефтяной отрасли предусматривает поэтапное обнуление экспортных пошлин на сырье и повышение ставки налога на добычу полезных ископаемых (НДПИ).    Для Минска такая стратегия означает существенный рост цен на российскую нефть и резкое снижение доходов от собственной нефтепереработки. На фоне конфликта с Москвой Белоруссия начала закупку у альтернативных поставщиков, в том числе у Норвегии, Азербайджана, Саудовской Аравии и США. Острая фаза противостояния завершилась только в момент, когда нефтяные котировки на фоне пандемии коронавируса и развала сделки ОПЕК+ рухнули до минимумов с <TE><Field Category="Phase">начала</Field> <Field Category="Century"><Restored Through="DCT">века</Restored></Field></TE>.    Россия и Белоруссия заключили договор на поставку российской нефти на <Anchored To="DCT"><Field Category="Week"><TE>прошлой неделе</TE></Field></Anchored>. По словам, Головченко условия оказались «очень выгодными» для Минска.    https://lenta.ru/news/2020/07/21/lost/</annotated>
    </text>
    <annotations>
      <annotation DayOfWeek="2020-W30-2" __Id="253" __Class="DocCreationTime" __From="1" __To="10"/>
      <annotation Category="Date" Value="2020-07-21" __Id="254" __Class="TE" __From="1" __To="10"/>
      <annotation Category="Year" __Id="257" __Class="Field" __From="161" __To="169"/>
      <annotation Category="Date" Value="2021" __Id="258" __Class="TE" __From="161" __To="169"/>
      <annotation To="DCT" U_Class="1-DA" __Id="260" __Class="Anchored" __From="305" __To="317"/>
      <annotation Category="Year" __Id="261" __Class="Field" __From="305" __To="317"/>
      <annotation Category="Date" Value="2021" __Id="262" __Class="TE" __From="305" __To="317"/>
      <annotation Category="Phase" __Id="268" __Class="Field" __From="1203" __To="1208"/>
      <annotation Category="Date" Value="20-START" __Id="269" __Class="TE" __From="1203" __To="1213"/>
      <annotation Category="Century" __Id="270" __Class="Field" __From="1210" __To="1213"/>
      <annotation Through="DCT" U_Class="6" __Id="271" __Class="Restored" __From="1210" __To="1213"/>
      <annotation To="DCT" U_Class="1-D" __Id="273" __Class="Anchored" __From="1289" __To="1302"/>
      <annotation Category="Week" __Id="274" __Class="Field" __From="1289" __To="1302"/>
      <annotation Category="Date" Value="2020-W29" __Id="275" __Class="TE" __From="1289" __To="1302"/>
    </annotations>
    <relations>
    </relations>
  </document>
</xml>
