<xml generator="AnnotationTools" format-version="1">
  <document>
    <text>
      <raw> 2018-12-19    Рубль снова просел    Российская валюта по итогам торгов на Московской бирже снова просела. Об этом свидетельствуют данные торгов.    К концу торговой сессии курс евро поднялся на 0,91 процента до 77,12 рубля, курс доллара вырос на 0,39 процента и составил 67,54 рубля. В ходе торгов российская валюта падала до уровня 77,3 рубля за один евро, и до 67,83 рубля за доллар.    Российская валюта столкнулась с давлением нефтяных цен, неудачами российского министерства финансов по размещению государственных облигаций, вызванных опасениями инвесторов, а также давлением со стороны Федеральной резервной системы США, которая, как ожидается, должна поднять ключевую ставку, что негативно скажется на курсе рубля.    Против рубля традиционно выступает конец года, на который приходится пик по выплатам валютных долгов крупными компаниями, а также планы Банка России возобновить закупку валюты для резервов на бирже, о которых регулятор объявил по итогам заседания совета директоров.    Во вторник, 18 декабря, цены на нефть вновь опустились до годовых минимумов — рынок по-прежнему скептически настроен в отношении нового соглашения ОПЕК+, которое неспособно убрать излишки нефти с рынка. Вместе с тем в ходе торгов в среду, 19 декабря, цены на нефть начали расти.    Баррель нефти марки Brent на 19:22 по московскому времени торговался в районе 58 долларов за баррель, а нефть марки WTI — на уровне 47,82 долларов за бочку.    https://lenta.ru/news/2018/12/19/ruoble/</raw>
      <annotated> <DocCreationTime DayOfWeek="2018-W51-3"><TE Category="Date" Value="2018-12-19">2018-12-19</TE></DocCreationTime>    Рубль снова просел    Российская валюта по итогам торгов на Московской бирже снова просела. Об этом свидетельствуют данные торгов.    К концу торговой сессии курс евро поднялся на 0,91 процента до 77,12 рубля, курс доллара вырос на 0,39 процента и составил 67,54 рубля. В ходе торгов российская валюта падала до уровня 77,3 рубля за один евро, и до 67,83 рубля за доллар.    Российская валюта столкнулась с давлением нефтяных цен, неудачами российского министерства финансов по размещению государственных облигаций, вызванных опасениями инвесторов, а также давлением со стороны Федеральной резервной системы США, которая, как ожидается, должна поднять ключевую ставку, что негативно скажется на курсе рубля.    Против рубля традиционно выступает <Field Category="Phase">конец</Field> <Field Category="Year"><Restored Through="DCT" U_Class="6">года</Restored></Field>, на который приходится пик по выплатам валютных долгов крупными компаниями, а также планы Банка России возобновить закупку валюты для резервов на бирже, о которых регулятор объявил по итогам заседания совета директоров.    Во <Field Category="DayOfWeek"><Restored Through="DCT" U_Class="4"><TE Category="Date" Value="2018-W51-2">вторник</TE></Restored></Field>, <TE Category="Date" Value="2018-12-18"><Field Category="Day">18</Field> <Field Category="MonthName"><Restored Through="DCT" U_Class="4">декабря</Restored></Field></TE>, цены на нефть вновь опустились до годовых минимумов — рынок по-прежнему скептически настроен в отношении нового соглашения ОПЕК+, которое неспособно убрать излишки нефти с рынка. Вместе с тем в ходе торгов в <Field Category="DayOfWeek"><Restored Through="DCT" U_Class="4"><TE Category="Date" Value="2018-W51-3">среду</TE></Restored></Field>, <TE Category="Date" Value="2018-12-19"><Field Category="Day">19</Field> <Field Category="MonthName"><Restored Through="DCT" U_Class="4">декабря</Restored></Field></TE>, цены на нефть начали расти.    Баррель нефти марки Brent на 19:22 по московскому времени торговался в районе 58 долларов за баррель, а нефть марки WTI — на уровне 47,82 долларов за бочку.    https://lenta.ru/news/2018/12/19/ruoble/</annotated>
    </text>
    <annotations>
      <annotation DayOfWeek="2018-W51-3" __Id="297" __Class="DocCreationTime" __From="1" __To="10"/>
      <annotation Category="Date" Value="2018-12-19" __Id="298" __Class="TE" __From="1" __To="10"/>
      <annotation Category="Phase" __Id="306" __Class="Field" __From="761" __To="765"/>
      <annotation Category="Year" __Id="307" __Class="Field" __From="767" __To="770"/>
      <annotation Through="DCT" U_Class="6" __Id="308" __Class="Restored" __From="767" __To="770"/>
      <annotation Category="DayOfWeek" __Id="310" __Class="Field" __From="998" __To="1004"/>
      <annotation Through="DCT" U_Class="4" __Id="311" __Class="Restored" __From="998" __To="1004"/>
      <annotation Category="Date" Value="2018-W51-2" __Id="312" __Class="TE" __From="998" __To="1004"/>
      <annotation Category="Day" __Id="313" __Class="Field" __From="1007" __To="1008"/>
      <annotation Category="Date" Value="2018-12-18" __Id="314" __Class="TE" __From="1007" __To="1016"/>
      <annotation Category="MonthName" __Id="315" __Class="Field" __From="1010" __To="1016"/>
      <annotation Through="DCT" U_Class="4" __Id="316" __Class="Restored" __From="1010" __To="1016"/>
      <annotation Category="DayOfWeek" __Id="318" __Class="Field" __From="1227" __To="1231"/>
      <annotation Through="DCT" U_Class="4" __Id="319" __Class="Restored" __From="1227" __To="1231"/>
      <annotation Category="Date" Value="2018-W51-3" __Id="320" __Class="TE" __From="1227" __To="1231"/>
      <annotation Category="Day" __Id="321" __Class="Field" __From="1234" __To="1235"/>
      <annotation Category="Date" Value="2018-12-19" __Id="322" __Class="TE" __From="1234" __To="1243"/>
      <annotation Category="MonthName" __Id="323" __Class="Field" __From="1237" __To="1243"/>
      <annotation Through="DCT" U_Class="4" __Id="324" __Class="Restored" __From="1237" __To="1243"/>
    </annotations>
    <relations>
    </relations>
  </document>
</xml>
