<xml generator="AnnotationTools" format-version="1">
  <document>
    <text>
      <raw> ¶2012-07-31    ¶В Хабаровске появился доступ к ресурсам Президентской библиотеки им. Ельцина    ¶В Хабаровске на базе Дальневосточной государственной научной библиотеки, расположенной в здании-памятнике &quot;Дом доходный Н. И. Кузьминского&quot; 1908 года постройки, открылся региональный центр с доступом к ресурсам Президентской библиотеки имени Б. Н. Ельцина. Как 31 июля сообщили корреспонденту ИА REGNUM в пресс-службе правительства Хабаровского края, в торжественной церемонии открытия Хабаровского регионального центра приняли участие представители исполнительных и законодательных органов власти, ФГБУ &quot;Президентская библиотека имени Б. Н. Ельцина&quot;, работники краевых и муниципальных учреждений культуры, образования, архивного дела, читатели библиотеки.    ¶&quot;Для края это значимое событие. Проведена колоссальная работа. Основная цель деятельности центра - предоставление открытого доступа к общегосударственному хранилищу информационных ресурсов представленных в электронно-цифровой форме: произведений и документов по истории, теории, практике российской государственности, по вопросам русского языка как государственного языка Российской Федерации. Здесь же будут формироваться региональные информационные ресурсы&quot;, - отметил министр культуры края.    ¶https://regnum.ru/news/cultura/1556866.html</raw>
      <annotated> ¶<DocCreationTime><TE>2012-07-31</TE></DocCreationTime>    ¶В Хабаровске появился доступ к ресурсам Президентской библиотеки им. Ельцина    ¶В Хабаровске на базе Дальневосточной государственной научной библиотеки, расположенной в здании-памятнике &quot;Дом доходный Н. И. Кузьминского&quot; <Field Category="Year"><TE>1908 года</TE></Field> постройки, открылся региональный центр с доступом к ресурсам Президентской библиотеки имени Б. Н. Ельцина. Как <TE><Field Category="Day">31</Field> <Field Category="MonthName"><Restored Through="DCT">июля</Restored></Field></TE> сообщили корреспонденту ИА REGNUM в пресс-службе правительства Хабаровского края, в торжественной церемонии открытия Хабаровского регионального центра приняли участие представители исполнительных и законодательных органов власти, ФГБУ &quot;Президентская библиотека имени Б. Н. Ельцина&quot;, работники краевых и муниципальных учреждений культуры, образования, архивного дела, читатели библиотеки.    ¶&quot;Для края это значимое событие. Проведена колоссальная работа. Основная цель деятельности центра - предоставление открытого доступа к общегосударственному хранилищу информационных ресурсов представленных в электронно-цифровой форме: произведений и документов по истории, теории, практике российской государственности, по вопросам русского языка как государственного языка Российской Федерации. Здесь же будут формироваться региональные информационные ресурсы&quot;, - отметил министр культуры края.    ¶https://regnum.ru/news/cultura/1556866.html</annotated>
    </text>
    <annotations>
      <annotation DayOfWeek="2012-W31-2" __Id="209" __Class="DocCreationTime" __From="2" __To="11"/>
      <annotation Category="Date" Value="2012-07-31" __Id="210" __Class="TE" __From="2" __To="11"/>
      <annotation Category="Year" __Id="213" __Class="Field" __From="248" __To="256"/>
      <annotation Category="Date" Value="1908" __Id="214" __Class="TE" __From="248" __To="256"/>
      <annotation Category="Day" __Id="216" __Class="Field" __From="369" __To="370"/>
      <annotation Category="Date" Value="2012-07-31" __Id="217" __Class="TE" __From="369" __To="375"/>
      <annotation Category="MonthName" __Id="218" __Class="Field" __From="372" __To="375"/>
      <annotation Through="DCT" U_Class="4" __Id="219" __Class="Restored" __From="372" __To="375"/>
    </annotations>
    <relations>
    </relations>
  </document>
</xml>
