<xml generator="AnnotationTools" format="public" version="1">
  <document>
    <text>
      <raw> 2020-09-29    Названы самые популярные товары в России на фоне распространения коронавируса    В России назвали товары, которые пользуются наибольшей популярностью на фоне распространения коронавируса. Об этом сообщает газета «Известия» со ссылкой на данные оператора фискальных данных «Платформа ОФД».    В частности, в сентябре резко выросли продажи защитных масок и перчаток: на 37 и 47 процентов соответственно по сравнению с августом. Причем некоторые онлайн-ретейлеры — Wildberries и Ozon — увидели рост спроса на одноразовые маски выше 100 процентов.    В то же время, в категории антисептиков, наоборот, падение — минус 17 процентов за месяц. Это связано с тем, что дезинфицирующие средства уже есть в общественных местах, офисах и торговых точках. В целом закупки средств индивидуальной защиты оказались цикличными: россияне обычно покупают их в начале и середине месяца: после получения зарплаты и аванса, указывает издание.    Также граждане активно скупают продукты для укрепления иммунитета: чеснок, имбирь и лимоны. «Люди активно занимаются самолечением, используют народную медицину, стараются потреблять в пищу больше витаминов и продуктов, которые обладают противовирусными свойствами», — прокомментировал председатель правления экспертов рынка ритейла Андрей Карпов. Резкого спроса на противовирусные препараты пока нет.    По состоянию на 28 сентября в России за сутки выявили 8135 новых случаев заражения коронавирусом в 84 регионах, всего с начала эпидемии заболели свыше миллиона человек. В Роспотребнадзоре рост числа инфицированных назвали ожидаемым и указали, что новые ограничения не грозят, если будут соблюдаться меры профилактики.    С очередным обращением к россиянам выступил и президент Владимир Путин. Он сказал, что борьба с распространением вируса продолжается и призвал россиян не терять бдительности.    https://lenta.ru/news/2020/09/29/skupat/</raw>
      <annotated> <DocCreationTime DayOfWeek="2020-W40-2"><TE Category="Date" Value="2020-09-29">2020-09-29</TE></DocCreationTime>    Названы самые популярные товары в России на фоне распространения коронавируса    В России назвали товары, которые пользуются наибольшей популярностью на фоне распространения коронавируса. Об этом сообщает газета «Известия» со ссылкой на данные оператора фискальных данных «Платформа ОФД».    В частности, в <Field Category="MonthName"><TE Category="Date" Value="2020-09">сентябре</TE></Field> резко выросли продажи защитных масок и перчаток: на 37 и 47 процентов соответственно по сравнению с <Field Category="MonthName"><TE Category="Date" Value="2020-08">августом</TE></Field>. Причем некоторые онлайн-ретейлеры — Wildberries и Ozon — увидели рост спроса на одноразовые маски выше 100 процентов.    В то же время, в категории антисептиков, наоборот, падение — минус 17 процентов за <TE Category="Dur" Value="P1M">месяц</TE>. Это связано с тем, что дезинфицирующие средства уже есть в общественных местах, офисах и торговых точках. В целом закупки средств индивидуальной защиты оказались цикличными: россияне обычно покупают их в начале и <Field Category="Phase">середине</Field> <Field Category="Month">месяца</Field>: после получения зарплаты и аванса, указывает издание.    Также граждане активно скупают продукты для укрепления иммунитета: чеснок, имбирь и лимоны. «Люди активно занимаются самолечением, используют народную медицину, стараются потреблять в пищу больше витаминов и продуктов, которые обладают противовирусными свойствами», — прокомментировал председатель правления экспертов рынка ритейла Андрей Карпов. Резкого спроса на противовирусные препараты пока нет.    По состоянию на <TE Category="Date" Value="2020-09-28"><Field Category="Day">28</Field> <Field Category="MonthName">сентября</Field></TE> в России за <TE Category="Date" Value="2020-09-28">сутки</TE> выявили 8135 новых случаев заражения коронавирусом в 84 регионах, всего с начала эпидемии заболели свыше миллиона человек. В Роспотребнадзоре рост числа инфицированных назвали ожидаемым и указали, что новые ограничения не грозят, если будут соблюдаться меры профилактики.    С очередным обращением к россиянам выступил и президент Владимир Путин. Он сказал, что борьба с распространением вируса продолжается и призвал россиян не терять бдительности.    https://lenta.ru/news/2020/09/29/skupat/</annotated>
    </text>
<!-- NOTE: Annotation boundaries below corresponds to text without XHTML-entities encoding. -->
    <annotations>
      <annotation DayOfWeek="2020-W40-2" __Id="336" __Class="DocCreationTime" __From="1" __To="10"/>
      <annotation Category="Date" Value="2020-09-29" __Id="337" __Class="TE" __From="1" __To="10"/>
      <annotation Category="MonthName" __Id="342" __Class="Field" __From="322" __To="329"/>
      <annotation Category="Date" Value="2020-09" __Id="344" __Class="TE" __From="322" __To="329"/>
      <annotation Category="MonthName" __Id="345" __Class="Field" __From="431" __To="438"/>
      <annotation Category="Date" Value="2020-08" __Id="347" __Class="TE" __From="431" __To="438"/>
      <annotation Category="Dur" Value="P1M" __Id="350" __Class="TE" __From="645" __To="649"/>
      <annotation Category="Phase" __Id="353" __Class="Field" __From="865" __To="872"/>
      <annotation Category="Month" __Id="354" __Class="Field" __From="874" __To="879"/>
      <annotation Category="Day" __Id="360" __Class="Field" __From="1359" __To="1360"/>
      <annotation Category="Date" Value="2020-09-28" __Id="361" __Class="TE" __From="1359" __To="1369"/>
      <annotation Category="MonthName" __Id="362" __Class="Field" __From="1362" __To="1369"/>
      <annotation Category="Date" Value="2020-09-28" __Id="364" __Class="TE" __From="1383" __To="1387"/>
    </annotations>
    <relations>
    </relations>
  </document>
</xml>
