<xml generator="AnnotationTools" target="public" format-version="1">
  <document>
    <text>
      <raw> 2017-07-11    В ВЭБе предсказали стабильность курса рубля до конца года    Курс рубля к основным валютам сохранится примерно на текущем уровне, а цены на нефть могут несколько вырасти к концу года. Об этом заявил главный экономист ВЭБа Андрей Клепач, передает «Интерфакс». По его словам, нефть подорожает примерно до 50 долларов за баррель.    Он отметил, что риски снижения цен всегда большие, так как США и Ливия будут наращивать добычу. Однако промышленные запасы будут сокращаться, а мировая экономика — расти.    10 июля министр экономического развития Максим Орешкин заявил, что его ведомство не ожидает резких скачков курса рубля в течение 2017 года.    В базовом варианте прогноза Минэкономразвития среднегодовой курс доллара в 2017 году составляет 64,2 рубля (68 рублей — на конец года), в 2018 году — 69,8 рубля (70,8 рубля на конец года), в 2019-м — 71,2 рубля (71,6 рубля), в 2020-м — 72,7 рубля (73,8 рубля).    6 июля в интервью «Ленте.ру» главный экономист по России Bank of America Merrill Lynch Владимир Осаковский заявил, что к концу 2017 года доллар будет стоить 60 рублей, евро — 65. «Некая тенденция к ослаблению рубля есть, но в рамках приличий», — сказал эксперт.    https://lenta.ru/news/2017/07/11/ruble/</raw>
      <annotated> <DocCreationTime DayOfWeek="2017-W28-2"><TE Category="Date" Value="2017-07-11">2017-07-11</TE></DocCreationTime>    В ВЭБе предсказали стабильность курса рубля до <TE Category="Date" Value="2017-END"><Field Category="Phase">конца</Field> <Field Category="Year"><Restored Through="DCT" U_Class="6">года</Restored></Field></TE>    Курс рубля к основным валютам сохранится примерно на текущем уровне, а цены на нефть могут несколько вырасти к <TE Category="Date" Value="2017-END"><Field Category="Phase">концу</Field> <Field Category="Year"><Restored Through="DCT" U_Class="6">года</Restored></Field></TE>. Об этом заявил главный экономист ВЭБа Андрей Клепач, передает «Интерфакс». По его словам, нефть подорожает примерно до 50 долларов за баррель.    Он отметил, что риски снижения цен всегда большие, так как США и Ливия будут наращивать добычу. Однако промышленные запасы будут сокращаться, а мировая экономика — расти.    <TE Category="Date" Value="2017-07-10"><Field Category="Day">10</Field> <Field Category="MonthName"><Restored Through="DCT" U_Class="4">июля</Restored></Field></TE> министр экономического развития Максим Орешкин заявил, что его ведомство не ожидает резких скачков курса рубля в течение <Field Category="Year"><TE Category="Date" Value="2017">2017 года</TE></Field>.    В базовом варианте прогноза Минэкономразвития среднегодовой курс доллара в <Field Category="Year"><TE Category="Date" Value="2017">2017 году</TE></Field> составляет 64,2 рубля (68 рублей — на <TE Category="Date" Value="2017-END"><Field Category="Phase">конец</Field> <Field Category="Year"><Restored Through="DCT" U_Class="6">года</Restored></Field></TE>), в <Field Category="Year"><TE Category="Date" Value="2018">2018 году</TE></Field> — 69,8 рубля (70,8 рубля на <TE Category="Date" Value="2018-END"><Field Category="Phase">конец</Field> <Field Category="Year"><Restored Through="DCT" U_Class="6">года</Restored></Field></TE>), в <Field Category="Year"><TE Category="Date" Value="2019">2019-м</TE></Field> — 71,2 рубля (71,6 рубля), в <Field Category="Year"><TE Category="Date" Value="2020">2020-м</TE></Field> — 72,7 рубля (73,8 рубля).    <TE Category="Date" Value="2017-07-06"><Field Category="Day">6</Field> <Field Category="MonthName"><Restored Through="DCT" U_Class="4">июля</Restored></Field></TE> в интервью «Ленте.ру» главный экономист по России Bank of America Merrill Lynch Владимир Осаковский заявил, что к <TE Category="Date" Value="2017-END"><Field Category="Phase">концу</Field> <Field Category="Year">2017 года</Field></TE> доллар будет стоить 60 рублей, евро — 65. «Некая тенденция к ослаблению рубля есть, но в рамках приличий», — сказал эксперт.    https://lenta.ru/news/2017/07/11/ruble/</annotated>
    </text>
    <annotations>
      <annotation DayOfWeek="2017-W28-2" __Id="287" __Class="DocCreationTime" __From="1" __To="10"/>
      <annotation Category="Date" Value="2017-07-11" __Id="288" __Class="TE" __From="1" __To="10"/>
      <annotation Category="Phase" __Id="290" __Class="Field" __From="62" __To="66"/>
      <annotation Category="Date" Value="2017-END" __Id="291" __Class="TE" __From="62" __To="71"/>
      <annotation Category="Year" __Id="292" __Class="Field" __From="68" __To="71"/>
      <annotation Through="DCT" U_Class="6" __Id="293" __Class="Restored" __From="68" __To="71"/>
      <annotation Category="Phase" __Id="295" __Class="Field" __From="187" __To="191"/>
      <annotation Category="Date" Value="2017-END" __Id="296" __Class="TE" __From="187" __To="196"/>
      <annotation Category="Year" __Id="297" __Class="Field" __From="193" __To="196"/>
      <annotation Through="DCT" U_Class="6" __Id="298" __Class="Restored" __From="193" __To="196"/>
      <annotation Category="Day" __Id="304" __Class="Field" __From="519" __To="520"/>
      <annotation Category="Date" Value="2017-07-10" __Id="305" __Class="TE" __From="519" __To="525"/>
      <annotation Category="MonthName" __Id="306" __Class="Field" __From="522" __To="525"/>
      <annotation Through="DCT" U_Class="4" __Id="307" __Class="Restored" __From="522" __To="525"/>
      <annotation Category="Year" __Id="308" __Class="Field" __From="648" __To="656"/>
      <annotation Category="Date" Value="2017" __Id="309" __Class="TE" __From="648" __To="656"/>
      <annotation Category="Year" __Id="311" __Class="Field" __From="737" __To="745"/>
      <annotation Category="Date" Value="2017" __Id="312" __Class="TE" __From="737" __To="745"/>
      <annotation Category="Phase" __Id="313" __Class="Field" __From="785" __To="789"/>
      <annotation Category="Date" Value="2017-END" __Id="314" __Class="TE" __From="785" __To="794"/>
      <annotation Category="Year" __Id="315" __Class="Field" __From="791" __To="794"/>
      <annotation Through="DCT" U_Class="6" __Id="316" __Class="Restored" __From="791" __To="794"/>
      <annotation Category="Year" __Id="317" __Class="Field" __From="800" __To="808"/>
      <annotation Category="Date" Value="2018" __Id="318" __Class="TE" __From="800" __To="808"/>
      <annotation Category="Phase" __Id="319" __Class="Field" __From="838" __To="842"/>
      <annotation Category="Date" Value="2018-END" __Id="320" __Class="TE" __From="838" __To="847"/>
      <annotation Category="Year" __Id="321" __Class="Field" __From="844" __To="847"/>
      <annotation Through="DCT" U_Class="6" __Id="322" __Class="Restored" __From="844" __To="847"/>
      <annotation Category="Year" __Id="323" __Class="Field" __From="853" __To="858"/>
      <annotation Category="Date" Value="2019" __Id="324" __Class="TE" __From="853" __To="858"/>
      <annotation Category="Year" __Id="325" __Class="Field" __From="889" __To="894"/>
      <annotation Category="Date" Value="2020" __Id="326" __Class="TE" __From="889" __To="894"/>
      <annotation Category="Day" __Id="328" __Class="Field" __From="926" __To="926"/>
      <annotation Category="Date" Value="2017-07-06" __Id="329" __Class="TE" __From="926" __To="931"/>
      <annotation Category="MonthName" __Id="330" __Class="Field" __From="928" __To="931"/>
      <annotation Through="DCT" U_Class="4" __Id="331" __Class="Restored" __From="928" __To="931"/>
      <annotation Category="Phase" __Id="333" __Class="Field" __From="1047" __To="1051"/>
      <annotation Category="Date" Value="2017-END" __Id="334" __Class="TE" __From="1047" __To="1061"/>
      <annotation Category="Year" __Id="335" __Class="Field" __From="1053" __To="1061"/>
    </annotations>
    <relations>
      <relation __Id="0" __Class="AnchoredTo"><from><annotation __Id="314"/></from><to><annotation __Id="312"/></to></relation>
      <relation __Id="1" __Class="AnchoredTo"><from><annotation __Id="320"/></from><to><annotation __Id="318"/></to></relation>
    </relations>
  </document>
</xml>
