<xml generator="AnnotationTools" format-version="1">
  <document>
    <text>
      <raw> ¶2020-10-01    ¶Более 420 тысяч животных привили от бешенства в Подмосковье с начала года    ¶Более 420 тысяч животных привили от бешенства в Подмосковье с начала года, сообщил министр сельского хозяйства и продовольствия региона Андрей Разин. Его слова приводятся на сайте областного правительства в четверг, 1 октября.    ¶«Количество заразившихся бешенством по отношению к 2018 году снизилось на 50 процентов, а на середину сентября было зарегистрировано лишь 67 тестов, результаты которых оказались положительными», — сказал Разин.    ¶Министр отметил, что эффективно бороться с бешенством удается при помощи малой авиации. «Также снизить число случаев бешенства помогли дополнительная раскладка вакцины и отстрел диких животных в очагах распространения заболевания», — добавил он.    ¶По его словам, помимо вакцинации было проведено 1 654 исследований на бешенство.    ¶https://lenta.ru/news/2020/10/01/graft/</raw>
      <annotated> ¶<DocCreationTime><TE>2020-10-01</TE></DocCreationTime>    ¶Более 420 тысяч животных привили от бешенства в Подмосковье с <TE><Field Category="Phase">начала</Field> <Field Category="Year"><Restored Through="DCT">года</Restored></Field></TE>    ¶Более 420 тысяч животных привили от бешенства в Подмосковье с <TE><Field Category="Phase">начала</Field> <Field Category="Year"><Restored Through="DCT">года</Restored></Field></TE>, сообщил министр сельского хозяйства и продовольствия региона Андрей Разин. Его слова приводятся на сайте областного правительства в <Field Category="DayOfWeek"><Restored Through="DCT"><TE>четверг</TE></Restored></Field>, <TE><Field Category="Day">1</Field> <Field Category="MonthName"><Restored Through="DCT">октября</Restored></Field></TE>.    ¶«Количество заразившихся бешенством по отношению к <Field Category="Year"><TE>2018 году</TE></Field> снизилось на 50 процентов, а на <TE><Field Category="Phase">середину</Field> <Field Category="MonthName"><Restored Through="DCT">сентября</Restored></Field></TE> было зарегистрировано лишь 67 тестов, результаты которых оказались положительными», — сказал Разин.    ¶Министр отметил, что эффективно бороться с бешенством удается при помощи малой авиации. «Также снизить число случаев бешенства помогли дополнительная раскладка вакцины и отстрел диких животных в очагах распространения заболевания», — добавил он.    ¶По его словам, помимо вакцинации было проведено 1 654 исследований на бешенство.    ¶https://lenta.ru/news/2020/10/01/graft/</annotated>
    </text>
    <annotations>
      <annotation DayOfWeek="2020-W40-4" __Id="174" __Class="DocCreationTime" __From="2" __To="11"/>
      <annotation Category="Date" Value="2020-10-01" __Id="175" __Class="TE" __From="2" __To="11"/>
      <annotation Category="Phase" __Id="177" __Class="Field" __From="79" __To="84"/>
      <annotation Category="Date" Value="2020-START" __Id="178" __Class="TE" __From="79" __To="89"/>
      <annotation Category="Year" __Id="179" __Class="Field" __From="86" __To="89"/>
      <annotation Through="DCT" U_Class="6" __Id="180" __Class="Restored" __From="86" __To="89"/>
      <annotation Category="Phase" __Id="182" __Class="Field" __From="157" __To="162"/>
      <annotation Category="Date" Value="2020-START" __Id="183" __Class="TE" __From="157" __To="167"/>
      <annotation Category="Year" __Id="184" __Class="Field" __From="164" __To="167"/>
      <annotation Through="DCT" U_Class="6" __Id="185" __Class="Restored" __From="164" __To="167"/>
      <annotation Category="DayOfWeek" __Id="187" __Class="Field" __From="302" __To="308"/>
      <annotation Through="DCT" U_Class="4" __Id="188" __Class="Restored" __From="302" __To="308"/>
      <annotation Category="Date" Value="2020-W40-4" __Id="189" __Class="TE" __From="302" __To="308"/>
      <annotation Category="Day" __Id="190" __Class="Field" __From="311" __To="311"/>
      <annotation Category="Date" Value="2020-10-01" __Id="191" __Class="TE" __From="311" __To="319"/>
      <annotation Category="MonthName" __Id="192" __Class="Field" __From="313" __To="319"/>
      <annotation Through="DCT" U_Class="4" __Id="193" __Class="Restored" __From="313" __To="319"/>
      <annotation Category="Year" __Id="195" __Class="Field" __From="377" __To="385"/>
      <annotation Category="Date" Value="2018" __Id="196" __Class="TE" __From="377" __To="385"/>
      <annotation Category="Phase" __Id="197" __Class="Field" __From="419" __To="426"/>
      <annotation Category="Date" Value="2020-09-MID" __Id="198" __Class="TE" __From="419" __To="435"/>
      <annotation Category="MonthName" __Id="199" __Class="Field" __From="428" __To="435"/>
      <annotation Through="DCT" U_Class="4" __Id="200" __Class="Restored" __From="428" __To="435"/>
    </annotations>
    <relations>
    </relations>
  </document>
</xml>
