<xml generator="AnnotationTools" format-version="1">
  <document>
    <text>
      <raw> 2020-06-14    В ДНР отменили режим полной боеготовности    Глава самопровозглашенной Донецкой народной республики (ДНР) Денис Пушилин отменил введенный ранее режим полной боеготовности. Об этом сообщается на официальном сайте руководителя ДНР.    Решение связано со стабилизацией военной обстановки. При этом Пушилин санкционировал меры по защите ДНР в случае возобновления целенаправленных обстрелов со стороны Вооруженных сил Украины.    Самопровозглашенные Донецкая и Луганская народные республики (ДНР и ЛНР) привели свои войска в боевую готовность 20 мая. Глава ДНР Пушилин объяснил это тем, что Украина свыше 250 раз нарушила режим прекращения огня с начала месяца. Руководитель ЛНР Леонид Пасечник также заявил о вооруженных провокациях украинской стороны и объяснил приказ о приведении войск в боеготовность нежеланием допустить эскалацию конфликта.    Военная операция против самопровозглашенных ЛНР и ДНР, заявивших о независимости, началась в 2014 году. Для урегулирования конфликта были приняты соглашения, которые были подписаны в Минске, однако перестрелки продолжаются.    https://lenta.ru/news/2020/06/14/dnr/</raw>
      <annotated> <DocCreationTime DayOfWeek="2020-W24-7"><TE Category="Date" Value="2020-06-14">2020-06-14</TE></DocCreationTime>    В ДНР отменили режим полной боеготовности    Глава самопровозглашенной Донецкой народной республики (ДНР) Денис Пушилин отменил введенный ранее режим полной боеготовности. Об этом сообщается на официальном сайте руководителя ДНР.    Решение связано со стабилизацией военной обстановки. При этом Пушилин санкционировал меры по защите ДНР в случае возобновления целенаправленных обстрелов со стороны Вооруженных сил Украины.    Самопровозглашенные Донецкая и Луганская народные республики (ДНР и ЛНР) привели свои войска в боевую готовность <TE Category="Date" Value="2020-05-20"><Field Category="Day">20</Field> <Field Category="MonthName"><Restored Through="DCT" U_Class="4">мая</Restored></Field></TE>. Глава ДНР Пушилин объяснил это тем, что Украина свыше 250 раз нарушила режим прекращения огня с <TE Category="Date" Value="2020-05-START"><Field Category="Phase">начала</Field> <Field Category="Month"><Restored Through="DCT" U_Class="6">месяца</Restored></Field></TE>. Руководитель ЛНР Леонид Пасечник также заявил о вооруженных провокациях украинской стороны и объяснил приказ о приведении войск в боеготовность нежеланием допустить эскалацию конфликта.    Военная операция против самопровозглашенных ЛНР и ДНР, заявивших о независимости, началась в <Field Category="Year"><TE Category="Date" Value="2014">2014 году</TE></Field>. Для урегулирования конфликта были приняты соглашения, которые были подписаны в Минске, однако перестрелки продолжаются.    https://lenta.ru/news/2020/06/14/dnr/</annotated>
    </text>
    <annotations>
      <annotation DayOfWeek="2020-W24-7" __Id="199" __Class="DocCreationTime" __From="1" __To="10"/>
      <annotation Category="Date" Value="2020-06-14" __Id="200" __Class="TE" __From="1" __To="10"/>
      <annotation Category="Day" __Id="207" __Class="Field" __From="554" __To="555"/>
      <annotation Category="Date" Value="2020-05-20" __Id="208" __Class="TE" __From="554" __To="559"/>
      <annotation Category="MonthName" __Id="209" __Class="Field" __From="557" __To="559"/>
      <annotation Through="DCT" U_Class="4" __Id="210" __Class="Restored" __From="557" __To="559"/>
      <annotation Category="Phase" __Id="212" __Class="Field" __From="658" __To="663"/>
      <annotation Category="Date" Value="2020-05-START" __Id="213" __Class="TE" __From="658" __To="670"/>
      <annotation Category="Month" __Id="214" __Class="Field" __From="665" __To="670"/>
      <annotation Through="DCT" U_Class="6" __Id="215" __Class="Restored" __From="665" __To="670"/>
      <annotation Category="Year" __Id="218" __Class="Field" __From="955" __To="963"/>
      <annotation Category="Date" Value="2014" __Id="219" __Class="TE" __From="955" __To="963"/>
    </annotations>
    <relations>
    </relations>
  </document>
</xml>
