<xml generator="AnnotationTools" format-version="1">
  <document>
    <text>
      <raw> 2020-06-15    Курс доллара взлетел    В начале торгов на Московской бирже курс доллара взлетел и обновил максимум по отношению к рублю с начала месяца, свидетельствуют данные площадки.    По состоянию на 10:10 по московскому времени он стоит 70,48 рубля, в последний раз на таких уровнях доллар находился 29 мая. При этом евро по отношению к российской валюте падает — 79,2 рубля.    Основные российские фондовые индексы снижаются: индекс Мосбиржи потерял более двух процентов, а индекс РТС — более трех.    Доллар растет на фоне снижения цен на нефть, которое полностью отменило рост, достигнутый за счет ужесточения параметров сделки ОПЕК+.    Также участники рынка испытывают беспокойство по поводу второй волны коронавируса в США. Она может замедлить восстановление экономики, так что инвесторы видят смысл перекладывать средства в надежный актив.    Эксперты существенно расходятся в оценках курса рубля к концу текущего года. Так, гендиректор рейтингового агентства «Эксперт РА» Сергей Тищенко ожидает доллар по 66 рублей, а даже в оптимистичном прогнозе от Центра макроэкономического анализа и краткосрочного прогнозирования (ЦМАКП) он продолжит рост и приблизится к 85 рублям.    https://lenta.ru/news/2020/06/15/usd/</raw>
      <annotated> <DocCreationTime DayOfWeek="2020-W25-1"><TE Category="Date" Value="2020-06-15">2020-06-15</TE></DocCreationTime>    Курс доллара взлетел    В начале торгов на Московской бирже курс доллара взлетел и обновил максимум по отношению к рублю с <TE Category="Date" Value="2020-06-START"><Field Category="Phase">начала</Field> <Field Category="Month"><Restored Through="DCT" U_Class="6">месяца</Restored></Field></TE>, свидетельствуют данные площадки.    По состоянию на 10:10 по московскому времени он стоит 70,48 рубля, в последний раз на таких уровнях доллар находился <TE Category="Date" Value="2020-05-29"><Field Category="Day">29</Field> <Field Category="MonthName"><Restored Through="DCT" U_Class="4">мая</Restored></Field></TE>. При этом евро по отношению к российской валюте падает — 79,2 рубля.    Основные российские фондовые индексы снижаются: индекс Мосбиржи потерял более двух процентов, а индекс РТС — более трех.    Доллар растет на фоне снижения цен на нефть, которое полностью отменило рост, достигнутый за счет ужесточения параметров сделки ОПЕК+.    Также участники рынка испытывают беспокойство по поводу второй волны коронавируса в США. Она может замедлить восстановление экономики, так что инвесторы видят смысл перекладывать средства в надежный актив.    Эксперты существенно расходятся в оценках курса рубля к <TE Category="Date" Value="2020-END"><Field Category="Phase">концу</Field> <Anchored To="DCT" U_Class="1-D"><Field Category="Year">текущего года</Field></Anchored></TE>. Так, гендиректор рейтингового агентства «Эксперт РА» Сергей Тищенко ожидает доллар по 66 рублей, а даже в оптимистичном прогнозе от Центра макроэкономического анализа и краткосрочного прогнозирования (ЦМАКП) он продолжит рост и приблизится к 85 рублям.    https://lenta.ru/news/2020/06/15/usd/</annotated>
    </text>
    <annotations>
      <annotation DayOfWeek="2020-W25-1" __Id="240" __Class="DocCreationTime" __From="1" __To="10"/>
      <annotation Category="Date" Value="2020-06-15" __Id="241" __Class="TE" __From="1" __To="10"/>
      <annotation Category="Phase" __Id="244" __Class="Field" __From="138" __To="143"/>
      <annotation Category="Date" Value="2020-06-START" __Id="245" __Class="TE" __From="138" __To="150"/>
      <annotation Category="Month" __Id="246" __Class="Field" __From="145" __To="150"/>
      <annotation Through="DCT" U_Class="6" __Id="247" __Class="Restored" __From="145" __To="150"/>
      <annotation Category="Day" __Id="249" __Class="Field" __From="306" __To="307"/>
      <annotation Category="Date" Value="2020-05-29" __Id="250" __Class="TE" __From="306" __To="311"/>
      <annotation Category="MonthName" __Id="251" __Class="Field" __From="309" __To="311"/>
      <annotation Through="DCT" U_Class="4" __Id="252" __Class="Restored" __From="309" __To="311"/>
      <annotation Category="Phase" __Id="259" __Class="Field" __From="912" __To="916"/>
      <annotation Category="Date" Value="2020-END" __Id="260" __Class="TE" __From="912" __To="930"/>
      <annotation To="DCT" U_Class="1-D" __Id="261" __Class="Anchored" __From="918" __To="930"/>
      <annotation Category="Year" __Id="262" __Class="Field" __From="918" __To="930"/>
    </annotations>
    <relations>
    </relations>
  </document>
</xml>
