<xml generator="AnnotationTools" format-version="1">
  <document>
    <text>
      <raw> ¶2017-06-06    ¶Россия отказалась платить 11 миллионов евро в Совет Европы    ¶Россия заблокировала перечисление трети взноса в бюджет Совета Европы (СЕ) в связи с неучастием российской делегации в работе ПАСЕ. Об этом сообщил спикер Госдумы Вячеслав Володин, передает РИА Новости во вторник, 6 июня.    ¶По его словам, речь идет о сумме около 11 миллионов евро. «Там же идет по этапам финансирование, и треть, оставшаяся на конец года, не перечисляется и все», — сказал Володин.    ¶23 мая СМИ со ссылкой на источники в дипломатических кругах сообщили, что Россия планирует урезать ежегодные платежи в СЕ за счет сокращения расходов, которые идут на Парламентскую ассамблею (ПАСЕ).    ¶Член комитета Совфеда по международным делам Игорь Морозов, комментируя эту информацию, заявил, что ассигнования в ПАСЕ идут в пакете с другими платежами в СЕ, и их нельзя разделить. В случае неуплаты Российской Федерацией взноса встал бы вопрос о выходе страны из этой организации, что не отвечает интересам Москвы, пояснил сенатор.    ¶Россия один из основных плательщиков в бюджет Совета Европы наряду с Францией, Великобританией, Германией, Италией и Турцией.    ¶Российская делегация была лишена основных полномочий в организации в апреле 2014 года из-за событий в Донбассе и Крыму. РФ лишена права голоса, а также участия в работе руководящих органов ассамблеи и ее мониторинговых миссиях.    ¶https://lenta.ru/news/2017/06/06/vznosy pase/</raw>
      <annotated> ¶<DocCreationTime><TE>2017-06-06</TE></DocCreationTime>    ¶Россия отказалась платить 11 миллионов евро в Совет Европы    ¶Россия заблокировала перечисление трети взноса в бюджет Совета Европы (СЕ) в связи с неучастием российской делегации в работе ПАСЕ. Об этом сообщил спикер Госдумы Вячеслав Володин, передает РИА Новости во <Field Category="DayOfWeek"><Restored Through="DCT"><TE>вторник</TE></Restored></Field>, <TE><Field Category="Day">6</Field> <Field Category="MonthName"><Restored Through="DCT">июня</Restored></Field></TE>.    ¶По его словам, речь идет о сумме около 11 миллионов евро. «Там же идет по этапам финансирование, и треть, оставшаяся на <TE><Field Category="Phase">конец</Field> <Field Category="Year"><Restored Through="DCT">года</Restored></Field></TE>, не перечисляется и все», — сказал Володин.    ¶<TE><Field Category="Day">23</Field> <Field Category="MonthName"><Restored Through="DCT">мая</Restored></Field></TE> СМИ со ссылкой на источники в дипломатических кругах сообщили, что Россия планирует урезать ежегодные платежи в СЕ за счет сокращения расходов, которые идут на Парламентскую ассамблею (ПАСЕ).    ¶Член комитета Совфеда по международным делам Игорь Морозов, комментируя эту информацию, заявил, что ассигнования в ПАСЕ идут в пакете с другими платежами в СЕ, и их нельзя разделить. В случае неуплаты Российской Федерацией взноса встал бы вопрос о выходе страны из этой организации, что не отвечает интересам Москвы, пояснил сенатор.    ¶Россия один из основных плательщиков в бюджет Совета Европы наряду с Францией, Великобританией, Германией, Италией и Турцией.    ¶Российская делегация была лишена основных полномочий в организации в <TE><Field Category="MonthName">апреле</Field> <Field Category="Year">2014 года</Field></TE> из-за событий в Донбассе и Крыму. РФ лишена права голоса, а также участия в работе руководящих органов ассамблеи и ее мониторинговых миссиях.    ¶https://lenta.ru/news/2017/06/06/vznosy pase/</annotated>
    </text>
    <annotations>
      <annotation DayOfWeek="2017-W23-2" __Id="284" __Class="DocCreationTime" __From="2" __To="11"/>
      <annotation Category="Date" Value="2017-06-06" __Id="285" __Class="TE" __From="2" __To="11"/>
      <annotation Category="DayOfWeek" __Id="289" __Class="Field" __From="285" __To="291"/>
      <annotation Through="DCT" U_Class="4" __Id="290" __Class="Restored" __From="285" __To="291"/>
      <annotation Category="Date" Value="2017-W23-2" __Id="291" __Class="TE" __From="285" __To="291"/>
      <annotation Category="Day" __Id="292" __Class="Field" __From="294" __To="294"/>
      <annotation Category="Date" Value="2017-06-06" __Id="293" __Class="TE" __From="294" __To="299"/>
      <annotation Category="MonthName" __Id="294" __Class="Field" __From="296" __To="299"/>
      <annotation Through="DCT" U_Class="4" __Id="295" __Class="Restored" __From="296" __To="299"/>
      <annotation Category="Phase" __Id="298" __Class="Field" __From="426" __To="430"/>
      <annotation Category="Date" Value="2017-END" __Id="299" __Class="TE" __From="426" __To="435"/>
      <annotation Category="Year" __Id="300" __Class="Field" __From="432" __To="435"/>
      <annotation Through="DCT" U_Class="6" __Id="301" __Class="Restored" __From="432" __To="435"/>
      <annotation Category="Day" __Id="303" __Class="Field" __From="485" __To="486"/>
      <annotation Category="Date" Value="2017-05-23" __Id="304" __Class="TE" __From="485" __To="490"/>
      <annotation Category="MonthName" __Id="305" __Class="Field" __From="488" __To="490"/>
      <annotation Through="DCT" U_Class="4" __Id="306" __Class="Restored" __From="488" __To="490"/>
      <annotation Category="MonthName" __Id="311" __Class="Field" __From="1225" __To="1230"/>
      <annotation Category="Date" Value="2014-04" __Id="312" __Class="TE" __From="1225" __To="1240"/>
      <annotation Category="Year" __Id="313" __Class="Field" __From="1232" __To="1240"/>
    </annotations>
    <relations>
    </relations>
  </document>
</xml>
