<xml generator="AnnotationTools" format-version="1">
  <document>
    <text>
      <raw> 2020-09-30    Новые квартиры подорожали в крупнейших городах России    По итогам третьего квартала 2020-го строящееся жилье подорожало почти во всех крупных городах России. Наиболее заметно — на 7-8 процентов — увеличились цены в Иркутске, Омске, Москве, Владивостоке и Томске, следует из материалов портала «Мир квартир», поступивших в редакцию «Ленты.ру».    «Под давлением доступной ипотеки цены на новостройки надулись, как воздушный шарик, и взлетели вверх. За июль - сентябрь в 70 городах России они увеличились в среднем на 3 процента, а с начала года — на 9 процентов», — отмечают аналитики. По их данным, из 70 исследованных городов с населением более 300 тысяч человек цены на первичном рынке выросли в 64 муниципалитетах, в пяти снизились, а одном городе остались на прежнем уровне.    Снижение ценников зафиксировано в Магнитогорске (минус 6 процентов за квартал), Самаре (минус 2 процента), Кургане (минус 1,7 процента), Владикавказе (минус 0,6 процента) и Грозном (минус 0,2 процента). В Москве средняя цена «квадрата» к концу сентября достигла 238 тысяч рублей, средняя стоимость новой квартиры — 14,08 миллиона рублей.    «Если будет принято решение о продлении дешевой ипотеки после 1 ноября, покупателям новостроек не нужно будет спешить, спрос немного &quot;рассосется&quot;, и цены уже не смогут расти такими темпами», — полагают в «Мире квартир».    Ранее в сентябре стало известно, что самая дешевая российская квартира стоит 145 тысяч рублей. В такую сумму оценили 69-метровые апартаменты, расположенные в одной из пятиэтажек города Инта в Коми.    https://lenta.ru/news/2020/09/30/new built/</raw>
      <annotated> <DocCreationTime><TE>2020-09-30</TE></DocCreationTime>    Новые квартиры подорожали в крупнейших городах России    По итогам <TE><Field Category="Quarter">третьего квартала</Field> <Field Category="Year">2020-го</Field></TE> строящееся жилье подорожало почти во всех крупных городах России. Наиболее заметно — на 7-8 процентов — увеличились цены в Иркутске, Омске, Москве, Владивостоке и Томске, следует из материалов портала «Мир квартир», поступивших в редакцию «Ленты.ру».    «Под давлением доступной ипотеки цены на новостройки надулись, как воздушный шарик, и взлетели вверх. За <Field Category="MonthName"><Restored Through="DCT"><TE>июль</TE></Restored></Field> - <Field Category="MonthName"><Restored Through="DCT"><TE>сентябрь</TE></Restored></Field> в 70 городах России они увеличились в среднем на 3 процента, а с <TE><Field Category="Phase">начала</Field> <Field Category="Year"><Restored Through="DCT">года</Restored></Field></TE> — на 9 процентов», — отмечают аналитики. По их данным, из 70 исследованных городов с населением более 300 тысяч человек цены на первичном рынке выросли в 64 муниципалитетах, в пяти снизились, а одном городе остались на прежнем уровне.    Снижение ценников зафиксировано в Магнитогорске (минус 6 процентов за квартал), Самаре (минус 2 процента), Кургане (минус 1,7 процента), Владикавказе (минус 0,6 процента) и Грозном (минус 0,2 процента). В Москве средняя цена «квадрата» к <TE><Field Category="Phase">концу</Field> <Field Category="MonthName"><Restored Through="DCT">сентября</Restored></Field></TE> достигла 238 тысяч рублей, средняя стоимость новой квартиры — 14,08 миллиона рублей.    «Если будет принято решение о продлении дешевой ипотеки после <TE><Field Category="Day">1</Field> <Field Category="MonthName"><Restored Through="DCT">ноября</Restored></Field></TE>, покупателям новостроек не нужно будет спешить, спрос немного &quot;рассосется&quot;, и цены уже не смогут расти такими темпами», — полагают в «Мире квартир».    Ранее в <Field Category="MonthName"><Restored Through="DCT"><TE>сентябре</TE></Restored></Field> стало известно, что самая дешевая российская квартира стоит 145 тысяч рублей. В такую сумму оценили 69-метровые апартаменты, расположенные в одной из пятиэтажек города Инта в Коми.    https://lenta.ru/news/2020/09/30/new built/</annotated>
    </text>
    <annotations>
      <annotation DayOfWeek="2020-W40-3" __Id="346" __Class="DocCreationTime" __From="1" __To="10"/>
      <annotation Category="Date" Value="2020-09-30" __Id="347" __Class="TE" __From="1" __To="10"/>
      <annotation Category="Quarter" __Id="350" __Class="Field" __From="82" __To="98"/>
      <annotation Category="Date" Value="2020-Q3" __Id="351" __Class="TE" __From="82" __To="106"/>
      <annotation Category="Year" __Id="352" __Class="Field" __From="100" __To="106"/>
      <annotation Category="MonthName" __Id="357" __Class="Field" __From="467" __To="470"/>
      <annotation Through="DCT" U_Class="4" __Id="358" __Class="Restored" __From="467" __To="470"/>
      <annotation Category="Date" Value="2020-07" __Id="359" __Class="TE" __From="467" __To="470"/>
      <annotation Category="MonthName" __Id="360" __Class="Field" __From="474" __To="481"/>
      <annotation Through="DCT" U_Class="4" __Id="361" __Class="Restored" __From="474" __To="481"/>
      <annotation Category="Date" Value="2020-09" __Id="362" __Class="TE" __From="474" __To="481"/>
      <annotation Category="Phase" __Id="363" __Class="Field" __From="548" __To="553"/>
      <annotation Category="Date" Value="2020-START" __Id="364" __Class="TE" __From="548" __To="558"/>
      <annotation Category="Year" __Id="365" __Class="Field" __From="555" __To="558"/>
      <annotation Through="DCT" U_Class="6" __Id="366" __Class="Restored" __From="555" __To="558"/>
      <annotation Category="Phase" __Id="370" __Class="Field" __From="1036" __To="1040"/>
      <annotation Category="Date" Value="2020-09-END" __Id="371" __Class="TE" __From="1036" __To="1049"/>
      <annotation Category="MonthName" __Id="372" __Class="Field" __From="1042" __To="1049"/>
      <annotation Through="DCT" U_Class="4" __Id="373" __Class="Restored" __From="1042" __To="1049"/>
      <annotation Category="Day" __Id="375" __Class="Field" __From="1201" __To="1201"/>
      <annotation Category="Date" Value="2020-11-01" __Id="376" __Class="TE" __From="1201" __To="1208"/>
      <annotation Category="MonthName" __Id="377" __Class="Field" __From="1203" __To="1208"/>
      <annotation Through="DCT" U_Class="4" __Id="378" __Class="Restored" __From="1203" __To="1208"/>
      <annotation Category="MonthName" __Id="380" __Class="Field" __From="1380" __To="1387"/>
      <annotation Through="DCT" U_Class="4" __Id="381" __Class="Restored" __From="1380" __To="1387"/>
      <annotation Category="Date" Value="2020-09" __Id="382" __Class="TE" __From="1380" __To="1387"/>
    </annotations>
    <relations>
    </relations>
  </document>
</xml>
