<xml generator="AnnotationTools" format="public" version="1">
  <document>
    <text>
      <raw> 2021-06-09    Общественник Ильгам Янбердин вышел на одиночный пикет к горсовету Уфу с требованием освободить политзаключенных и заявил, что полиция намерена привлечь его к ответственности по «дадинской» статье     Акция протеста состоялась вечером в минувший вторник, рассказал «Эху» сам Янбердин. По его словам, власть оказывает давление на активистов в Башкирии, в частности общественник отметил заявление правоохранительных органов о задержании подозреваемого по уголовному делу о нападении на представителя власти во время массовых столкновений экозащитников с силовиками на шихане Куштау летом прошлого года. Тогда в сети распространилась видеозапись, на которой видно, как неизвестный человек размахивает лопатой рядом с протестующими и правоохранителями.    «До сих пор неизвестно, кто он, где он, кто адвокаты. Родственники все молчат. Уже прошла неделя, но нет никакой информации. Этот пикет также был посвященным нашим ребятам и чтобы остальной народ не трогали. Сами видите, цены подскочили, бардак везде происходит», — объяснил он.    На футболке, в которой мужчина вышел на пикет, изображены лица активистов, являющиеся, по его мнению, политзаключенными.    Напомним, на прошлой неделе полиция задержала самого Ильгама Янбердина, когда он находился на работе. Ему предъявили обвинения за организацию несогласованной акции протеста в поддержку избитого неизвестными экозащитника Ильдара Юмагулова. Мероприятие прошло рядом с городом Баймак. Оно не было согласовано с местными властями.    Позднее Кировский районный суд Уфы освободил Янбердина и вернул дело полиции для исправления нарушений. Между тем, по словам активиста, силовики намеревались предъявить ему обвинение по уголовной статье о неоднократном нарушении установленного порядка организации митинга, но количество административных обвинительных постановлений не позволило это сделать, заключил Ильгам Янбердин.    http://echomskufa.ru/2021/06/09/83631?utm source=yxnews&amp;amp;utm medium=desktop&amp;amp;utm referrer=https%3A%2F%2Fyandex.ru%2Fnews%2Fsearch%3Ftext%3D</raw>
      <annotated> <DocCreationTime DayOfWeek="2021-W23-3"><TE Category="Date" Value="2021-06-09">2021-06-09</TE></DocCreationTime>    Общественник Ильгам Янбердин вышел на одиночный пикет к горсовету Уфу с требованием освободить политзаключенных и заявил, что полиция намерена привлечь его к ответственности по «дадинской» статье     Акция протеста состоялась вечером в <Field Category="DayOfWeek"><TE Category="Date" Value="2021-W23-2">минувший вторник</TE></Field>, рассказал «Эху» сам Янбердин. По его словам, власть оказывает давление на активистов в Башкирии, в частности общественник отметил заявление правоохранительных органов о задержании подозреваемого по уголовному делу о нападении на представителя власти во время массовых столкновений экозащитников с силовиками на шихане Куштау <TE Category="Date" Value="2020-SU"><Field Category="Season">летом</Field> <Field Category="Year">прошлого года</Field></TE>. Тогда в сети распространилась видеозапись, на которой видно, как неизвестный человек размахивает лопатой рядом с протестующими и правоохранителями.    «До сих пор неизвестно, кто он, где он, кто адвокаты. Родственники все молчат. Уже прошла <Field Category="Week"><TE Category="Dur" Value="P1W">неделя</TE></Field>, но нет никакой информации. Этот пикет также был посвященным нашим ребятам и чтобы остальной народ не трогали. Сами видите, цены подскочили, бардак везде происходит», — объяснил он.    На футболке, в которой мужчина вышел на пикет, изображены лица активистов, являющиеся, по его мнению, политзаключенными.    Напомним, на <Field Category="Week"><TE Category="Date" Value="2021-W22">прошлой неделе</TE></Field> полиция задержала самого Ильгама Янбердина, когда он находился на работе. Ему предъявили обвинения за организацию несогласованной акции протеста в поддержку избитого неизвестными экозащитника Ильдара Юмагулова. Мероприятие прошло рядом с городом Баймак. Оно не было согласовано с местными властями.    Позднее Кировский районный суд Уфы освободил Янбердина и вернул дело полиции для исправления нарушений. Между тем, по словам активиста, силовики намеревались предъявить ему обвинение по уголовной статье о неоднократном нарушении установленного порядка организации митинга, но количество административных обвинительных постановлений не позволило это сделать, заключил Ильгам Янбердин.    http://echomskufa.ru/2021/06/09/83631?utm source=yxnews&amp;amp;utm medium=desktop&amp;amp;utm referrer=https%3A%2F%2Fyandex.ru%2Fnews%2Fsearch%3Ftext%3D</annotated>
    </text>
<!-- NOTE: Annotation boundaries below corresponds to text without XHTML-entities encoding. -->
    <annotations>
      <annotation DayOfWeek="2021-W23-3" __Id="374" __Class="DocCreationTime" __From="1" __To="10"/>
      <annotation Category="Date" Value="2021-06-09" __Id="375" __Class="TE" __From="1" __To="10"/>
      <annotation Category="DayOfWeek" __Id="381" __Class="Field" __From="251" __To="266"/>
      <annotation Category="Date" Value="2021-W23-2" __Id="382" __Class="TE" __From="251" __To="266"/>
      <annotation Category="Season" __Id="384" __Class="Field" __From="594" __To="598"/>
      <annotation Category="Date" Value="2020-SU" __Id="385" __Class="TE" __From="594" __To="612"/>
      <annotation Category="Year" __Id="387" __Class="Field" __From="600" __To="612"/>
      <annotation Category="Week" __Id="393" __Class="Field" __From="856" __To="861"/>
      <annotation Category="Dur" Value="P1W" __Id="395" __Class="TE" __From="856" __To="861"/>
      <annotation Category="Week" __Id="403" __Class="Field" __From="1185" __To="1198"/>
      <annotation Category="Date" Value="2021-W22" __Id="404" __Class="TE" __From="1185" __To="1198"/>
    </annotations>
    <relations>
    </relations>
  </document>
</xml>
