<xml generator="AnnotationTools" format="public" version="1">
  <document>
    <text>
      <raw> 2021-02-02    China Steel поднимает цены в среднем на 2,5 процента    China Steel Corp вчера заявила, что поднимет внутренние цены на сталь в среднем на 2,5 процента за тонну с поставкой в следующем месяце, сославшись на рост цен на сырье и восстановление спроса на фоне улучшения экономических перспектив.    Рост цен на железную руду, коксующийся уголь и некоторые легирующие элементы, наряду с нехваткой контейнеров и более высокими фрахтовыми ставками, положительно сказываются на перспективах цен на сталь, говорится в заявлении единственного в стране производителя стали.    CSC заявила, что ее решение отражает недавний рост цен китайскими отраслевыми аналогами Baoshan Iron &amp;amp; Steel Co и Anshan Iron and Steel Group Corp.     При этом также была принята во внимание хорошая операционная ситуация в отечественных отраслях переработки и сбыта, говорится в сообщении компании.    Цена на горячекатаный стальной лист вырастет на 700 тайваньских долларов (24,66 долларов США) за тонну, в то время как цена на горячекатаный стальной прокат и катанку вырастет на 450 тайваньских долларов за тонну, сообщила компания.    Повышение цен на 700 новых тайваньских долларов за тонну также коснется горячекатаной углеродистой стали, а также холоднокатаных листов и рулонов, а также горячеоцинкованных листов.    Цена на электротехнические листы вырастет на 2000 тайваньских долларов за тонну для продуктов низкого и среднего качества и на 2500 тайваньских долларов за тонну для высокосортных продуктов, сообщает CSC.    На прошлой неделе компания сообщила о прибыли до налогообложения в размере 6,26 млрд новых тайваньских долларов за квартал с октября по декабрь, что является самым высоким показателем с четвертого квартала 2018 года, при этом прибыль до налогообложения на акцию составила 0,19 тайваньских долларов.    За весь прошлый год прибыль CSC до налогообложения достигла 2,77 млрд. Тайваньских долларов, что на 78,36% меньше, чем в 2019 году, когда было 12,8 млрд. Тайваньских долларов. В результате прибыль на акцию до вычета налогов составила 0,19 тайваньских долларов.    CSC ежемесячно повышала внутренние котировочные цены с четвертого квартала прошлого года из-за высокого спроса на пополнение запасов стали, используемой в автомобилях, бытовой технике и оборудовании, а также из-за роста цен на сырье.    Компания заявила, что ожидает стабильного рыночного спроса в этом году, сославшись на продолжающийся рост экономики Тайваня и постепенное восстановление мировой экономики после развертывания программ вакцинации против COVID-19 в США и Европе.    https://www.azovpromstal.com/news/one/id/8594?utm source=yxnews&amp;amp;utm medium=desktop&amp;amp;utm referrer=https%3A%2F%2Fyandex.ru%2Fnews%2Fsearch%3Ftext%3D</raw>
      <annotated> <DocCreationTime DayOfWeek="2021-W05-2"><TE Category="Date" Value="2021-02-02">2021-02-02</TE></DocCreationTime>    China Steel поднимает цены в среднем на 2,5 процента    China Steel Corp <Field Category="Day"><TE Category="Date" Value="2021-02-01">вчера</TE></Field> заявила, что поднимет внутренние цены на сталь в среднем на 2,5 процента за тонну с поставкой в <Field Category="Month"><TE Category="Date" Value="2021-03">следующем месяце</TE></Field>, сославшись на рост цен на сырье и восстановление спроса на фоне улучшения экономических перспектив.    Рост цен на железную руду, коксующийся уголь и некоторые легирующие элементы, наряду с нехваткой контейнеров и более высокими фрахтовыми ставками, положительно сказываются на перспективах цен на сталь, говорится в заявлении единственного в стране производителя стали.    CSC заявила, что ее решение отражает недавний рост цен китайскими отраслевыми аналогами Baoshan Iron &amp;amp; Steel Co и Anshan Iron and Steel Group Corp.     При этом также была принята во внимание хорошая операционная ситуация в отечественных отраслях переработки и сбыта, говорится в сообщении компании.    Цена на горячекатаный стальной лист вырастет на 700 тайваньских долларов (24,66 долларов США) за тонну, в то время как цена на горячекатаный стальной прокат и катанку вырастет на 450 тайваньских долларов за тонну, сообщила компания.    Повышение цен на 700 новых тайваньских долларов за тонну также коснется горячекатаной углеродистой стали, а также холоднокатаных листов и рулонов, а также горячеоцинкованных листов.    Цена на электротехнические листы вырастет на 2000 тайваньских долларов за тонну для продуктов низкого и среднего качества и на 2500 тайваньских долларов за тонну для высокосортных продуктов, сообщает CSC.    На <Field Category="Week"><TE Category="Date" Value="2021-W04">прошлой неделе</TE></Field> компания сообщила о прибыли до налогообложения в размере 6,26 млрд новых тайваньских долларов за <TE Category="Date" Value="2020-Q4">квартал</TE> с <Field Category="MonthName"><TE Category="Date" Value="2020-10">октября</TE></Field> по <Field Category="MonthName"><TE Category="Date" Value="2020-12">декабрь</TE></Field>, что является самым высоким показателем с <TE Category="Date" Value="2018-Q4"><Field Category="Quarter">четвертого квартала</Field> <Field Category="Year">2018 года</Field></TE>, при этом прибыль до налогообложения на акцию составила 0,19 тайваньских долларов.    За весь <Field Category="Year"><TE Category="Date" Value="2020">прошлый год</TE></Field> прибыль CSC до налогообложения достигла 2,77 млрд. Тайваньских долларов, что на 78,36% меньше, чем в <Field Category="Year"><TE Category="Date" Value="2019">2019 году</TE></Field>, когда было 12,8 млрд. Тайваньских долларов. В результате прибыль на акцию до вычета налогов составила 0,19 тайваньских долларов.    CSC ежемесячно повышала внутренние котировочные цены с <TE Category="Date" Value="2020-Q4"><Field Category="Quarter">четвертого квартала</Field> <Field Category="Year">прошлого года</Field></TE> из-за высокого спроса на пополнение запасов стали, используемой в автомобилях, бытовой технике и оборудовании, а также из-за роста цен на сырье.    Компания заявила, что ожидает стабильного рыночного спроса в <Field Category="Year"><TE Category="Date" Value="2021">этом году</TE></Field>, сославшись на продолжающийся рост экономики Тайваня и постепенное восстановление мировой экономики после развертывания программ вакцинации против COVID-19 в США и Европе.    https://www.azovpromstal.com/news/one/id/8594?utm source=yxnews&amp;amp;utm medium=desktop&amp;amp;utm referrer=https%3A%2F%2Fyandex.ru%2Fnews%2Fsearch%3Ftext%3D</annotated>
    </text>
<!-- NOTE: Annotation boundaries below corresponds to text without XHTML-entities encoding. -->
    <annotations>
      <annotation DayOfWeek="2021-W05-2" __Id="509" __Class="DocCreationTime" __From="1" __To="10"/>
      <annotation Category="Date" Value="2021-02-02" __Id="510" __Class="TE" __From="1" __To="10"/>
      <annotation Category="Day" __Id="516" __Class="Field" __From="88" __To="92"/>
      <annotation Category="Date" Value="2021-02-01" __Id="517" __Class="TE" __From="88" __To="92"/>
      <annotation Category="Month" __Id="519" __Class="Field" __From="190" __To="205"/>
      <annotation Category="Date" Value="2021-03" __Id="520" __Class="TE" __From="190" __To="205"/>
      <annotation Category="Week" __Id="536" __Class="Field" __From="1521" __To="1534"/>
      <annotation Category="Date" Value="2021-W04" __Id="537" __Class="TE" __From="1521" __To="1534"/>
      <annotation Category="Date" Value="2020-Q4" __Id="538" __Class="TE" __From="1633" __To="1639"/>
      <annotation Category="MonthName" __Id="539" __Class="Field" __From="1643" __To="1649"/>
      <annotation Category="Date" Value="2020-10" __Id="541" __Class="TE" __From="1643" __To="1649"/>
      <annotation Category="MonthName" __Id="542" __Class="Field" __From="1654" __To="1660"/>
      <annotation Category="Date" Value="2020-12" __Id="544" __Class="TE" __From="1654" __To="1660"/>
      <annotation Category="Quarter" __Id="545" __Class="Field" __From="1704" __To="1722"/>
      <annotation Category="Date" Value="2018-Q4" __Id="546" __Class="TE" __From="1704" __To="1732"/>
      <annotation Category="Year" __Id="547" __Class="Field" __From="1724" __To="1732"/>
      <annotation Category="Year" __Id="551" __Class="Field" __From="1828" __To="1838"/>
      <annotation Category="Date" Value="2020" __Id="552" __Class="TE" __From="1828" __To="1838"/>
      <annotation Category="Year" __Id="553" __Class="Field" __From="1941" __To="1949"/>
      <annotation Category="Date" Value="2019" __Id="554" __Class="TE" __From="1941" __To="1949"/>
      <annotation Category="Quarter" __Id="558" __Class="Field" __From="2139" __To="2157"/>
      <annotation Category="Date" Value="2020-Q4" __Id="559" __Class="TE" __From="2139" __To="2171"/>
      <annotation Category="Year" __Id="561" __Class="Field" __From="2159" __To="2171"/>
      <annotation Category="Year" __Id="565" __Class="Field" __From="2382" __To="2390"/>
      <annotation Category="Date" Value="2021" __Id="566" __Class="TE" __From="2382" __To="2390"/>
    </annotations>
    <relations>
    </relations>
  </document>
</xml>
