<xml generator="AnnotationTools" format-version="1">
  <document>
    <text>
      <raw> 2013-07-10    Интернет притормозил    Российский рынок широкополосного интернет-доступа рос в первой половине 2013 г. необычно медленно: пользователей стало больше, чем годом ранее, всего на 10,8%    В конце июня 2013 г. в России насчитывалось 26,32 млн домохозяйств, подключенных к фиксированным сетям широкополосного доступа (ШПД), или 48% от их общего количества, – таковы предварительные данные iKS-Consulting. За год с июня 2012 г. пользователей фиксированного ШПД стало больше на 10,8% – это самый низкий прирост абонентской базы за весь период, в течение которого iKS-Consulting отслеживает динамику рынка, признается партнер этой компании Константин Анкилов. Год назад прирост к аналогичному периоду предшествующего года составлял 17,5%, а два года назад – 22%. По мере насыщения рынка подобные антирекорды будут повторяться от квартала к кварталу, не сомневается Анкилов. За весь 2013 год количество российских абонентов ШПД увеличится на 7,5%, ожидает он, а в 2014 г. – на 5%.    В будущем, по мнению Анкилова, у операторов фиксированного ШПД есть два пути развития. Первый – экспансия в небольшие населенные пункты, где пока слабо развита кабельная инфраструктура и зачастую единственный провайдер – «Ростелеком». Второй – повышение среднего счета уже подключенных абонентов (сейчас составляет 358 руб. в месяц) с помощью таких дополнительных услуг, как онлайн-продажа и аренда ПО (например, антивирусов) и IP-телевидение. В первом полугодии 2013 г., по оценке iKS-Consulting, база подписчиков интернет-ТВ в России выросла к уровню годичной давности на 45% до 3,02 млн. А средний по России месячный платеж за IP-телевидение составляет 172 руб., т. е. подписчики ШПД и IP-ТВ платят почти в 1,5 раза больше, чем пользователи только интернета.    Путь региональной экспансии выбрал, в частности, «Транстелеком» (ТТК), отчитавшийся вчера за прошлый год (см. врез). В 2012 г. он расширил базу пользователей ШПД на 144% до 1,05 млн домохозяйств, заняв второе место (после «Ростелекома») в общем приросте рынка, рассказал первый вице-президент ТТК по экономике и финансам Вячеслав Сотник. В конце 2011 г. ТТК работал в 94 городах, а спустя год – уже в 181, в том числе в 10 миллионниках и 21 городе с населением свыше 500 000 жителей. Таким быстрым расширением бизнеса ШПД компания во многом обязана поглощениям: в частности, в 2012 г. она приобрела «Электро-ком» (обслуживает более 200 000 домохозяйств). В этом году сделки тоже планируются, сказал президент ТТК Артем Кудрявцев: например, недавно совет директоров компании разрешил менеджменту приступить к due diligence оператора FreshTel, владеющего частотами 3,5 ГГц для беспроводного ШПД в 75 регионах России. Цель ТТК – к 2015 г. увеличить количество пользователей ШПД до 2,38 млн абонентов; это будет соответствовать, по расчетам оператора, 15% рынка в регионах. Сейчас подключенные к сетям ТТК домохозяйства платят чуть больше 300 руб. в месяц.    Увеличивать средний счет помогают, например, тарифы с более высокими скоростями доступа, чем были доступны абоненту ранее, говорит сотрудник пресс-службы «Ростелекома» (№ 1 на российском рынке ШПД). Наибольший дополнительный вклад в доходы от абонента вносит, по его словам, интерактивное ТВ (до 30–35% в составе пакета услуг), далее идут контентные услуги (антивирусы, развлечения, софт, игры). С 2011 г. выручка от интерактивного ТВ и количество его подписчиков у «Ростелекома» утроились.    https://www.vedomosti.ru/newspaper/articles/2013/07/10/internet-pritormozil</raw>
      <annotated> <DocCreationTime><TE>2013-07-10</TE></DocCreationTime>    Интернет притормозил    Российский рынок широкополосного интернет-доступа рос в <TE><Field Category="Fraction">первой половине</Field> <Field Category="Year">2013 г.</Field></TE> необычно медленно: пользователей стало больше, чем <Anchored To="Text"><TE><TE>годом</TE> ранее</TE></Anchored>, всего на 10,8%    В <TE><Field Category="Phase">конце</Field> <Field Category="MonthName">июня</Field> <Field Category="Year">2013 г.</Field></TE> в России насчитывалось 26,32 млн домохозяйств, подключенных к фиксированным сетям широкополосного доступа (ШПД), или 48% от их общего количества, – таковы предварительные данные iKS-Consulting. За <TE>год</TE> с <TE><Field Category="MonthName">июня</Field> <Field Category="Year">2012 г.</Field></TE> пользователей фиксированного ШПД стало больше на 10,8% – это самый низкий прирост абонентской базы за весь период, в течение которого iKS-Consulting отслеживает динамику рынка, признается партнер этой компании Константин Анкилов. <Anchored To="DCT"><TE><TE>Год</TE> назад</TE></Anchored> прирост к аналогичному периоду <TE>предшествующего года</TE> составлял 17,5%, а <Anchored To="DCT"><TE><TE>два года</TE> назад</TE></Anchored> – 22%. По мере насыщения рынка подобные антирекорды будут повторяться от <Field Category="Quarter"><Restored Through="DCT">квартала</Restored></Field> к <Field Category="Quarter"><Restored Through="DCT">кварталу</Restored></Field>, не сомневается Анкилов. За весь <Field Category="Year"><TE>2013 год</TE></Field> количество российских абонентов ШПД увеличится на 7,5%, ожидает он, а в <Field Category="Year"><TE>2014 г.</TE></Field> – на 5%.    В будущем, по мнению Анкилова, у операторов фиксированного ШПД есть два пути развития. Первый – экспансия в небольшие населенные пункты, где пока слабо развита кабельная инфраструктура и зачастую единственный провайдер – «Ростелеком». Второй – повышение среднего счета уже подключенных абонентов (сейчас составляет 358 руб. в месяц) с помощью таких дополнительных услуг, как онлайн-продажа и аренда ПО (например, антивирусов) и IP-телевидение. В <TE><Field Category="HalfYear">первом полугодии</Field> <Field Category="Year">2013 г.</Field></TE>, по оценке iKS-Consulting, база подписчиков интернет-ТВ в России выросла к уровню годичной давности на 45% до 3,02 млн. А средний по России месячный платеж за IP-телевидение составляет 172 руб., т. е. подписчики ШПД и IP-ТВ платят почти в 1,5 раза больше, чем пользователи только интернета.    Путь региональной экспансии выбрал, в частности, «Транстелеком» (ТТК), отчитавшийся <Anchored To="DCT"><Field Category="Day"><TE>вчера</TE></Field></Anchored> за <Anchored To="DCT"><Field Category="Year"><TE>прошлый год</TE></Field></Anchored> (см. врез). В <Field Category="Year"><TE>2012 г.</TE></Field> он расширил базу пользователей ШПД на 144% до 1,05 млн домохозяйств, заняв второе место (после «Ростелекома») в общем приросте рынка, рассказал первый вице-президент ТТК по экономике и финансам Вячеслав Сотник. В <TE><Field Category="Phase">конце</Field> <Field Category="Year">2011 г.</Field></TE> ТТК работал в 94 городах, а <Anchored To="DCT"><TE>спустя <TE>год</TE></TE></Anchored> – уже в 181, в том числе в 10 миллионниках и 21 городе с населением свыше 500 000 жителей. Таким быстрым расширением бизнеса ШПД компания во многом обязана поглощениям: в частности, в <Field Category="Year"><TE>2012 г.</TE></Field> она приобрела «Электро-ком» (обслуживает более 200 000 домохозяйств). В <Anchored To="DCT"><Field Category="Year"><TE>этом году</TE></Field></Anchored> сделки тоже планируются, сказал президент ТТК Артем Кудрявцев: например, недавно совет директоров компании разрешил менеджменту приступить к due diligence оператора FreshTel, владеющего частотами 3,5 ГГц для беспроводного ШПД в 75 регионах России. Цель ТТК – к <Field Category="Year"><TE>2015 г.</TE></Field> увеличить количество пользователей ШПД до 2,38 млн абонентов; это будет соответствовать, по расчетам оператора, 15% рынка в регионах. Сейчас подключенные к сетям ТТК домохозяйства платят чуть больше 300 руб. в месяц.    Увеличивать средний счет помогают, например, тарифы с более высокими скоростями доступа, чем были доступны абоненту ранее, говорит сотрудник пресс-службы «Ростелекома» (№ 1 на российском рынке ШПД). Наибольший дополнительный вклад в доходы от абонента вносит, по его словам, интерактивное ТВ (до 30–35% в составе пакета услуг), далее идут контентные услуги (антивирусы, развлечения, софт, игры). С <Field Category="Year"><TE>2011 г.</TE></Field> выручка от интерактивного ТВ и количество его подписчиков у «Ростелекома» утроились.    https://www.vedomosti.ru/newspaper/articles/2013/07/10/internet-pritormozil</annotated>
    </text>
    <annotations>
      <annotation DayOfWeek="2013-W28-3" __Id="704" __Class="DocCreationTime" __From="1" __To="10"/>
      <annotation Category="Date" Value="2013-07-10" __Id="705" __Class="TE" __From="1" __To="10"/>
      <annotation Category="Fraction" __Id="710" __Class="Field" __From="95" __To="109"/>
      <annotation Category="Date" Value="2013-H1" __Id="711" __Class="TE" __From="95" __To="117"/>
      <annotation Category="Year" __Id="712" __Class="Field" __From="111" __To="117"/>
      <annotation To="Text" U_Class="7-A" __Id="713" __Class="Anchored" __From="170" __To="180"/>
      <annotation Category="ShiftExp" Formula="BEFORE,Dur,Anchor" __Id="714" __Class="TE" __From="170" __To="180"/>
      <annotation Category="Dur" Value="P1Y" __Id="715" __Class="TE" __From="170" __To="174"/>
      <annotation Category="Phase" __Id="718" __Class="Field" __From="203" __To="207"/>
      <annotation Category="Date" Value="2013-06-END" __Id="719" __Class="TE" __From="203" __To="220"/>
      <annotation Category="MonthName" __Id="720" __Class="Field" __From="209" __To="212"/>
      <annotation Category="Year" __Id="721" __Class="Field" __From="214" __To="220"/>
      <annotation Category="Dur" Value="P1Y" __Id="723" __Class="TE" __From="419" __To="421"/>
      <annotation Category="MonthName" __Id="724" __Class="Field" __From="425" __To="428"/>
      <annotation Category="Date" Value="2012-06" __Id="725" __Class="TE" __From="425" __To="436"/>
      <annotation Category="Year" __Id="726" __Class="Field" __From="430" __To="436"/>
      <annotation To="DCT" U_Class="7-D" __Id="727" __Class="Anchored" __From="668" __To="676"/>
      <annotation Category="ShiftExp" Formula="BEFORE,Dur,Anchor" __Id="729" __Class="TE" __From="668" __To="676"/>
      <annotation Category="Dur" Value="P1Y" __Id="730" __Class="TE" __From="668" __To="670"/>
      <annotation Category="Date" Value="2011" __Id="731" __Class="TE" __From="709" __To="728"/>
      <annotation To="DCT" U_Class="7-D" __Id="732" __Class="Anchored" __From="749" __To="762"/>
      <annotation Category="ShiftExp" Formula="BEFORE,Dur,Anchor" __Id="733" __Class="TE" __From="749" __To="762"/>
      <annotation Category="Dur" Value="P2Y" __Id="734" __Class="TE" __From="749" __To="756"/>
      <annotation Category="Quarter" __Id="736" __Class="Field" __From="837" __To="844"/>
      <annotation Through="DCT" U_Class="6" __Id="737" __Class="Restored" __From="837" __To="844"/>
      <annotation Category="Quarter" __Id="738" __Class="Field" __From="848" __To="855"/>
      <annotation Through="DCT" U_Class="6" __Id="739" __Class="Restored" __From="848" __To="855"/>
      <annotation Category="Year" __Id="741" __Class="Field" __From="890" __To="897"/>
      <annotation Category="Date" Value="2013" __Id="742" __Class="TE" __From="890" __To="897"/>
      <annotation Category="Year" __Id="743" __Class="Field" __From="971" __To="977"/>
      <annotation Category="Date" Value="2014" __Id="744" __Class="TE" __From="971" __To="977"/>
      <annotation Category="HalfYear" __Id="750" __Class="Field" __From="1437" __To="1452"/>
      <annotation Category="Date" Value="2013-H1" __Id="751" __Class="TE" __From="1437" __To="1460"/>
      <annotation Category="Year" __Id="752" __Class="Field" __From="1454" __To="1460"/>
      <annotation To="DCT" U_Class="1-D" __Id="755" __Class="Anchored" __From="1840" __To="1844"/>
      <annotation Category="Day" __Id="756" __Class="Field" __From="1840" __To="1844"/>
      <annotation Category="Date" Value="2013-07-09" __Id="757" __Class="TE" __From="1840" __To="1844"/>
      <annotation To="DCT" U_Class="1-D" __Id="758" __Class="Anchored" __From="1849" __To="1859"/>
      <annotation Category="Year" __Id="759" __Class="Field" __From="1849" __To="1859"/>
      <annotation Category="Date" Value="2012" __Id="760" __Class="TE" __From="1849" __To="1859"/>
      <annotation Category="Year" __Id="763" __Class="Field" __From="1875" __To="1881"/>
      <annotation Category="Date" Value="2012" __Id="764" __Class="TE" __From="1875" __To="1881"/>
      <annotation Category="Phase" __Id="766" __Class="Field" __From="2096" __To="2100"/>
      <annotation Category="Date" Value="2011-END" __Id="767" __Class="TE" __From="2096" __To="2108"/>
      <annotation Category="Year" __Id="768" __Class="Field" __From="2102" __To="2108"/>
      <annotation To="DCT" U_Class="7-DA" __Id="769" __Class="Anchored" __From="2138" __To="2147"/>
      <annotation Category="ShiftExp" Formula="AFTER,Dur,Anchor" __Id="770" __Class="TE" __From="2138" __To="2147"/>
      <annotation Category="Dur" Value="P1Y" __Id="771" __Class="TE" __From="2145" __To="2147"/>
      <annotation Category="Year" __Id="773" __Class="Field" __From="2333" __To="2339"/>
      <annotation Category="Date" Value="2012" __Id="774" __Class="TE" __From="2333" __To="2339"/>
      <annotation To="DCT" U_Class="1-DA" __Id="776" __Class="Anchored" __From="2413" __To="2421"/>
      <annotation Category="Year" __Id="777" __Class="Field" __From="2413" __To="2421"/>
      <annotation Category="Date" Value="2013" __Id="778" __Class="TE" __From="2413" __To="2421"/>
      <annotation Category="Year" __Id="780" __Class="Field" __From="2684" __To="2690"/>
      <annotation Category="Date" Value="2015" __Id="781" __Class="TE" __From="2684" __To="2690"/>
      <annotation Category="Year" __Id="787" __Class="Field" __From="3310" __To="3316"/>
      <annotation Category="Date" Value="2011" __Id="788" __Class="TE" __From="3310" __To="3316"/>
    </annotations>
    <relations>
      <relation __Id="0" __Class="AnchoredTo"><from><annotation __Id="714"/></from><to><annotation __Id="711"/></to></relation>
    </relations>
  </document>
</xml>
