<xml generator="AnnotationTools" format-version="1">
  <document>
    <text>
      <raw> 2021-06-09    Сахалин получит 88 автомобилей скорой помощи    До ноября этого года в рамках федерального проекта Сахалинская область получит 88 машин скорой помощи, сообщили в пресс-службе правительства региона.    Девять автомобилей «УАЗ-Патриот» поступят в районные больницы Охи, Углегорска, Александровска-Сахалинского, Ноглик. Машины приобрели в рамках федеральной программы модернизации первичного звена здравоохранения.    «У нас есть удаленные села – Тунгор, Некрасовка, в которых проживает большое количество жителей. Есть и поменьше населенные пункты. В некоторых из них медицинские работники пешком обходят своих пациентов, теперь можно будет решать вопросы транспортировки оперативно и с комфортом», – приводятся в сообщении на сайте правительства области слова и.о.главного врача Охинской ЦРБ Татьяны Супруновой.    Большинство из получателей санитарных машин представляют северные районы острова. Это обусловлено сложными климатическими и географическими условиями, состоянием имеющегося автопарка на местах.    «Федеральный проект помогает решить актуальные вопросы в регионах. На Сахалине и Курилах обновится значительная часть автопарка медучреждений. Мы со своей стороны тоже регулируем этот процесс – после гарантийного обслуживания эту функцию на себя возьмет централизованное автохозяйство министерства. Также будет создан сервисный центр на севере острова, чтобы не гонять машины на юг, а своевременно обеспечить ремонт на месте», – рассказал министр здравоохранения Сахалинской области Владимир Кузнецов.    В ближайший месяц ожидается поступление еще более крупной партии – более 20 санитарных автомобилей. Они также будут распределены по районам области.    https://vz.ru/news/2021/6/9/1103427.html?utm source=yxnews&amp;utm medium=desktop&amp;utm referrer=https%3A%2F%2Fyandex.ru%2Fnews%2Fsearch%3Ftext%3D</raw>
      <annotated> <DocCreationTime><TE>2021-06-09</TE></DocCreationTime>    Сахалин получит 88 автомобилей скорой помощи    До <TE><Field Category="MonthName">ноября</Field> <Anchored To="DCT"><Field Category="Year">этого года</Field></Anchored></TE> в рамках федерального проекта Сахалинская область получит 88 машин скорой помощи, сообщили в пресс-службе правительства региона.    Девять автомобилей «УАЗ-Патриот» поступят в районные больницы Охи, Углегорска, Александровска-Сахалинского, Ноглик. Машины приобрели в рамках федеральной программы модернизации первичного звена здравоохранения.    «У нас есть удаленные села – Тунгор, Некрасовка, в которых проживает большое количество жителей. Есть и поменьше населенные пункты. В некоторых из них медицинские работники пешком обходят своих пациентов, теперь можно будет решать вопросы транспортировки оперативно и с комфортом», – приводятся в сообщении на сайте правительства области слова и.о.главного врача Охинской ЦРБ Татьяны Супруновой.    Большинство из получателей санитарных машин представляют северные районы острова. Это обусловлено сложными климатическими и географическими условиями, состоянием имеющегося автопарка на местах.    «Федеральный проект помогает решить актуальные вопросы в регионах. На Сахалине и Курилах обновится значительная часть автопарка медучреждений. Мы со своей стороны тоже регулируем этот процесс – после гарантийного обслуживания эту функцию на себя возьмет централизованное автохозяйство министерства. Также будет создан сервисный центр на севере острова, чтобы не гонять машины на юг, а своевременно обеспечить ремонт на месте», – рассказал министр здравоохранения Сахалинской области Владимир Кузнецов.    В <Anchored To="DCT"><Field Category="Month">ближайший <TE>месяц</TE></Field></Anchored> ожидается поступление еще более крупной партии – более 20 санитарных автомобилей. Они также будут распределены по районам области.    https://vz.ru/news/2021/6/9/1103427.html?utm source=yxnews&amp;utm medium=desktop&amp;utm referrer=https%3A%2F%2Fyandex.ru%2Fnews%2Fsearch%3Ftext%3D</annotated>
    </text>
    <annotations>
      <annotation DayOfWeek="2021-W23-3" __Id="334" __Class="DocCreationTime" __From="1" __To="10"/>
      <annotation Category="Date" Value="2021-06-09" __Id="335" __Class="TE" __From="1" __To="10"/>
      <annotation Category="MonthName" __Id="340" __Class="Field" __From="66" __To="71"/>
      <annotation Category="Date" Value="2021-11" __Id="341" __Class="TE" __From="66" __To="82"/>
      <annotation To="DCT" U_Class="1-DA" __Id="342" __Class="Anchored" __From="73" __To="82"/>
      <annotation Category="Year" __Id="343" __Class="Field" __From="73" __To="82"/>
      <annotation To="DCT" U_Class="1-D" __Id="361" __Class="Anchored" __From="1533" __To="1547"/>
      <annotation Category="Month" __Id="362" __Class="Field" __From="1533" __To="1547"/>
      <annotation Category="Dur" Value="P1M" __Id="363" __Class="TE" __From="1543" __To="1547"/>
    </annotations>
    <relations>
    </relations>
  </document>
</xml>
