<xml generator="AnnotationTools" target="public" format-version="1">
  <document>
    <text>
      <raw> 2021-05-25    На рендерах представили дизайн нового 16-дюймового MacBook Pro 2021 года    Было уже довольно много информации о том, чего ожидать от нового 16-дюймового MacBook Pro 2021 года, который должен появиться уже этим летом. Новый набор рендеров демонстрирует предположительный дизайн нового ноутбука от Apple.    Ожидается, что чип, на котором установлена Apple Silicon версия 16-дюймового MacBook Pro, будет обозначен как M1X и будет предлагать значительные улучшения по сравнению с M1, установленным в 13-дюймовой модели. 13-дюймовый MacBook Pro с процессором M1 имеет восемь ядер ЦП, разделенных на четыре ядра производительности и четыре ядра эффективности. Это соответствует восьми ядрам графического процессора. В отчете Bloomberg говорится, что 16-дюймовая модель значительно улучшит это.    Для новых MacBook Pro Apple планирует два разных чипа под кодовым названием Jade C-Chop и Jade C-Die: оба включают восемь высокопроизводительных ядер и два энергоэффективных ядра, всего 10, но будут предлагаться в любом из 16. или 32 варианта графического ядра.    Чипы также включают в себя до 64 гигабайт памяти по сравнению с максимум 16 на M1. У них будет улучшенный Neural Engine, который обрабатывает задачи машинного обучения и позволит добавить больше портов Thunderbolt, которые позволяют пользователям синхронизировать данные и подключаться к внешним устройствам, чем два на текущем MacBook Pro M1.    Сайт сообщил, что новая машина может быть запущена уже этим летом, а вчера было предложено объявить о ней на WWDC в следующем месяце.    https://astera.ru/news/na-renderah-predstavili-dizajn-novogo-16-dyujmovogo-macbook-pro-2021-goda/?utm source=yxnews&amp;utm medium=desktop&amp;utm referrer=https%3A%2F%2Fyandex.ru%2Fnews%2Fsearch%3Ftext%3D</raw>
      <annotated> <DocCreationTime DayOfWeek="2021-W21-2"><TE Category="Date" Value="2021-05-25">2021-05-25</TE></DocCreationTime>    На рендерах представили дизайн нового 16-дюймового MacBook Pro <Field Category="Year"><TE Category="Date" Value="2021">2021 года</TE></Field>    Было уже довольно много информации о том, чего ожидать от нового 16-дюймового MacBook Pro <Field Category="Year"><TE Category="Date" Value="2021">2021 года</TE></Field>, который должен появиться уже <Anchored To="DCT" U_Class="2-DA"><Field Category="Season"><TE Category="Date" Value="2021-SU">этим летом</TE></Field></Anchored>. Новый набор рендеров демонстрирует предположительный дизайн нового ноутбука от Apple.    Ожидается, что чип, на котором установлена Apple Silicon версия 16-дюймового MacBook Pro, будет обозначен как M1X и будет предлагать значительные улучшения по сравнению с M1, установленным в 13-дюймовой модели. 13-дюймовый MacBook Pro с процессором M1 имеет восемь ядер ЦП, разделенных на четыре ядра производительности и четыре ядра эффективности. Это соответствует восьми ядрам графического процессора. В отчете Bloomberg говорится, что 16-дюймовая модель значительно улучшит это.    Для новых MacBook Pro Apple планирует два разных чипа под кодовым названием Jade C-Chop и Jade C-Die: оба включают восемь высокопроизводительных ядер и два энергоэффективных ядра, всего 10, но будут предлагаться в любом из 16. или 32 варианта графического ядра.    Чипы также включают в себя до 64 гигабайт памяти по сравнению с максимум 16 на M1. У них будет улучшенный Neural Engine, который обрабатывает задачи машинного обучения и позволит добавить больше портов Thunderbolt, которые позволяют пользователям синхронизировать данные и подключаться к внешним устройствам, чем два на текущем MacBook Pro M1.    Сайт сообщил, что новая машина может быть запущена уже <Anchored To="DCT" U_Class="2-DA"><Field Category="Season"><TE Category="Date" Value="2021-SU">этим летом</TE></Field></Anchored>, а <Anchored To="DCT" U_Class="1-D"><Field Category="Day"><TE Category="Date" Value="2021-05-24">вчера</TE></Field></Anchored> было предложено объявить о ней на WWDC в <Anchored To="DCT" U_Class="1-DA"><Field Category="Month"><TE Category="Date" Value="2021-06">следующем месяце</TE></Field></Anchored>.    https://astera.ru/news/na-renderah-predstavili-dizajn-novogo-16-dyujmovogo-macbook-pro-2021-goda/?utm source=yxnews&amp;utm medium=desktop&amp;utm referrer=https%3A%2F%2Fyandex.ru%2Fnews%2Fsearch%3Ftext%3D</annotated>
    </text>
    <annotations>
      <annotation DayOfWeek="2021-W21-2" __Id="351" __Class="DocCreationTime" __From="1" __To="10"/>
      <annotation Category="Date" Value="2021-05-25" __Id="352" __Class="TE" __From="1" __To="10"/>
      <annotation Category="Year" __Id="355" __Class="Field" __From="78" __To="86"/>
      <annotation Category="Date" Value="2021" __Id="356" __Class="TE" __From="78" __To="86"/>
      <annotation Category="Year" __Id="359" __Class="Field" __From="181" __To="189"/>
      <annotation Category="Date" Value="2021" __Id="360" __Class="TE" __From="181" __To="189"/>
      <annotation To="DCT" U_Class="2-DA" __Id="361" __Class="Anchored" __From="221" __To="230"/>
      <annotation Category="Season" __Id="362" __Class="Field" __From="221" __To="230"/>
      <annotation Category="Date" Value="2021-SU" __Id="363" __Class="TE" __From="221" __To="230"/>
      <annotation To="DCT" U_Class="2-DA" __Id="378" __Class="Anchored" __From="1475" __To="1484"/>
      <annotation Category="Season" __Id="379" __Class="Field" __From="1475" __To="1484"/>
      <annotation Category="Date" Value="2021-SU" __Id="380" __Class="TE" __From="1475" __To="1484"/>
      <annotation To="DCT" U_Class="1-D" __Id="381" __Class="Anchored" __From="1489" __To="1493"/>
      <annotation Category="Day" __Id="382" __Class="Field" __From="1489" __To="1493"/>
      <annotation Category="Date" Value="2021-05-24" __Id="383" __Class="TE" __From="1489" __To="1493"/>
      <annotation To="DCT" U_Class="1-DA" __Id="384" __Class="Anchored" __From="1536" __To="1551"/>
      <annotation Category="Month" __Id="385" __Class="Field" __From="1536" __To="1551"/>
      <annotation Category="Date" Value="2021-06" __Id="386" __Class="TE" __From="1536" __To="1551"/>
    </annotations>
    <relations>
    </relations>
  </document>
</xml>
