<xml generator="AnnotationTools" format-version="1">
  <document>
    <text>
      <raw> ¶2014-11-12    ¶Ростуризм успокоил клиентов TEZ Tour    ¶Проблемы туроператора TEZ Tour пока не сказались на туристах, заявила в эфире радиостанции «Говорит Москва» руководитель пресс-службы Ростуризма Ирина Щеголькова.    ¶«Есть некий конфликт двух хозяйствующих субъектов. Они просто отключены от бронирования и не смогут напрямую бронировать билеты &quot;Аэрофлота&quot;. На сегодняшний день никакого отношения к туристам это не имеет», — пояснила Щеголькова.    ¶Ранее 12 ноября стало известно, что «Аэрофлот» отключил туроператора TEZ Tour от системы бронирования авиабилетов. Гендиректор турфирмы Владимир Каганер утверждал, что отключение связано с отказом TEZ Tour предоставить жесткие гарантии по заполнению самолетов на зимний период. По его словам, долгов перед авиакомпанией у турфирмы нет.    ¶TEZ Tour была основана в 1994 году. В октябре 2014-го туроператор провел оптимизацию зимних программ: планировалось сократить чартерные рейсы на большинстве направлений, а также перевести зимние программы на регулярную перевозку авиакомпаний «Аэрофлот», S7 и «Трансаэро».    ¶Летом 2014 года о приостановке деятельности из-за финансовых сложностей объявили туроператоры «Нева», «Роза ветров Мир», «Экспо-тур», турфирмы «Идеал-тур», «Лабиринт», «Интаэр», «Нордик стар», «Солвекс-турне» и другие.    ¶https://lenta.ru/news/2014/11/12/noproblem/</raw>
      <annotated> ¶<DocCreationTime><TE>2014-11-12</TE></DocCreationTime>    ¶Ростуризм успокоил клиентов TEZ Tour    ¶Проблемы туроператора TEZ Tour пока не сказались на туристах, заявила в эфире радиостанции «Говорит Москва» руководитель пресс-службы Ростуризма Ирина Щеголькова.    ¶«Есть некий конфликт двух хозяйствующих субъектов. Они просто отключены от бронирования и не смогут напрямую бронировать билеты &quot;Аэрофлота&quot;. На <Anchored To="DCT">сегодняшний день</Anchored> никакого отношения к туристам это не имеет», — пояснила Щеголькова.    ¶Ранее <TE><Field Category="Day">12</Field> <Field Category="MonthName"><Restored Through="DCT">ноября</Restored></Field></TE> стало известно, что «Аэрофлот» отключил туроператора TEZ Tour от системы бронирования авиабилетов. Гендиректор турфирмы Владимир Каганер утверждал, что отключение связано с отказом TEZ Tour предоставить жесткие гарантии по заполнению самолетов на зимний период. По его словам, долгов перед авиакомпанией у турфирмы нет.    ¶TEZ Tour была основана в <Field Category="Year"><TE>1994 году</TE></Field>. В <TE><Field Category="MonthName">октябре</Field> <Field Category="Year">2014-го</Field></TE> туроператор провел оптимизацию зимних программ: планировалось сократить чартерные рейсы на большинстве направлений, а также перевести зимние программы на регулярную перевозку авиакомпаний «Аэрофлот», S7 и «Трансаэро».    ¶<TE><Field Category="Season">Летом</Field> <Field Category="Year">2014 года</Field></TE> о приостановке деятельности из-за финансовых сложностей объявили туроператоры «Нева», «Роза ветров Мир», «Экспо-тур», турфирмы «Идеал-тур», «Лабиринт», «Интаэр», «Нордик стар», «Солвекс-турне» и другие.    ¶https://lenta.ru/news/2014/11/12/noproblem/</annotated>
    </text>
    <annotations>
      <annotation DayOfWeek="2014-W46-3" __Id="262" __Class="DocCreationTime" __From="2" __To="11"/>
      <annotation Category="Date" Value="2014-11-12" __Id="263" __Class="TE" __From="2" __To="11"/>
      <annotation To="DCT" U_Class="1-D" __Id="269" __Class="Anchored" __From="379" __To="394"/>
      <annotation Category="Day" __Id="271" __Class="Field" __From="474" __To="475"/>
      <annotation Category="Date" Value="2014-11-12" __Id="272" __Class="TE" __From="474" __To="482"/>
      <annotation Category="MonthName" __Id="273" __Class="Field" __From="477" __To="482"/>
      <annotation Through="DCT" U_Class="4" __Id="274" __Class="Restored" __From="477" __To="482"/>
      <annotation Category="Year" __Id="278" __Class="Field" __From="833" __To="841"/>
      <annotation Category="Date" Value="1994" __Id="279" __Class="TE" __From="833" __To="841"/>
      <annotation Category="MonthName" __Id="281" __Class="Field" __From="846" __To="852"/>
      <annotation Category="Date" Value="2014-10" __Id="282" __Class="TE" __From="846" __To="860"/>
      <annotation Category="Year" __Id="283" __Class="Field" __From="854" __To="860"/>
      <annotation Category="Season" __Id="285" __Class="Field" __From="1084" __To="1088"/>
      <annotation Category="Date" Value="2014-SU" __Id="286" __Class="TE" __From="1084" __To="1098"/>
      <annotation Category="Year" __Id="287" __Class="Field" __From="1090" __To="1098"/>
    </annotations>
    <relations>
    </relations>
  </document>
</xml>
