<xml generator="AnnotationTools" format-version="1">
  <document>
    <text>
      <raw> 2016-04-06    Эрдоган обвинил Россию в участии в карабахском конфликте    Президент Турции Реджеп Тайип Эрдоган заявил, что Россия участвует в конфликте в Нагорном Карабахе на стороне Армении. Об этом в среду, 6 апреля, сообщает The Daily Star.    «Россия обвиняет Турцию в том, что та участвует в этом конфликте, — пожаловался турецкий президент во время выступления перед сельскими старостами в Анкаре. — Но если мы посмотрим повнимательнее, то обнаружим, что участвует в конфликте именно Россия. Она вообще любит влезать в конфликты — на Украине, в Грузии, в Сирии в настоящее время. Россия утверждает, что в Сирию ее пригласили, — но ведь никто не заставлял ее принимать приглашение».    Кроме того, Эрдоган обвинил Ереван в том, что тот нарушил режим перемирия в Нагорном Карабахе.    Перемирие в зоне карабахского конфликта было нарушено 2 апреля. Стороны обвинили друг друга в провокациях и заявили о значительных потерях противника. 5 апреля на встрече начальников генштабов двух стран в Москве удалось добиться нового соглашения о перемирии, но с тех пор стороны уже неоднократно обвиняли друг друга в провокациях.    С начала активной фазы нагорно-карабахского конфликта в начале 90-х годов прошлого века Турция поддерживала Азербайджан. На границе с Арменией Анкара держала крупную войсковую группировку, при помощи которой осуществляла политическое давление на Ереван, поддерживавший Нагорный Карабах. С тех пор между Баку и Анкарой сохраняются тесные связи, в 2010 году Баку и Анкара подписали договор о стратегическом партнерстве и взаимопомощи.    Нагорный Карабах, населенный преимущественно этническими армянами, официально находится на территории Азербайджана. Регион провозгласил независимость в 1991 году. Активная фаза боевых действий между азербайджанскими и армянскими вооруженными формированиями за контроль над Нагорным Карабахом началась в 1992 году. В 1994-м Азербайджан, Армения и непризнанная республика подписали при посредничестве России Бишкекский протокол о перемирии.    https://lenta.ru/news/2016/04/06/erdogan1/</raw>
      <annotated> <DocCreationTime><TE>2016-04-06</TE></DocCreationTime>    Эрдоган обвинил Россию в участии в карабахском конфликте    Президент Турции Реджеп Тайип Эрдоган заявил, что Россия участвует в конфликте в Нагорном Карабахе на стороне Армении. Об этом в <Field Category="DayOfWeek"><Restored Through="DCT"><TE>среду</TE></Restored></Field>, <TE><Field Category="Day">6</Field> <Field Category="MonthName"><Restored Through="DCT">апреля</Restored></Field></TE>, сообщает The Daily Star.    «Россия обвиняет Турцию в том, что та участвует в этом конфликте, — пожаловался турецкий президент во время выступления перед сельскими старостами в Анкаре. — Но если мы посмотрим повнимательнее, то обнаружим, что участвует в конфликте именно Россия. Она вообще любит влезать в конфликты — на Украине, в Грузии, в Сирии в настоящее время. Россия утверждает, что в Сирию ее пригласили, — но ведь никто не заставлял ее принимать приглашение».    Кроме того, Эрдоган обвинил Ереван в том, что тот нарушил режим перемирия в Нагорном Карабахе.    Перемирие в зоне карабахского конфликта было нарушено <TE><Field Category="Day">2</Field> <Field Category="MonthName"><Restored Through="DCT">апреля</Restored></Field></TE>. Стороны обвинили друг друга в провокациях и заявили о значительных потерях противника. <TE><Field Category="Day">5</Field> <Field Category="MonthName"><Restored Through="DCT">апреля</Restored></Field></TE> на встрече начальников генштабов двух стран в Москве удалось добиться нового соглашения о перемирии, но с тех пор стороны уже неоднократно обвиняли друг друга в провокациях.    С начала активной фазы нагорно-карабахского конфликта в <TE><Field Category="Phase">начале</Field> <Field Category="YearsX0">90-х годов</Field> <Anchored To="DCT"><Field Category="Century">прошлого века</Field></Anchored></TE> Турция поддерживала Азербайджан. На границе с Арменией Анкара держала крупную войсковую группировку, при помощи которой осуществляла политическое давление на Ереван, поддерживавший Нагорный Карабах. С тех пор между Баку и Анкарой сохраняются тесные связи, в <Field Category="Year"><TE>2010 году</TE></Field> Баку и Анкара подписали договор о стратегическом партнерстве и взаимопомощи.    Нагорный Карабах, населенный преимущественно этническими армянами, официально находится на территории Азербайджана. Регион провозгласил независимость в <Field Category="Year"><TE>1991 году</TE></Field>. Активная фаза боевых действий между азербайджанскими и армянскими вооруженными формированиями за контроль над Нагорным Карабахом началась в <Field Category="Year"><TE>1992 году</TE></Field>. В <Field Category="Year"><TE>1994-м</TE></Field> Азербайджан, Армения и непризнанная республика подписали при посредничестве России Бишкекский протокол о перемирии.    https://lenta.ru/news/2016/04/06/erdogan1/</annotated>
    </text>
    <annotations>
      <annotation DayOfWeek="2016-W14-3" __Id="374" __Class="DocCreationTime" __From="1" __To="10"/>
      <annotation Category="Date" Value="2016-04-06" __Id="375" __Class="TE" __From="1" __To="10"/>
      <annotation Category="DayOfWeek" __Id="379" __Class="Field" __From="204" __To="208"/>
      <annotation Through="DCT" U_Class="4" __Id="380" __Class="Restored" __From="204" __To="208"/>
      <annotation Category="Date" Value="2016-W14-3" __Id="381" __Class="TE" __From="204" __To="208"/>
      <annotation Category="Day" __Id="382" __Class="Field" __From="211" __To="211"/>
      <annotation Category="Date" Value="2016-04-06" __Id="383" __Class="TE" __From="211" __To="218"/>
      <annotation Category="MonthName" __Id="384" __Class="Field" __From="213" __To="218"/>
      <annotation Through="DCT" U_Class="4" __Id="385" __Class="Restored" __From="213" __To="218"/>
      <annotation Category="Day" __Id="392" __Class="Field" __From="845" __To="845"/>
      <annotation Category="Date" Value="2016-04-02" __Id="393" __Class="TE" __From="845" __To="852"/>
      <annotation Category="MonthName" __Id="394" __Class="Field" __From="847" __To="852"/>
      <annotation Through="DCT" U_Class="4" __Id="395" __Class="Restored" __From="847" __To="852"/>
      <annotation Category="Day" __Id="397" __Class="Field" __From="942" __To="942"/>
      <annotation Category="Date" Value="2016-04-05" __Id="399" __Class="TE" __From="942" __To="949"/>
      <annotation Category="MonthName" __Id="400" __Class="Field" __From="944" __To="949"/>
      <annotation Through="DCT" U_Class="4" __Id="401" __Class="Restored" __From="944" __To="949"/>
      <annotation Category="Phase" __Id="403" __Class="Field" __From="1184" __To="1189"/>
      <annotation Category="Date" Value="199-START" __Id="404" __Class="TE" __From="1184" __To="1214"/>
      <annotation Category="YearsX0" __Id="405" __Class="Field" __From="1191" __To="1200"/>
      <annotation To="DCT" U_Class="1-D" __Id="406" __Class="Anchored" __From="1202" __To="1214"/>
      <annotation Category="Century" __Id="407" __Class="Field" __From="1202" __To="1214"/>
      <annotation Category="Year" __Id="410" __Class="Field" __From="1474" __To="1482"/>
      <annotation Category="Date" Value="2010" __Id="411" __Class="TE" __From="1474" __To="1482"/>
      <annotation Category="Year" __Id="414" __Class="Field" __From="1716" __To="1724"/>
      <annotation Category="Date" Value="1991" __Id="415" __Class="TE" __From="1716" __To="1724"/>
      <annotation Category="Year" __Id="417" __Class="Field" __From="1867" __To="1875"/>
      <annotation Category="Date" Value="1992" __Id="418" __Class="TE" __From="1867" __To="1875"/>
      <annotation Category="Year" __Id="420" __Class="Field" __From="1880" __To="1885"/>
      <annotation Category="Date" Value="1994" __Id="421" __Class="TE" __From="1880" __To="1885"/>
    </annotations>
    <relations>
    </relations>
  </document>
</xml>
