<xml generator="AnnotationTools" format-version="1">
  <document>
    <text>
      <raw> 2008-04-15    Соперник Берлускони признал поражение на выборах в парламент Италии    Лидер левоцентристской коалиция &quot;Демократическая партия&quot; Вальтер Вельтрони поздравил Сильвио Берлускони с победой на досрочных парламентских выборах, прошедших в Италии 13-14 апреля, сообщает AFP.    &quot;В традициях западной демократии, я позвонил Берлускони, поздравил его с победой и пожелал удачи в работе&quot;, - заявил Вельтрони, выступая перед соратниками по &quot;Демократической партии&quot;.    Ранее в понедельник, когда стали известны данные exit-poll и первые результаты обработки бюллетеней, Берлускони объявил, что &quot;глубоко удовлетворен&quot; результатами выборов, согласно которым его правоцентристский блок &quot;Народ свободы&quot; получает большинство мест в нижней и верхней палатах парламента.    По данным на 22:30 по московскому времени, блок Берлускони получал 164 из 315 мест в Сенате Италии. На выборах депутатов нижней палаты &quot;Народ свободы&quot; набрал не менее 46,4 процентов, а &quot;Демократическая партия&quot; - не более 38 процентов голосов. По законам Италии, политическая партия или коалиция, набирающая большинство голосов на выборах в нижнюю палату, автоматически получает право занять в ней 340 из 630 мест.    Победа на выборах в обе палаты парлмента Италии даст Берлускони право в третий раз занять пост премьер-министра и сформировать правительство.    https://lenta.ru/news/2008/04/14/defeat/</raw>
      <annotated> <DocCreationTime><TE>2008-04-15</TE></DocCreationTime>    Соперник Берлускони признал поражение на выборах в парламент Италии    Лидер левоцентристской коалиция &quot;Демократическая партия&quot; Вальтер Вельтрони поздравил Сильвио Берлускони с победой на досрочных парламентских выборах, прошедших в Италии <TE>13</TE>-<TE><Field Category="Day">14</Field> <Field Category="MonthName"><Restored Through="DCT">апреля</Restored></Field></TE>, сообщает AFP.    &quot;В традициях западной демократии, я позвонил Берлускони, поздравил его с победой и пожелал удачи в работе&quot;, - заявил Вельтрони, выступая перед соратниками по &quot;Демократической партии&quot;.    Ранее в <Field Category="DayOfWeek"><Restored Through="DCT"><TE>понедельник</TE></Restored></Field>, когда стали известны данные exit-poll и первые результаты обработки бюллетеней, Берлускони объявил, что &quot;глубоко удовлетворен&quot; результатами выборов, согласно которым его правоцентристский блок &quot;Народ свободы&quot; получает большинство мест в нижней и верхней палатах парламента.    По данным на 22:30 по московскому времени, блок Берлускони получал 164 из 315 мест в Сенате Италии. На выборах депутатов нижней палаты &quot;Народ свободы&quot; набрал не менее 46,4 процентов, а &quot;Демократическая партия&quot; - не более 38 процентов голосов. По законам Италии, политическая партия или коалиция, набирающая большинство голосов на выборах в нижнюю палату, автоматически получает право занять в ней 340 из 630 мест.    Победа на выборах в обе палаты парлмента Италии даст Берлускони право в третий раз занять пост премьер-министра и сформировать правительство.    https://lenta.ru/news/2008/04/14/defeat/</annotated>
    </text>
    <annotations>
      <annotation DayOfWeek="2008-W16-2" __Id="260" __Class="DocCreationTime" __From="1" __To="10"/>
      <annotation Category="Date" Value="2008-04-15" __Id="261" __Class="TE" __From="1" __To="10"/>
      <annotation Category="Date" Value="2008-04-13" __Id="264" __Class="TE" __From="265" __To="266"/>
      <annotation Category="Day" __Id="265" __Class="Field" __From="268" __To="269"/>
      <annotation Category="Date" Value="2008-04-14" __Id="266" __Class="TE" __From="268" __To="276"/>
      <annotation Category="MonthName" __Id="267" __Class="Field" __From="271" __To="276"/>
      <annotation Through="DCT" U_Class="4" __Id="268" __Class="Restored" __From="271" __To="276"/>
      <annotation Category="DayOfWeek" __Id="271" __Class="Field" __From="511" __To="521"/>
      <annotation Through="DCT" U_Class="4" __Id="272" __Class="Restored" __From="511" __To="521"/>
      <annotation Category="Date" Value="2008-W16-1" __Id="273" __Class="TE" __From="511" __To="521"/>
    </annotations>
    <relations>
    </relations>
  </document>
</xml>
