<xml generator="AnnotationTools" format-version="1">
  <document>
    <text>
      <raw> 2012-04-27    В Ливии распущено переходное правительство    В Ливии в полном составе отправлено в отставку переходное правительство, передает Associated Press. Кабинет министров распущен по инициативе главного органа власти страны - Национального переходного совета.  Вотум недоверия правительству был внесен на голосовании в НПС, в ходе которого за это решение высказались 65 из 72 членов Совета. Причиной стала некомпетентность членов исполнительного органа и неспособность министров справиться со сложной ситуацией в стране.    Этот состав правительства во главе с Абделем Рахимом аль-Кибом проработал чуть более пяти месяцев и был распущен за два месяца до проведения первых, после свержения Муаммара Каддафи, национальных выборов. На них ливийцам предстоит выбрать депутатов в 200-местное Законодательное собрание (Национальную ассамблею), которое должно было сформировать постоянный кабинет министров.    Наблюдатели отмечают, что после отставки временного правительства шансы на организацию процесса голосования в намеченные сроки сильно снижаются.    Напомним, переходное правительство было сформировано в ноябре 2011г., спустя месяц после окончания гражданской войны. Главными задачами, которые были поставлены кабинету, являлись: проведение выборов, формирование из отрядов ополченцев полноценных воинских подразделений и организация системы безопасности, а также восстановление нефтедобычи на довоенном уровне.    На заседании НПС в адрес временного правительства был высказан ряд замечаний, главные из которых - отсутствие процесса интеграции ополченцев и растрата бюджетных средств, полученных от иностранных государств со счетов режима М.Каддафи и продажи нефти.    Помимо разрозненности и фактического отсутствия контроля за деятельностью вооруженных отрядов ополченцев, кабинет А.аль-Киба столкнулся с межэтническим противостоянием на юге страны. Как оказалось, для решения этих проблем правительство не имеет ни сил, ни средств.    А.аль-Каиб в эфире государственного телеканала обвинил НПС в саботировании работы его кабинета и затягивании избирательного процесса в стране.    Режим М.Каддафи был свергнут в результате гражданской войны в прошлом году. В феврале 2011г. на фоне событий, позже названных &quot;арабской весной&quot;, в Ливии начались массовые акции протеста. Власти попытались силой подавить выступления, вызвав ожесточенное сопротивление оппозиции.    17 марта Совбез ООН принял резолюцию №1973, вводящую запрет на все полеты над Ливией и открывающую возможности для иностранного военного вмешательства. 19 марта началась военная операция коалиционных сил. Спустя полгода повстанцы при поддержке авиации НАТО захватили столицу Ливии - Триполи. 20 октября был убит М.Каддафи. Гибель полковника, который единолично правил Ливией 42 года, ознаменовала конец диктаторской Джамахирии.    Подробнее на РБК:  https://www.rbc.ru/rbcfreenews/5ec4ee789a79470309cad03b</raw>
      <annotated> <DocCreationTime DayOfWeek="2012-W17-5"><TE Category="Date" Value="2012-04-27">2012-04-27</TE></DocCreationTime>    В Ливии распущено переходное правительство    В Ливии в полном составе отправлено в отставку переходное правительство, передает Associated Press. Кабинет министров распущен по инициативе главного органа власти страны - Национального переходного совета.  Вотум недоверия правительству был внесен на голосовании в НПС, в ходе которого за это решение высказались 65 из 72 членов Совета. Причиной стала некомпетентность членов исполнительного органа и неспособность министров справиться со сложной ситуацией в стране.    Этот состав правительства во главе с Абделем Рахимом аль-Кибом проработал <TE Category="Dur" Value="P5M-More">чуть более пяти месяцев</TE> и был распущен <Anchored To="Text" U_Class="7-A"><TE Category="ShiftExp" Formula="BEFORE,Dur,Anchor">за <TE Category="Dur" Value="P2M">два месяца</TE></TE></Anchored> до <TE Category="Event">проведения</TE> первых, после свержения Муаммара Каддафи, национальных выборов. На них ливийцам предстоит выбрать депутатов в 200-местное Законодательное собрание (Национальную ассамблею), которое должно было сформировать постоянный кабинет министров.    Наблюдатели отмечают, что после отставки временного правительства шансы на организацию процесса голосования в намеченные сроки сильно снижаются.    Напомним, переходное правительство было сформировано в <TE Category="Date" Value="2011-11"><Field Category="MonthName">ноябре</Field> <Field Category="Year">2011г.</Field></TE>, <Anchored To="DCT" U_Class="7-DA"><TE Category="ShiftExp" Formula="AFTER,Dur,Anchor">спустя <TE Category="Dur" Value="P1M">месяц</TE></TE></Anchored> после <TE Category="Event">окончания</TE> гражданской войны. Главными задачами, которые были поставлены кабинету, являлись: проведение выборов, формирование из отрядов ополченцев полноценных воинских подразделений и организация системы безопасности, а также восстановление нефтедобычи на довоенном уровне.    На заседании НПС в адрес временного правительства был высказан ряд замечаний, главные из которых - отсутствие процесса интеграции ополченцев и растрата бюджетных средств, полученных от иностранных государств со счетов режима М.Каддафи и продажи нефти.    Помимо разрозненности и фактического отсутствия контроля за деятельностью вооруженных отрядов ополченцев, кабинет А.аль-Киба столкнулся с межэтническим противостоянием на юге страны. Как оказалось, для решения этих проблем правительство не имеет ни сил, ни средств.    А.аль-Каиб в эфире государственного телеканала обвинил НПС в саботировании работы его кабинета и затягивании избирательного процесса в стране.    Режим М.Каддафи был свергнут в результате гражданской войны в <Anchored To="DCT" U_Class="1-D"><Field Category="Year"><TE Category="Date" Value="2011">прошлом году</TE></Field></Anchored>. В <TE Category="Date" Value="2011-02"><Field Category="MonthName">феврале</Field> <Field Category="Year">2011г.</Field></TE> на фоне событий, позже названных &quot;арабской <Field Category="Season"><Restored Through="DCT" U_Class="4">весной</Restored></Field>&quot;, в Ливии начались массовые акции протеста. Власти попытались силой подавить выступления, вызвав ожесточенное сопротивление оппозиции.    <TE Category="Date" Value="2011-03-17"><Field Category="Day">17</Field> <Field Category="MonthName"><Restored Through="DCT" U_Class="4">марта</Restored></Field></TE> Совбез ООН принял резолюцию №1973, вводящую запрет на все полеты над Ливией и открывающую возможности для иностранного военного вмешательства. <TE Category="Date" Value="2011-03-19"><Field Category="Day">19</Field> <Field Category="MonthName"><Restored Through="DCT" U_Class="4">марта</Restored></Field></TE> началась военная операция коалиционных сил. <Anchored To="DCT" U_Class="7-DA"><TE Category="ShiftExp" Formula="AFTER,Dur,Anchor">Спустя <TE Category="Dur" Value="P0.5Y">полгода</TE></TE></Anchored> повстанцы при поддержке авиации НАТО захватили столицу Ливии - Триполи. <TE Category="Date" Value="2011-10-20"><Field Category="Day">20</Field> <Field Category="MonthName"><Restored Through="DCT" U_Class="4">октября</Restored></Field></TE> был убит М.Каддафи. Гибель полковника, который единолично правил Ливией <TE Category="Dur" Value="P42Y"><Field Category="Year">42 года</Field>,</TE> ознаменовала конец диктаторской Джамахирии.    Подробнее на РБК:  https://www.rbc.ru/rbcfreenews/5ec4ee789a79470309cad03b</annotated>
    </text>
    <annotations>
      <annotation DayOfWeek="2012-W17-5" __Id="488" __Class="DocCreationTime" __From="1" __To="10"/>
      <annotation Category="Date" Value="2012-04-27" __Id="489" __Class="TE" __From="1" __To="10"/>
      <annotation Category="Dur" Value="P5M-More" __Id="496" __Class="TE" __From="606" __To="628"/>
      <annotation To="Text" U_Class="7-A" __Id="497" __Class="Anchored" __From="645" __To="657"/>
      <annotation Category="ShiftExp" Formula="BEFORE,Dur,Anchor" __Id="498" __Class="TE" __From="645" __To="657"/>
      <annotation Category="Dur" Value="P2M" __Id="499" __Class="TE" __From="648" __To="657"/>
      <annotation Category="Event" __Id="500" __Class="TE" __From="662" __To="671"/>
      <annotation Category="MonthName" __Id="504" __Class="Field" __From="1115" __To="1120"/>
      <annotation Category="Date" Value="2011-11" __Id="505" __Class="TE" __From="1115" __To="1127"/>
      <annotation Category="Year" __Id="506" __Class="Field" __From="1122" __To="1127"/>
      <annotation To="DCT" U_Class="7-DA" __Id="507" __Class="Anchored" __From="1130" __To="1141"/>
      <annotation Category="ShiftExp" Formula="AFTER,Dur,Anchor" __Id="508" __Class="TE" __From="1130" __To="1141"/>
      <annotation Category="Dur" Value="P1M" __Id="509" __Class="TE" __From="1137" __To="1141"/>
      <annotation Category="Event" __Id="510" __Class="TE" __From="1149" __To="1157"/>
      <annotation To="DCT" U_Class="1-D" __Id="517" __Class="Anchored" __From="2158" __To="2169"/>
      <annotation Category="Year" __Id="518" __Class="Field" __From="2158" __To="2169"/>
      <annotation Category="Date" Value="2011" __Id="519" __Class="TE" __From="2158" __To="2169"/>
      <annotation Category="MonthName" __Id="521" __Class="Field" __From="2174" __To="2180"/>
      <annotation Category="Date" Value="2011-02" __Id="522" __Class="TE" __From="2174" __To="2187"/>
      <annotation Category="Year" __Id="523" __Class="Field" __From="2182" __To="2187"/>
      <annotation Category="Season" __Id="524" __Class="Field" __From="2237" __To="2242"/>
      <annotation Through="DCT" U_Class="4" __Id="525" __Class="Restored" __From="2237" __To="2242"/>
      <annotation Category="Day" __Id="528" __Class="Field" __From="2387" __To="2388"/>
      <annotation Category="Date" Value="2011-03-17" __Id="529" __Class="TE" __From="2387" __To="2394"/>
      <annotation Category="MonthName" __Id="530" __Class="Field" __From="2390" __To="2394"/>
      <annotation Through="DCT" U_Class="4" __Id="531" __Class="Restored" __From="2390" __To="2394"/>
      <annotation Category="Day" __Id="532" __Class="Field" __From="2539" __To="2540"/>
      <annotation Category="Date" Value="2011-03-19" __Id="534" __Class="TE" __From="2539" __To="2546"/>
      <annotation Category="MonthName" __Id="535" __Class="Field" __From="2542" __To="2546"/>
      <annotation Through="DCT" U_Class="4" __Id="536" __Class="Restored" __From="2542" __To="2546"/>
      <annotation To="DCT" U_Class="7-DA" __Id="537" __Class="Anchored" __From="2592" __To="2605"/>
      <annotation Category="ShiftExp" Formula="AFTER,Dur,Anchor" __Id="539" __Class="TE" __From="2592" __To="2605"/>
      <annotation Category="Dur" Value="P0.5Y" __Id="540" __Class="TE" __From="2599" __To="2605"/>
      <annotation Category="Day" __Id="541" __Class="Field" __From="2679" __To="2680"/>
      <annotation Category="Date" Value="2011-10-20" __Id="543" __Class="TE" __From="2679" __To="2688"/>
      <annotation Category="MonthName" __Id="544" __Class="Field" __From="2682" __To="2688"/>
      <annotation Through="DCT" U_Class="4" __Id="545" __Class="Restored" __From="2682" __To="2688"/>
      <annotation Category="Year" __Id="547" __Class="Field" __From="2762" __To="2768"/>
      <annotation Category="Dur" Value="P42Y" __Id="548" __Class="TE" __From="2762" __To="2769"/>
    </annotations>
    <relations>
      <relation __Id="0" __Class="AnchoredTo"><from><annotation __Id="498"/></from><to><annotation __Id="500"/></to></relation>
      <relation __Id="1" __Class="AnchoredTo"><from><annotation __Id="508"/></from><to><annotation __Id="510"/></to></relation>
      <relation __Id="2" __Class="AnchoredTo"><from><annotation __Id="539"/></from><to><annotation __Id="534"/></to></relation>
    </relations>
  </document>
</xml>
