<xml generator="AnnotationTools" format-version="1">
  <document>
    <text>
      <raw> 2018-09-25    Президент Молдавии Игорь Додон встретится с вице-премьером РФ Дмитрием Козаком 26 сентября в Москве. Об этом глава республики сообщил во вторник на своей странице в Facebook после встречи с послом РФ Олегом Васнецовым.    &quot;Обсудили детали запланированной на 26 сентября в Москве рабочей встречи президента РМ со специальным представителем президента Российской Федерации по развитию торгово-экономических отношений с Молдовой, вице-премьером Дмитрием Козаком&quot;, - написал Додон.    По его словам, на встрече с послом также обсуждались итоги прошедшего в Кишиневе молдавско-российского экономического форума, которому была дана &quot;высокая оценка&quot;. &quot;Отметили повышенное внимание к нему как внутри страны, так и за ее пределами&quot;, - уточнил президент Молдавии.    https://tass.ru/mezhdunarodnaya-panorama/5601602</raw>
      <annotated> <DocCreationTime DayOfWeek="2018-W39-2"><TE Category="Date" Value="2018-09-25">2018-09-25</TE></DocCreationTime>    Президент Молдавии Игорь Додон встретится с вице-премьером РФ Дмитрием Козаком <TE Category="Date" Value="2018-09-26"><Field Category="Day">26</Field> <Field Category="MonthName"><Restored Through="DCT" U_Class="4">сентября</Restored></Field></TE> в Москве. Об этом глава республики сообщил во <Field Category="DayOfWeek"><Restored Through="DCT" U_Class="4"><TE Category="Date" Value="2018-W39-2">вторник</TE></Restored></Field> на своей странице в Facebook после встречи с послом РФ Олегом Васнецовым.    &quot;Обсудили детали запланированной на <TE Category="Date" Value="2018-09-26"><Field Category="Day">26</Field> <Field Category="MonthName"><Restored Through="DCT" U_Class="4">сентября</Restored></Field></TE> в Москве рабочей встречи президента РМ со специальным представителем президента Российской Федерации по развитию торгово-экономических отношений с Молдовой, вице-премьером Дмитрием Козаком&quot;, - написал Додон.    По его словам, на встрече с послом также обсуждались итоги прошедшего в Кишиневе молдавско-российского экономического форума, которому была дана &quot;высокая оценка&quot;. &quot;Отметили повышенное внимание к нему как внутри страны, так и за ее пределами&quot;, - уточнил президент Молдавии.    https://tass.ru/mezhdunarodnaya-panorama/5601602</annotated>
    </text>
    <annotations>
      <annotation DayOfWeek="2018-W39-2" __Id="147" __Class="DocCreationTime" __From="1" __To="10"/>
      <annotation Category="Date" Value="2018-09-25" __Id="148" __Class="TE" __From="1" __To="10"/>
      <annotation Category="Day" __Id="150" __Class="Field" __From="94" __To="95"/>
      <annotation Category="Date" Value="2018-09-26" __Id="151" __Class="TE" __From="94" __To="104"/>
      <annotation Category="MonthName" __Id="152" __Class="Field" __From="97" __To="104"/>
      <annotation Through="DCT" U_Class="4" __Id="153" __Class="Restored" __From="97" __To="104"/>
      <annotation Category="DayOfWeek" __Id="155" __Class="Field" __From="152" __To="158"/>
      <annotation Through="DCT" U_Class="4" __Id="156" __Class="Restored" __From="152" __To="158"/>
      <annotation Category="Date" Value="2018-W39-2" __Id="157" __Class="TE" __From="152" __To="158"/>
      <annotation Category="Day" __Id="159" __Class="Field" __From="278" __To="279"/>
      <annotation Category="Date" Value="2018-09-26" __Id="160" __Class="TE" __From="278" __To="288"/>
      <annotation Category="MonthName" __Id="161" __Class="Field" __From="281" __To="288"/>
      <annotation Through="DCT" U_Class="4" __Id="162" __Class="Restored" __From="281" __To="288"/>
    </annotations>
    <relations>
    </relations>
  </document>
</xml>
