<xml generator="AnnotationTools" format-version="1">
  <document>
    <text>
      <raw> 2018-09-24    Запасы продовольствия, нефтепродукты, товары и материалы для ликвидации последствий чрезвычайных ситуаций будут храниться на производственно-складском комплексе Росрезерва, к возведению которого приступили в Сахалинской области, сообщила в понедельник пресс-служба регионального правительства.    &quot;В Сахалинской области началось строительство комбината Росрезерва&quot;, - передает пресс-служба.  Проект строительства комбината предусматривает использование сейсмоустойчивых конструкций, материалов повышенной прочности, водо- и энергосберегающего оборудования.    Губернатор Сахалинской области Олег Кожемяко подчеркнул, что на Сахалине и Курилах существует областной материальный резерв. Он используется как во время ликвидации последствий чрезвычайных ситуаций, так и для помощи соседним регионам.    Росрезерв принимает участие в ликвидации последствий практически всех крупных происшествий и чрезвычайных ситуаций в России. К примеру, ресурсы этой структуры привлекались при аварии на Саяно-Шушенской ГЭС, лесных пожарах и нарушениях теплоснабжения в регионах Сибири, а также в период наводнения на Дальнем Востоке.    За последние 10 лет за счет ресурсов структуры проведено более 90 акций по оказанию гуманитарной помощи 46 государствам. Сеть хранилищ Росрезерва охватывает всю территорию страны.    https://tass.ru/ekonomika/5596482</raw>
      <annotated> <DocCreationTime DayOfWeek="2018-W39-1"><TE Category="Date" Value="2018-09-24">2018-09-24</TE></DocCreationTime>    Запасы продовольствия, нефтепродукты, товары и материалы для ликвидации последствий чрезвычайных ситуаций будут храниться на производственно-складском комплексе Росрезерва, к возведению которого приступили в Сахалинской области, сообщила в <Field Category="DayOfWeek"><Restored Through="DCT" U_Class="4"><TE Category="Date" Value="2018-W39-1">понедельник</TE></Restored></Field> пресс-служба регионального правительства.    &quot;В Сахалинской области началось строительство комбината Росрезерва&quot;, - передает пресс-служба.  Проект строительства комбината предусматривает использование сейсмоустойчивых конструкций, материалов повышенной прочности, водо- и энергосберегающего оборудования.    Губернатор Сахалинской области Олег Кожемяко подчеркнул, что на Сахалине и Курилах существует областной материальный резерв. Он используется как во время ликвидации последствий чрезвычайных ситуаций, так и для помощи соседним регионам.    Росрезерв принимает участие в ликвидации последствий практически всех крупных происшествий и чрезвычайных ситуаций в России. К примеру, ресурсы этой структуры привлекались при аварии на Саяно-Шушенской ГЭС, лесных пожарах и нарушениях теплоснабжения в регионах Сибири, а также в период наводнения на Дальнем Востоке.    За последние <TE Category="Dur" Value="P10Y">10 лет</TE> за счет ресурсов структуры проведено более 90 акций по оказанию гуманитарной помощи 46 государствам. Сеть хранилищ Росрезерва охватывает всю территорию страны.    https://tass.ru/ekonomika/5596482</annotated>
    </text>
    <annotations>
      <annotation DayOfWeek="2018-W39-1" __Id="211" __Class="DocCreationTime" __From="1" __To="10"/>
      <annotation Category="Date" Value="2018-09-24" __Id="212" __Class="TE" __From="1" __To="10"/>
      <annotation Category="DayOfWeek" __Id="214" __Class="Field" __From="255" __To="265"/>
      <annotation Through="DCT" U_Class="4" __Id="215" __Class="Restored" __From="255" __To="265"/>
      <annotation Category="Date" Value="2018-W39-1" __Id="216" __Class="TE" __From="255" __To="265"/>
      <annotation Category="Dur" Value="P10Y" __Id="224" __Class="TE" __From="1157" __To="1162"/>
    </annotations>
    <relations>
    </relations>
  </document>
</xml>
