<xml generator="AnnotationTools" format="public" version="1">
  <document>
    <text>
      <raw> 2018-09-25    Еврокомиссия (ЕК) приняла решение передать в Суд ЕС жалобу на власти Польши в связи с проведенными в стране реформами судебной системы. Об этом говорится в заявлении ЕК, распространенном в понедельник в Брюсселе.    &amp;quot;Сегодня Еврокомиссия решила подать в Суд ЕС на Польшу в связи с нарушением принципа независимости судебных органов в соответствии с новым польским законом о Верховном суде и попросить суд принять временные меры до тех пор, пока он не вынесет решение по делу&amp;quot;, - отмечается в заявлении.    ЕК подчеркивает, что &amp;quot;польский закон о Верховном суде несовместим с законодательством ЕС, поскольку он подрывает принцип независимости судебных органов&amp;quot;. &amp;quot;Независимость национальных судов и трибуналов имеет важное значение для функционирования судебного сотрудничества между государствами - членами ЕС. Поэтому Еврокомиссия перешла к следующему этапу процедуры нарушения, решив передать дело в Суд ЕС&amp;quot;, - добавила ЕК.    14 августа Еврокомиссия запустила второй этап процедуры устранения нарушений для защиты независимости Верховного суда Польши. ЕК считает, что польский закон о Верховном суде не соответствует нормам ЕС, поскольку нарушает принцип независимости судебной системы, включая невозможность досрочной замены судей. В переданном Варшаве так называемом обоснованном мнении ЕК, в частности, отмечает, что новый польский закон снизил возраст выхода на пенсию для судей Верховного суда с 70 до 65 лет, что ставит под угрозу досрочного увольнения 27 из 72 судей, включая председателя этого органа. ЕК расценивает сложившуюся ситуацию как попытку влияния польского государства на работу Верховного суда.    https://tass.ru/mezhdunarodnaya-panorama/5597560</raw>
      <annotated> <DocCreationTime DayOfWeek="2018-W39-2"><TE Category="Date" Value="2018-09-25">2018-09-25</TE></DocCreationTime>    Еврокомиссия (ЕК) приняла решение передать в Суд ЕС жалобу на власти Польши в связи с проведенными в стране реформами судебной системы. Об этом говорится в заявлении ЕК, распространенном в <Field Category="DayOfWeek"><TE Category="Date" Value="2018-W39-1">понедельник</TE></Field> в Брюсселе.    &amp;quot;<Field Category="Day"><TE Category="Date" Formula="?day(same,Anchor)" Value="2018-W39-1">Сегодня</TE></Field> Еврокомиссия решила подать в Суд ЕС на Польшу в связи с нарушением принципа независимости судебных органов в соответствии с новым польским законом о Верховном суде и попросить суд принять временные меры до тех пор, пока он не вынесет решение по делу&amp;quot;, - отмечается в заявлении.    ЕК подчеркивает, что &amp;quot;польский закон о Верховном суде несовместим с законодательством ЕС, поскольку он подрывает принцип независимости судебных органов&amp;quot;. &amp;quot;Независимость национальных судов и трибуналов имеет важное значение для функционирования судебного сотрудничества между государствами - членами ЕС. Поэтому Еврокомиссия перешла к следующему этапу процедуры нарушения, решив передать дело в Суд ЕС&amp;quot;, - добавила ЕК.    <TE Category="Date" Value="2018-08-14"><Field Category="Day">14</Field> <Field Category="MonthName">августа</Field></TE> Еврокомиссия запустила второй этап процедуры устранения нарушений для защиты независимости Верховного суда Польши. ЕК считает, что польский закон о Верховном суде не соответствует нормам ЕС, поскольку нарушает принцип независимости судебной системы, включая невозможность досрочной замены судей. В переданном Варшаве так называемом обоснованном мнении ЕК, в частности, отмечает, что новый польский закон снизил возраст выхода на пенсию для судей Верховного суда с 70 до 65 лет, что ставит под угрозу досрочного увольнения 27 из 72 судей, включая председателя этого органа. ЕК расценивает сложившуюся ситуацию как попытку влияния польского государства на работу Верховного суда.    https://tass.ru/mezhdunarodnaya-panorama/5597560</annotated>
    </text>
<!-- NOTE: Annotation boundaries below corresponds to text without XHTML-entities encoding. -->
    <annotations>
      <annotation DayOfWeek="2018-W39-2" __Id="293" __Class="DocCreationTime" __From="1" __To="10"/>
      <annotation Category="Date" Value="2018-09-25" __Id="294" __Class="TE" __From="1" __To="10"/>
      <annotation Category="DayOfWeek" __Id="297" __Class="Field" __From="204" __To="214"/>
      <annotation Category="Date" Value="2018-W39-1" __Id="299" __Class="TE" __From="204" __To="214"/>
      <annotation Category="Day" __Id="302" __Class="Field" __From="237" __To="243"/>
      <annotation Category="Date" Formula="?day(same,Anchor)" Value="2018-W39-1" __Id="303" __Class="TE" __From="237" __To="243"/>
      <annotation Category="Day" __Id="308" __Class="Field" __From="972" __To="973"/>
      <annotation Category="Date" Value="2018-08-14" __Id="309" __Class="TE" __From="972" __To="981"/>
      <annotation Category="MonthName" __Id="310" __Class="Field" __From="975" __To="981"/>
    </annotations>
    <relations>
      <relation __Id="0" __Class="AnchoredTo"><from><annotation __Id="303"/></from><to><annotation __Id="299"/></to></relation>
    </relations>
  </document>
</xml>
