<xml generator="AnnotationTools" format-version="1">
  <document>
    <text>
      <raw> ¶2016-04-06    ¶Глава Генштаба Австрии пожаловался в Москве на давление великих держав    ¶Начальник Генерального штаба Вооруженных сил Австрии генерал-лейтенант Отмар Комменда заявил, что одной из причин его визита в Москву стало нежелание следовать диктату ряда стран, сообщает «Интерфакс».    ¶«Я не собираюсь следовать указаниям и подчиняться чьей-то указке, с кем общаться, а с кем не общаться. Именно поэтому я хотел вас навестить», — сказал генерал во время встречи в среду, 6 апреля, с начальником Генштаба ВС РФ Валерием Герасимовым.    ¶Комменда подчеркнул, что ВС Австрии готовы к сотрудничеству с Россией, несмотря на рекомендации ряда других стран. «Россия для Австрии гораздо ближе, чем другие великие державы нашего мира. Таким образом, мы готовы в рамках наших возможностей работать вместе там, где есть в этом смысл», — заявил он.    ¶«Австрия и Россия имеют длительную историю взаимоотношений, и, к сожалению, из-за развития ситуации в Европе в последние годы не было возможности пригласить господина генерала в Австрию. Мы чувствуем за это свою вину. Очень надеюсь, что с нашей помощью ситуация сможет улучшиться и в последующие годы состоится ваш визит», — сказал Комменда в беседе с Герасимовым.    ¶30 марта британский министр иностранных дел Филип Хэммонд заявил, что Россия представляет угрозу всему миру. «Россия игнорирует международные правила игры и нарушает нормы международной системы права. Это проблема и угроза для всех нас», — сказал он во время визита в Грузию.    ¶18 марта верховный представитель ЕС по иностранным делам и политике безопасности Федерика Могерини призвала государства-члены ООН ввести санкции против Москвы. Она заявила, что Евросоюз продолжит реализацию политики непризнания Крыма частью России, в том числе посредством ограничительных мер.    ¶Крым вошел в состав России в марте 2014 года после состоявшегося в регионе референдума, в ходе которого подавляющее большинство участвовавших в голосовании поддержали такое решение. Киев отказался признать результаты плебисцита. В Москве отмечают, что процедура присоединения региона соответствовала нормам международного права.    ¶После этого США, а вслед за ними и ряд других стран, в том числе государства-члены ЕС, ввели против России несколько пакетов санкций. Ограничения коснулись как индивидуальных физических и юридических лиц, так и целых секторов российской экономики.    ¶https://lenta.ru/news/2016/04/06/austria/</raw>
      <annotated> ¶<DocCreationTime><TE>2016-04-06</TE></DocCreationTime>    ¶Глава Генштаба Австрии пожаловался в Москве на давление великих держав    ¶Начальник Генерального штаба Вооруженных сил Австрии генерал-лейтенант Отмар Комменда заявил, что одной из причин его визита в Москву стало нежелание следовать диктату ряда стран, сообщает «Интерфакс».    ¶«Я не собираюсь следовать указаниям и подчиняться чьей-то указке, с кем общаться, а с кем не общаться. Именно поэтому я хотел вас навестить», — сказал генерал во время встречи в <Field Category="DayOfWeek"><Restored Through="DCT"><TE>среду</TE></Restored></Field>, <TE><Field Category="Day">6</Field> <Field Category="MonthName"><Restored Through="DCT">апреля</Restored></Field></TE>, с начальником Генштаба ВС РФ Валерием Герасимовым.    ¶Комменда подчеркнул, что ВС Австрии готовы к сотрудничеству с Россией, несмотря на рекомендации ряда других стран. «Россия для Австрии гораздо ближе, чем другие великие державы нашего мира. Таким образом, мы готовы в рамках наших возможностей работать вместе там, где есть в этом смысл», — заявил он.    ¶«Австрия и Россия имеют длительную историю взаимоотношений, и, к сожалению, из-за развития ситуации в Европе в последние <TE>годы</TE> не было возможности пригласить господина генерала в Австрию. Мы чувствуем за это свою вину. Очень надеюсь, что с нашей помощью ситуация сможет улучшиться и в последующие <TE>годы</TE> состоится ваш визит», — сказал Комменда в беседе с Герасимовым.    ¶<TE><Field Category="Day">30</Field> <Field Category="MonthName"><Restored Through="DCT">марта</Restored></Field></TE> британский министр иностранных дел Филип Хэммонд заявил, что Россия представляет угрозу всему миру. «Россия игнорирует международные правила игры и нарушает нормы международной системы права. Это проблема и угроза для всех нас», — сказал он во время визита в Грузию.    ¶<TE><Field Category="Day">18</Field> <Field Category="MonthName"><Restored Through="DCT">марта</Restored></Field></TE> верховный представитель ЕС по иностранным делам и политике безопасности Федерика Могерини призвала государства-члены ООН ввести санкции против Москвы. Она заявила, что Евросоюз продолжит реализацию политики непризнания Крыма частью России, в том числе посредством ограничительных мер.    ¶Крым вошел в состав России в <TE><Field Category="MonthName">марте</Field> <Field Category="Year">2014 года</Field></TE> после состоявшегося в регионе референдума, в ходе которого подавляющее большинство участвовавших в голосовании поддержали такое решение. Киев отказался признать результаты плебисцита. В Москве отмечают, что процедура присоединения региона соответствовала нормам международного права.    ¶После этого США, а вслед за ними и ряд других стран, в том числе государства-члены ЕС, ввели против России несколько пакетов санкций. Ограничения коснулись как индивидуальных физических и юридических лиц, так и целых секторов российской экономики.    ¶https://lenta.ru/news/2016/04/06/austria/</annotated>
    </text>
    <annotations>
      <annotation DayOfWeek="2016-W14-3" __Id="446" __Class="DocCreationTime" __From="2" __To="11"/>
      <annotation Category="Date" Value="2016-04-06" __Id="447" __Class="TE" __From="2" __To="11"/>
      <annotation Category="DayOfWeek" __Id="452" __Class="Field" __From="476" __To="480"/>
      <annotation Through="DCT" U_Class="4" __Id="453" __Class="Restored" __From="476" __To="480"/>
      <annotation Category="Date" Value="2016-W14-3" __Id="454" __Class="TE" __From="476" __To="480"/>
      <annotation Category="Day" __Id="455" __Class="Field" __From="483" __To="483"/>
      <annotation Category="Date" Value="2016-04-06" __Id="456" __Class="TE" __From="483" __To="490"/>
      <annotation Category="MonthName" __Id="457" __Class="Field" __From="485" __To="490"/>
      <annotation Through="DCT" U_Class="4" __Id="458" __Class="Restored" __From="485" __To="490"/>
      <annotation Category="Dur" Value="PxY" __Id="463" __Class="TE" __From="974" __To="977"/>
      <annotation Category="Dur" Value="PxY" __Id="466" __Class="TE" __From="1149" __To="1152"/>
      <annotation Category="Day" __Id="468" __Class="Field" __From="1222" __To="1223"/>
      <annotation Category="Date" Value="2016-03-30" __Id="469" __Class="TE" __From="1222" __To="1229"/>
      <annotation Category="MonthName" __Id="470" __Class="Field" __From="1225" __To="1229"/>
      <annotation Through="DCT" U_Class="4" __Id="471" __Class="Restored" __From="1225" __To="1229"/>
      <annotation Category="Day" __Id="475" __Class="Field" __From="1502" __To="1503"/>
      <annotation Category="Date" Value="2016-03-18" __Id="476" __Class="TE" __From="1502" __To="1509"/>
      <annotation Category="MonthName" __Id="477" __Class="Field" __From="1505" __To="1509"/>
      <annotation Through="DCT" U_Class="4" __Id="478" __Class="Restored" __From="1505" __To="1509"/>
      <annotation Category="MonthName" __Id="481" __Class="Field" __From="1829" __To="1833"/>
      <annotation Category="Date" Value="2014-03" __Id="482" __Class="TE" __From="1829" __To="1843"/>
      <annotation Category="Year" __Id="483" __Class="Field" __From="1835" __To="1843"/>
    </annotations>
    <relations>
    </relations>
  </document>
</xml>
