<xml generator="AnnotationTools" format-version="1">
  <document>
    <text>
      <raw> ¶2018-09-26    ¶Нагорно-карабахский конфликт должен быть урегулирован с помощью взаимных компромиссов со всех сторон в атмосфере мира, а не войны. Об этом заявил во вторник премьер-министр Армении Никол Пашинян, выступая на Генеральной Ассамблее ООН в Нью-Йорке.    ¶&quot;Мирное разрешение конфликта в Нагорном Карабахе стоит на первом месте в нашей внешнеполитической повестке. Армения продолжит вести конструктивную деятельность для мирного разрешения конфликта&quot;, - сказал Пашинян. Азербайджан должен &quot;изменить свое поведение, показывающее неуважение по отношению к переговорам, и оставить идею разрешения конфликта военным путем&quot;, утверждал армянский премьер. По его словам, власти Азербайджана не &quot;общались с жителями&quot; региона о возможных путях разрешения конфликта, что говорит о том, что стране нужна &quot;только территория, но не люди&quot;.    ¶Пашинян также рассказал участникам Ассамблеи о весенней революции в Армении, отметив, что она прошла мирно, без насилия и человеческих жертв. &quot;Мы победили с помощью мирной демонстрации, это была революция любви и солидарности&quot;, - сказал он. В ходе выступления премьер затронул и внешнеэкономическую деятельность Армении, выразив готовность страны к конструктивному диалогу и кооперации и назвав ее &quot;ответственным и надежным партнером&quot;.    ¶Конфликт между Азербайджаном и Арменией из-за Нагорного Карабаха начался в феврале 1988 года, когда Нагорно-Карабахская автономная область объявила о выходе из состава Азербайджанской ССР. В ходе вооруженного конфликта в 1992-1993 годах Азербайджан потерял контроль над Нагорным Карабахом и семью прилегающими к нему районами.    ¶https://tass.ru/mezhdunarodnaya-panorama/5604831</raw>
      <annotated> ¶<DocCreationTime><TE>2018-09-26</TE></DocCreationTime>    ¶Нагорно-карабахский конфликт должен быть урегулирован с помощью взаимных компромиссов со всех сторон в атмосфере мира, а не войны. Об этом заявил во <Field Category="DayOfWeek"><Restored Through="DCT"><TE>вторник</TE></Restored></Field> премьер-министр Армении Никол Пашинян, выступая на Генеральной Ассамблее ООН в Нью-Йорке.    ¶&quot;Мирное разрешение конфликта в Нагорном Карабахе стоит на первом месте в нашей внешнеполитической повестке. Армения продолжит вести конструктивную деятельность для мирного разрешения конфликта&quot;, - сказал Пашинян. Азербайджан должен &quot;изменить свое поведение, показывающее неуважение по отношению к переговорам, и оставить идею разрешения конфликта военным путем&quot;, утверждал армянский премьер. По его словам, власти Азербайджана не &quot;общались с жителями&quot; региона о возможных путях разрешения конфликта, что говорит о том, что стране нужна &quot;только территория, но не люди&quot;.    ¶Пашинян также рассказал участникам Ассамблеи о весенней революции в Армении, отметив, что она прошла мирно, без насилия и человеческих жертв. &quot;Мы победили с помощью мирной демонстрации, это была революция любви и солидарности&quot;, - сказал он. В ходе выступления премьер затронул и внешнеэкономическую деятельность Армении, выразив готовность страны к конструктивному диалогу и кооперации и назвав ее &quot;ответственным и надежным партнером&quot;.    ¶Конфликт между Азербайджаном и Арменией из-за Нагорного Карабаха начался в <TE><Field Category="MonthName">феврале</Field> <Field Category="Year">1988 года</Field></TE>, когда Нагорно-Карабахская автономная область объявила о выходе из состава Азербайджанской ССР. В ходе вооруженного конфликта в <Field Category="Year"><TE>1992</TE></Field>-<Field Category="Year"><TE>1993 годах</TE></Field> Азербайджан потерял контроль над Нагорным Карабахом и семью прилегающими к нему районами.    ¶https://tass.ru/mezhdunarodnaya-panorama/5604831</annotated>
    </text>
    <annotations>
      <annotation DayOfWeek="2018-W39-3" __Id="288" __Class="DocCreationTime" __From="2" __To="11"/>
      <annotation Category="Date" Value="2018-09-26" __Id="289" __Class="TE" __From="2" __To="11"/>
      <annotation Category="DayOfWeek" __Id="292" __Class="Field" __From="166" __To="172"/>
      <annotation Through="DCT" U_Class="4" __Id="293" __Class="Restored" __From="166" __To="172"/>
      <annotation Category="Date" Value="2018-W39-2" __Id="294" __Class="TE" __From="166" __To="172"/>
      <annotation Category="MonthName" __Id="303" __Class="Field" __From="1416" __To="1422"/>
      <annotation Category="Date" Value="1988-02" __Id="304" __Class="TE" __From="1416" __To="1432"/>
      <annotation Category="Year" __Id="305" __Class="Field" __From="1424" __To="1432"/>
      <annotation Category="Year" __Id="307" __Class="Field" __From="1562" __To="1565"/>
      <annotation Category="Date" Value="1992" __Id="308" __Class="TE" __From="1562" __To="1565"/>
      <annotation Category="Year" __Id="309" __Class="Field" __From="1567" __To="1576"/>
      <annotation Category="Date" Value="1993" __Id="310" __Class="TE" __From="1567" __To="1576"/>
    </annotations>
    <relations>
    </relations>
  </document>
</xml>
