<xml generator="AnnotationTools" format-version="1">
  <document>
    <text>
      <raw> ¶2018-09-24    ¶Депутат Законодательного собрания Владимирской области от ЛДПР Владимир Сипягин набирает 57,03% голосов во втором туре выборов губернатора региона после обработки 100% протоколов. Об этом сообщили в понедельник в информационном центре избирательной комиссии Владимирской области.    ¶&quot;По итогам обработки 100% протоколов Владимир Сипягин набрал 57,03% голосов избирателей, Светлана Орлова получила 37,46%&quot;, - уточнили в облизбиркоме.    ¶Второй тур губернаторских выборов проходил 23 сентября во Владимирской области, поскольку по итогам единого дня голосования 9 сентября ни один из четырех претендентов на должность главы региона не смог набрать более 50% голосов избирателей. Наибольшее количество голосов по результатам первого тура было отдано за действующего губернатора Светлану Орлову, выдвинутую &quot;Единой Россией&quot; (36,42%), и депутата заксобрания Владимирской области от ЛДПР Владимира Сипягина (31,19%).    ¶https://tass.ru/politika/5596269</raw>
      <annotated> ¶<DocCreationTime><TE>2018-09-24</TE></DocCreationTime>    ¶Депутат Законодательного собрания Владимирской области от ЛДПР Владимир Сипягин набирает 57,03% голосов во втором туре выборов губернатора региона после обработки 100% протоколов. Об этом сообщили в <Field Category="DayOfWeek"><Restored Through="DCT"><TE>понедельник</TE></Restored></Field> в информационном центре избирательной комиссии Владимирской области.    ¶&quot;По итогам обработки 100% протоколов Владимир Сипягин набрал 57,03% голосов избирателей, Светлана Орлова получила 37,46%&quot;, - уточнили в облизбиркоме.    ¶Второй тур губернаторских выборов проходил <TE><Field Category="Day">23</Field> <Field Category="MonthName"><Restored Through="DCT">сентября</Restored></Field></TE> во Владимирской области, поскольку по итогам единого дня голосования <TE><Field Category="Day">9</Field> <Field Category="MonthName"><Restored Through="DCT">сентября</Restored></Field></TE> ни один из четырех претендентов на должность главы региона не смог набрать более 50% голосов избирателей. Наибольшее количество голосов по результатам первого тура было отдано за действующего губернатора Светлану Орлову, выдвинутую &quot;Единой Россией&quot; (36,42%), и депутата заксобрания Владимирской области от ЛДПР Владимира Сипягина (31,19%).    ¶https://tass.ru/politika/5596269</annotated>
    </text>
    <annotations>
      <annotation DayOfWeek="2018-W39-1" __Id="180" __Class="DocCreationTime" __From="2" __To="11"/>
      <annotation Category="Date" Value="2018-09-24" __Id="181" __Class="TE" __From="2" __To="11"/>
      <annotation Category="DayOfWeek" __Id="184" __Class="Field" __From="216" __To="226"/>
      <annotation Through="DCT" U_Class="4" __Id="185" __Class="Restored" __From="216" __To="226"/>
      <annotation Category="Date" Value="2018-W39-1" __Id="186" __Class="TE" __From="216" __To="226"/>
      <annotation Category="Day" __Id="189" __Class="Field" __From="508" __To="509"/>
      <annotation Category="Date" Value="2018-09-23" __Id="190" __Class="TE" __From="508" __To="518"/>
      <annotation Category="MonthName" __Id="191" __Class="Field" __From="511" __To="518"/>
      <annotation Through="DCT" U_Class="4" __Id="192" __Class="Restored" __From="511" __To="518"/>
      <annotation Category="Day" __Id="193" __Class="Field" __From="589" __To="589"/>
      <annotation Category="Date" Value="2018-09-09" __Id="194" __Class="TE" __From="589" __To="598"/>
      <annotation Category="MonthName" __Id="195" __Class="Field" __From="591" __To="598"/>
      <annotation Through="DCT" U_Class="4" __Id="196" __Class="Restored" __From="591" __To="598"/>
    </annotations>
    <relations>
    </relations>
  </document>
</xml>
