<xml generator="AnnotationTools" format="public" version="1">
  <document>
    <text>
      <raw> 2008-04-15    К 2020 году у каждого гражданина России будет своя комната    До конца апреля Минрегион внесет в правительство долгосрочную стратегию массового строительства жилья. Ее проект отправлен на согласование в министерства. Об этом пишут &amp;quot;Ведомости&amp;quot; . Стратегия предполагает к 2020 году удвоить объемы строительства, ликвидировать аварийное и ветхое жилье, а также коммунальные квартиры. Также, в соответствии с программой, доля семей, мечтающих улучшить жилье, снизится с 60 процентов до 19 процентов, а у каждого гражданина России будет своя комната.    В соответствии со стратегией в 2020 году должно быть введено 154 миллиона квадратных метров жилья, в 2008 году - 73 миллиона, в 2007 году - 60,4 миллиона квадратных метров. &amp;quot;Ведомости&amp;quot; сообщают, что на реализацию стратегии может ежегодно потребоваться 450 миллиардов рублей из федерального бюджета. Ликвидировать ветхое и аварийное жилье должен Фонд содействия ЖКХ, которому выделено 240 миллиардов рублей.    Для достижения этих показателей, государство будет стимулировать некоммерческое и индивидуальное строительство, субсидировать наем жилья малообеспеченными и снижать налоги наймодателей.    https://lenta.ru/news/2008/04/15/temp/</raw>
      <annotated> <DocCreationTime DayOfWeek="2008-W16-2"><TE Category="Date" Value="2008-04-15">2008-04-15</TE></DocCreationTime>    К <Field Category="Year"><TE Category="Date" Value="2020">2020 году</TE></Field> у каждого гражданина России будет своя комната    До <TE Category="Date" Value="2008-04-END"><Field Category="Phase">конца</Field> <Field Category="MonthName">апреля</Field></TE> Минрегион внесет в правительство долгосрочную стратегию массового строительства жилья. Ее проект отправлен на согласование в министерства. Об этом пишут &amp;quot;Ведомости&amp;quot; . Стратегия предполагает к <Field Category="Year"><TE Category="Date" Value="2020">2020 году</TE></Field> удвоить объемы строительства, ликвидировать аварийное и ветхое жилье, а также коммунальные квартиры. Также, в соответствии с программой, доля семей, мечтающих улучшить жилье, снизится с 60 процентов до 19 процентов, а у каждого гражданина России будет своя комната.    В соответствии со стратегией в <Field Category="Year"><TE Category="Date" Value="2020">2020 году</TE></Field> должно быть введено 154 миллиона квадратных метров жилья, в <Field Category="Year"><TE Category="Date" Value="2008">2008 году</TE></Field> - 73 миллиона, в <Field Category="Year"><TE Category="Date" Value="2007">2007 году</TE></Field> - 60,4 миллиона квадратных метров. &amp;quot;Ведомости&amp;quot; сообщают, что на реализацию стратегии может ежегодно потребоваться 450 миллиардов рублей из федерального бюджета. Ликвидировать ветхое и аварийное жилье должен Фонд содействия ЖКХ, которому выделено 240 миллиардов рублей.    Для достижения этих показателей, государство будет стимулировать некоммерческое и индивидуальное строительство, субсидировать наем жилья малообеспеченными и снижать налоги наймодателей.    https://lenta.ru/news/2008/04/15/temp/</annotated>
    </text>
<!-- NOTE: Annotation boundaries below corresponds to text without XHTML-entities encoding. -->
    <annotations>
      <annotation DayOfWeek="2008-W16-2" __Id="222" __Class="DocCreationTime" __From="1" __To="10"/>
      <annotation Category="Date" Value="2008-04-15" __Id="223" __Class="TE" __From="1" __To="10"/>
      <annotation Category="Year" __Id="225" __Class="Field" __From="17" __To="25"/>
      <annotation Category="Date" Value="2020" __Id="226" __Class="TE" __From="17" __To="25"/>
      <annotation Category="Phase" __Id="228" __Class="Field" __From="80" __To="84"/>
      <annotation Category="Date" Value="2008-04-END" __Id="229" __Class="TE" __From="80" __To="91"/>
      <annotation Category="MonthName" __Id="230" __Class="Field" __From="86" __To="91"/>
      <annotation Category="Year" __Id="235" __Class="Field" __From="295" __To="303"/>
      <annotation Category="Date" Value="2020" __Id="236" __Class="TE" __From="295" __To="303"/>
      <annotation Category="Year" __Id="239" __Class="Field" __From="605" __To="613"/>
      <annotation Category="Date" Value="2020" __Id="240" __Class="TE" __From="605" __To="613"/>
      <annotation Category="Year" __Id="241" __Class="Field" __From="675" __To="683"/>
      <annotation Category="Date" Value="2008" __Id="242" __Class="TE" __From="675" __To="683"/>
      <annotation Category="Year" __Id="243" __Class="Field" __From="702" __To="710"/>
      <annotation Category="Date" Value="2007" __Id="244" __Class="TE" __From="702" __To="710"/>
    </annotations>
    <relations>
    </relations>
  </document>
</xml>
