<xml generator="AnnotationTools" format-version="1">
  <document>
    <text>
      <raw> 2018-10-10    Россия обвинила США в воровстве технологий пулемета Калашникова    Российские компании прокомментировали возможность организации массового производства нелицензионных копий пулемета Калашникова и крупнокалиберного пулемета НСВ «Утес» в США, сообщают РИА Новости.    «Об этих планах нам неизвестно. Но мы не удивлены, это лишний раз подчеркивает надежность и качество нашего оружия», — сказали в пресс-службе «Калашникова».    В «Ростехе» заявили, что «такие идеи, если они действительно существуют, еще раз доказывают преимущества российских вооружений», но посчитали подобные работы законными только после достижения договоренности, предполагающей обращение в «Рособоронэкспорт». «В противном случае речь идет о незаконном копировании российских разработок. Проще говоря — о воровстве», — сказали в пресс-службе госкорпорации.    Как заявил «Федеральному агентству новостей» главный редактор журнала «Арсенал Отечества» Виктор Мураховский, производство российских стрелковых систем необходимо США для поставок в страны третьего мира по сниженной стоимости.    Ранее американский журнал The National Interest сообщал, что командование специальных операций США предложило гранты компаниям, которые способны раскрыть и улучшить технологию модернизированного пулемета Калашникова и крупнокалиберного пулемета НСВ «Утес», а также произвести их копии. В публикации издание признает, что реализация подобных планов может столкнуться с проблемой авторских прав, но отмечает, что «российские и китайские шпионы не стеснялись использовать американские технологии».    Впервые данная публикация американского издания вышла в мае 2017 года, повторно журнал решил ее опубликовать в октябре текущего.    В 2014 году министерство финансов США ввело санкции против концерна «Калашников» и других российских производителей оружия из-за ситуации на Украине. В марте Соединенные Штаты начали расследование в отношении завода Kalashnikov USA во Флориде (США), производящего автоматы Калашникова (АК-47).    https://lenta.ru/news/2018/10/10/rostec/</raw>
      <annotated> <DocCreationTime DayOfWeek="2018-W41-3"><TE Category="Date" Value="2018-10-10">2018-10-10</TE></DocCreationTime>    Россия обвинила США в воровстве технологий пулемета Калашникова    Российские компании прокомментировали возможность организации массового производства нелицензионных копий пулемета Калашникова и крупнокалиберного пулемета НСВ «Утес» в США, сообщают РИА Новости.    «Об этих планах нам неизвестно. Но мы не удивлены, это лишний раз подчеркивает надежность и качество нашего оружия», — сказали в пресс-службе «Калашникова».    В «Ростехе» заявили, что «такие идеи, если они действительно существуют, еще раз доказывают преимущества российских вооружений», но посчитали подобные работы законными только после достижения договоренности, предполагающей обращение в «Рособоронэкспорт». «В противном случае речь идет о незаконном копировании российских разработок. Проще говоря — о воровстве», — сказали в пресс-службе госкорпорации.    Как заявил «Федеральному агентству новостей» главный редактор журнала «Арсенал Отечества» Виктор Мураховский, производство российских стрелковых систем необходимо США для поставок в страны третьего мира по сниженной стоимости.    Ранее американский журнал The National Interest сообщал, что командование специальных операций США предложило гранты компаниям, которые способны раскрыть и улучшить технологию модернизированного пулемета Калашникова и крупнокалиберного пулемета НСВ «Утес», а также произвести их копии. В публикации издание признает, что реализация подобных планов может столкнуться с проблемой авторских прав, но отмечает, что «российские и китайские шпионы не стеснялись использовать американские технологии».    Впервые данная публикация американского издания вышла в <TE Category="Date" Value="2017-05"><Field Category="MonthName">мае</Field> <Field Category="Year">2017 года</Field></TE>, повторно журнал решил ее опубликовать в <TE Category="Date" Value="2018-10"><Field Category="MonthName"><Restored Through="DCT" U_Class="4">октябре</Restored></Field> текущего</TE>.    В <Field Category="Year"><TE Category="Date" Value="2014">2014 году</TE></Field> министерство финансов США ввело санкции против концерна «Калашников» и других российских производителей оружия из-за ситуации на Украине. В <Field Category="MonthName"><Restored Through="DCT" U_Class="4"><TE Category="Date" Value="2018-03">марте</TE></Restored></Field> Соединенные Штаты начали расследование в отношении завода Kalashnikov USA во Флориде (США), производящего автоматы Калашникова (АК-47).    https://lenta.ru/news/2018/10/10/rostec/</annotated>
    </text>
    <annotations>
      <annotation DayOfWeek="2018-W41-3" __Id="353" __Class="DocCreationTime" __From="1" __To="10"/>
      <annotation Category="Date" Value="2018-10-10" __Id="354" __Class="TE" __From="1" __To="10"/>
      <annotation Category="MonthName" __Id="366" __Class="Field" __From="1630" __To="1632"/>
      <annotation Category="Date" Value="2017-05" __Id="367" __Class="TE" __From="1630" __To="1642"/>
      <annotation Category="Year" __Id="368" __Class="Field" __From="1634" __To="1642"/>
      <annotation Category="MonthName" __Id="369" __Class="Field" __From="1685" __To="1691"/>
      <annotation Through="DCT" U_Class="4" __Id="370" __Class="Restored" __From="1685" __To="1691"/>
      <annotation Category="Date" Value="2018-10" __Id="371" __Class="TE" __From="1685" __To="1700"/>
      <annotation Category="Year" __Id="373" __Class="Field" __From="1708" __To="1716"/>
      <annotation Category="Date" Value="2014" __Id="374" __Class="TE" __From="1708" __To="1716"/>
      <annotation Category="MonthName" __Id="376" __Class="Field" __From="1858" __To="1862"/>
      <annotation Through="DCT" U_Class="4" __Id="377" __Class="Restored" __From="1858" __To="1862"/>
      <annotation Category="Date" Value="2018-03" __Id="378" __Class="TE" __From="1858" __To="1862"/>
    </annotations>
    <relations>
    </relations>
  </document>
</xml>
