<xml generator="AnnotationTools" target="public" format-version="1">
  <document>
    <text>
      <raw> 2016-11-15    Медведев назначил Евгения Елина врио главы Минэкономразвития    Заместитель главы Минэкономразвития Евгений Елин будет временно исполняющим обязанности (врио) министра экономического развития вместо задержанного Алексея Улюкаева. Распоряжение об этом подписал премьер-министр Дмитрий Медведев. Об этом во вторник, 15 ноября, сообщила пресс-секретарь главы правительства Наталья Тимакова, передает ТАСС.    Елин сейчас находится в командировке и вернется в Москву вечером во вторник или утром следующего дня.    Обязанности главы Минэкономразвития России после задержания министра исполнял замминистра Алексей Ведев. Соответствующий приказ был подписан еще до задержания Улюкаева.    Ранее во вторник, 15 ноября, в Следственном комитете России сообщили о задержании Улюкаева и возбуждении в отношении него уголовного дела по части 6 статьи 290 УК РФ («Получение взятки в особо крупном размере»). По версии следствия, глава Минэкономразвития получил два миллиона долларов за положительную оценку со стороны его ведомства, позволившую «Роснефти» приобрести госпакет акций «Башнефти».    https://lenta.ru/news/2016/11/15/elinvrio/</raw>
      <annotated> <DocCreationTime DayOfWeek="2016-W46-2"><TE Category="Date" Value="2016-11-15">2016-11-15</TE></DocCreationTime>    Медведев назначил Евгения Елина врио главы Минэкономразвития    Заместитель главы Минэкономразвития Евгений Елин будет временно исполняющим обязанности (врио) министра экономического развития вместо задержанного Алексея Улюкаева. Распоряжение об этом подписал премьер-министр Дмитрий Медведев. Об этом во <Field Category="DayOfWeek"><Restored Through="DCT" U_Class="4"><TE Category="Date" Value="2016-W46-2">вторник</TE></Restored></Field>, <TE Category="Date" Value="2016-11-15"><Field Category="Day">15</Field> <Field Category="MonthName"><Restored Through="DCT" U_Class="4">ноября</Restored></Field></TE>, сообщила пресс-секретарь главы правительства Наталья Тимакова, передает ТАСС.    Елин сейчас находится в командировке и вернется в Москву вечером во <Field Category="DayOfWeek"><Restored Through="DCT" U_Class="4"><TE Category="Date" Value="2016-W46-2">вторник</TE></Restored></Field> или утром <Anchored To="DCT" U_Class="1-DA"><Field Category="Day"><TE Category="Date" Value="2016-W46-3">следующего дня</TE></Field></Anchored>.    Обязанности главы Минэкономразвития России после задержания министра исполнял замминистра Алексей Ведев. Соответствующий приказ был подписан еще до задержания Улюкаева.    Ранее во <Field Category="DayOfWeek"><Restored Through="DCT" U_Class="4"><TE Category="Date" Value="2016-W46-2">вторник</TE></Restored></Field>, <TE Category="Date" Value="2016-11-15"><Field Category="Day">15</Field> <Field Category="MonthName"><Restored Through="DCT" U_Class="4">ноября</Restored></Field></TE>, в Следственном комитете России сообщили о задержании Улюкаева и возбуждении в отношении него уголовного дела по части 6 статьи 290 УК РФ («Получение взятки в особо крупном размере»). По версии следствия, глава Минэкономразвития получил два миллиона долларов за положительную оценку со стороны его ведомства, позволившую «Роснефти» приобрести госпакет акций «Башнефти».    https://lenta.ru/news/2016/11/15/elinvrio/</annotated>
    </text>
    <annotations>
      <annotation DayOfWeek="2016-W46-2" __Id="202" __Class="DocCreationTime" __From="1" __To="10"/>
      <annotation Category="Date" Value="2016-11-15" __Id="203" __Class="TE" __From="1" __To="10"/>
      <annotation Category="DayOfWeek" __Id="208" __Class="Field" __From="320" __To="326"/>
      <annotation Through="DCT" U_Class="4" __Id="209" __Class="Restored" __From="320" __To="326"/>
      <annotation Category="Date" Value="2016-W46-2" __Id="210" __Class="TE" __From="320" __To="326"/>
      <annotation Category="Day" __Id="211" __Class="Field" __From="329" __To="330"/>
      <annotation Category="Date" Value="2016-11-15" __Id="212" __Class="TE" __From="329" __To="337"/>
      <annotation Category="MonthName" __Id="213" __Class="Field" __From="332" __To="337"/>
      <annotation Through="DCT" U_Class="4" __Id="214" __Class="Restored" __From="332" __To="337"/>
      <annotation Category="DayOfWeek" __Id="216" __Class="Field" __From="489" __To="495"/>
      <annotation Through="DCT" U_Class="4" __Id="217" __Class="Restored" __From="489" __To="495"/>
      <annotation Category="Date" Value="2016-W46-2" __Id="218" __Class="TE" __From="489" __To="495"/>
      <annotation To="DCT" U_Class="1-DA" __Id="219" __Class="Anchored" __From="507" __To="520"/>
      <annotation Category="Day" __Id="220" __Class="Field" __From="507" __To="520"/>
      <annotation Category="Date" Value="2016-W46-3" __Id="221" __Class="TE" __From="507" __To="520"/>
      <annotation Category="DayOfWeek" __Id="225" __Class="Field" __From="707" __To="713"/>
      <annotation Through="DCT" U_Class="4" __Id="226" __Class="Restored" __From="707" __To="713"/>
      <annotation Category="Date" Value="2016-W46-2" __Id="227" __Class="TE" __From="707" __To="713"/>
      <annotation Category="Day" __Id="228" __Class="Field" __From="716" __To="717"/>
      <annotation Category="Date" Value="2016-11-15" __Id="229" __Class="TE" __From="716" __To="724"/>
      <annotation Category="MonthName" __Id="230" __Class="Field" __From="719" __To="724"/>
      <annotation Through="DCT" U_Class="4" __Id="231" __Class="Restored" __From="719" __To="724"/>
    </annotations>
    <relations>
    </relations>
  </document>
</xml>
