<xml generator="AnnotationTools" format="public" version="1">
  <document>
    <text>
      <raw> 2018-05-29      В России объявился 30-летний губернатор  Президент Владимир Путин назначил вице-губернатора Ямало-Ненецкого автономного округа (ЯНАО) Дмитрия Артюхова врио главы региона после перехода Дмитрия Кобылкина в Минприроды. Об этом сообщается на сайте Кремля во вторник, 29 мая.    30-летний Артюхов, участвовавший в конкурсе управленцев «Лидеры России», в случае победы на выборах станет самым молодым действующим губернатором. До этого самым молодым главой региона был губернатор Калининградской области Антон Алиханов, которому сейчас 31 год. На момент назначения врио руководителя области в сентябре 2016 года ему было 30 лет.    Кандидатура Дмитрия Кобылкина, возглавлявшего ЯНАО с 2010 года, была предложена премьер-министром Дмитрием Медведевым на пост главы Минприроды 18 мая и утверждена президентом страны Владимиром Путиным в тот же день.    Артюхов работает в аппарате губернатора Ямало-Ненецкого автономного округа с 2010 года. В качестве помощника Кобылкина он занимался экономическими вопросами и инвестициями. В начале 2016 года был назначен заместителем главы региона.    https://lenta.ru/news/2018/05/29/yanao/</raw>
      <annotated> <DocCreationTime DayOfWeek="2018-W22-2"><TE Category="Date" Value="2018-05-29">2018-05-29</TE></DocCreationTime>      В России объявился 30-летний губернатор  Президент Владимир Путин назначил вице-губернатора Ямало-Ненецкого автономного округа (ЯНАО) Дмитрия Артюхова врио главы региона после перехода Дмитрия Кобылкина в Минприроды. Об этом сообщается на сайте Кремля во <Field Category="DayOfWeek"><TE Category="Date" Value="2018-W22-2">вторник</TE></Field>, <TE Category="Date" Value="2018-05-29"><Field Category="Day">29</Field> <Field Category="MonthName">мая</Field></TE>.    30-летний Артюхов, участвовавший в конкурсе управленцев «Лидеры России», в случае победы на выборах станет самым молодым действующим губернатором. До этого самым молодым главой региона был губернатор Калининградской области Антон Алиханов, которому сейчас <Field Category="Year">31 год</Field>. На момент назначения врио руководителя области в <TE Category="Date" Value="2016-09"><Field Category="MonthName">сентябре</Field> <Field Category="Year">2016 года</Field></TE> ему было 30 лет.    Кандидатура Дмитрия Кобылкина, возглавлявшего ЯНАО с <Field Category="Year"><TE Category="Date" Value="2010">2010 года</TE></Field>, была предложена премьер-министром Дмитрием Медведевым на пост главы Минприроды <TE Category="Date" Value="2018-05-18"><Field Category="Day">18</Field> <Field Category="MonthName">мая</Field></TE> и утверждена президентом страны Владимиром Путиным в <Field Category="Day"><TE Category="Date" Value="2018-05-18">тот же день</TE></Field>.    Артюхов работает в аппарате губернатора Ямало-Ненецкого автономного округа с <Field Category="Year"><TE Category="Date" Value="2010">2010 года</TE></Field>. В качестве помощника Кобылкина он занимался экономическими вопросами и инвестициями. В <TE Category="Date" Value="2016-START"><Field Category="Phase">начале</Field> <Field Category="Year">2016 года</Field></TE> был назначен заместителем главы региона.    https://lenta.ru/news/2018/05/29/yanao/</annotated>
    </text>
<!-- NOTE: Annotation boundaries below corresponds to text without XHTML-entities encoding. -->
    <annotations>
      <annotation DayOfWeek="2018-W22-2" __Id="208" __Class="DocCreationTime" __From="1" __To="10"/>
      <annotation Category="Date" Value="2018-05-29" __Id="209" __Class="TE" __From="1" __To="10"/>
      <annotation Category="DayOfWeek" __Id="213" __Class="Field" __From="272" __To="278"/>
      <annotation Category="Date" Value="2018-W22-2" __Id="215" __Class="TE" __From="272" __To="278"/>
      <annotation Category="Day" __Id="216" __Class="Field" __From="281" __To="282"/>
      <annotation Category="Date" Value="2018-05-29" __Id="217" __Class="TE" __From="281" __To="286"/>
      <annotation Category="MonthName" __Id="218" __Class="Field" __From="284" __To="286"/>
      <annotation Category="Year" __Id="222" __Class="Field" __From="548" __To="553"/>
      <annotation Category="MonthName" __Id="224" __Class="Field" __From="605" __To="612"/>
      <annotation Category="Date" Value="2016-09" __Id="225" __Class="TE" __From="605" __To="622"/>
      <annotation Category="Year" __Id="226" __Class="Field" __From="614" __To="622"/>
      <annotation Category="Year" __Id="228" __Class="Field" __From="697" __To="705"/>
      <annotation Category="Date" Value="2010" __Id="229" __Class="TE" __From="697" __To="705"/>
      <annotation Category="Day" __Id="230" __Class="Field" __From="787" __To="788"/>
      <annotation Category="Date" Value="2018-05-18" __Id="231" __Class="TE" __From="787" __To="792"/>
      <annotation Category="MonthName" __Id="232" __Class="Field" __From="790" __To="792"/>
      <annotation Category="Day" __Id="235" __Class="Field" __From="847" __To="857"/>
      <annotation Category="Date" Value="2018-05-18" __Id="236" __Class="TE" __From="847" __To="857"/>
      <annotation Category="Year" __Id="238" __Class="Field" __From="940" __To="948"/>
      <annotation Category="Date" Value="2010" __Id="239" __Class="TE" __From="940" __To="948"/>
      <annotation Category="Phase" __Id="242" __Class="Field" __From="1038" __To="1043"/>
      <annotation Category="Date" Value="2016-START" __Id="243" __Class="TE" __From="1038" __To="1053"/>
      <annotation Category="Year" __Id="244" __Class="Field" __From="1045" __To="1053"/>
    </annotations>
    <relations>
    </relations>
  </document>
</xml>
