<xml generator="AnnotationTools" target="public" format-version="1">
  <document>
    <text>
      <raw> 2018-10-04    Высланных из Нидерландов россиян обвинили в атаках на США  Названы имена семерых россиян, которых США в четверг, 4 октября, обвинили в кибератаках. Об этом говорится на сайте американского Минюста.    Речь идет о Дмитрии Бадине, Артеме Малышеве, Алексее Минине, Алексее Моренце, Евгении Серебрякове, Олеге Сотникове и Иване Ермакове. Всех их называют российскими офицерами, сотрудниками Главного управления Генерального штаба России (бывшее ГРУ).    Четверо из них — Минин, Моренец, Серебряков и Сотников — были ранее 4 октября обвинены Нидерландами в попытке совершить кибератаку на Организацию по запрещению химического оружия (ОЗХО). Остальные трое в июле получили от США заочное обвинение во вмешательстве в выборы американского президента в 2016 году.    Как говорится в заявлении Минюста, мужчины обвиняются во взломах компьютеров, использовании мошеннических схем, краже личных данных и отмывании денег. Свою деятельность они вели примерно с декабря 2014 года и как минимум по май 2018-го.    Указывается, что они вступили в сговор и проводили постоянные кибератаки, которые затрагивали физических и юридических лиц в США, а также компании и международные организации по всему миру. Среди целей указываются в том числе ядерная компания Westinghouse Electric Company и химическая лаборатория в Гааге. Итоговой целью была в том числе публикация похищенных данных для дезинформации и дискредитации в том числе официальных лиц и спортсменов.    https://lenta.ru/news/2018/10/04/imenanana/</raw>
      <annotated> <DocCreationTime DayOfWeek="2018-W40-4"><TE Category="Date" Value="2018-10-04">2018-10-04</TE></DocCreationTime>    Высланных из Нидерландов россиян обвинили в атаках на США  Названы имена семерых россиян, которых США в <Field Category="DayOfWeek"><Restored Through="DCT" U_Class="4"><TE Category="Date" Value="2018-W40-4">четверг</TE></Restored></Field>, <TE Category="Date" Value="2018-10-04"><Field Category="Day">4</Field> <Field Category="MonthName"><Restored Through="DCT" U_Class="4">октября</Restored></Field></TE>, обвинили в кибератаках. Об этом говорится на сайте американского Минюста.    Речь идет о Дмитрии Бадине, Артеме Малышеве, Алексее Минине, Алексее Моренце, Евгении Серебрякове, Олеге Сотникове и Иване Ермакове. Всех их называют российскими офицерами, сотрудниками Главного управления Генерального штаба России (бывшее ГРУ).    Четверо из них — Минин, Моренец, Серебряков и Сотников — были ранее <TE Category="Date" Value="2018-10-04"><Field Category="Day">4</Field> <Field Category="MonthName"><Restored Through="DCT" U_Class="4">октября</Restored></Field></TE> обвинены Нидерландами в попытке совершить кибератаку на Организацию по запрещению химического оружия (ОЗХО). Остальные трое в <Field Category="MonthName"><Restored Through="DCT" U_Class="4"><TE Category="Date" Value="2018-07">июле</TE></Restored></Field> получили от США заочное обвинение во вмешательстве в выборы американского президента в <Field Category="Year"><TE Category="Date" Value="2016">2016 году</TE></Field>.    Как говорится в заявлении Минюста, мужчины обвиняются во взломах компьютеров, использовании мошеннических схем, краже личных данных и отмывании денег. Свою деятельность они вели примерно с <TE Category="Date" Value="2014-12"><Field Category="MonthName">декабря</Field> <Field Category="Year">2014 года</Field></TE> и как минимум по <TE Category="Date" Value="2018-05"><Field Category="MonthName">май</Field> <Field Category="Year">2018-го</Field></TE>.    Указывается, что они вступили в сговор и проводили постоянные кибератаки, которые затрагивали физических и юридических лиц в США, а также компании и международные организации по всему миру. Среди целей указываются в том числе ядерная компания Westinghouse Electric Company и химическая лаборатория в Гааге. Итоговой целью была в том числе публикация похищенных данных для дезинформации и дискредитации в том числе официальных лиц и спортсменов.    https://lenta.ru/news/2018/10/04/imenanana/</annotated>
    </text>
    <annotations>
      <annotation DayOfWeek="2018-W40-4" __Id="282" __Class="DocCreationTime" __From="1" __To="10"/>
      <annotation Category="Date" Value="2018-10-04" __Id="283" __Class="TE" __From="1" __To="10"/>
      <annotation Category="DayOfWeek" __Id="286" __Class="Field" __From="119" __To="125"/>
      <annotation Through="DCT" U_Class="4" __Id="287" __Class="Restored" __From="119" __To="125"/>
      <annotation Category="Date" Value="2018-W40-4" __Id="288" __Class="TE" __From="119" __To="125"/>
      <annotation Category="Day" __Id="289" __Class="Field" __From="128" __To="128"/>
      <annotation Category="Date" Value="2018-10-04" __Id="290" __Class="TE" __From="128" __To="136"/>
      <annotation Category="MonthName" __Id="291" __Class="Field" __From="130" __To="136"/>
      <annotation Through="DCT" U_Class="4" __Id="292" __Class="Restored" __From="130" __To="136"/>
      <annotation Category="Day" __Id="297" __Class="Field" __From="533" __To="533"/>
      <annotation Category="Date" Value="2018-10-04" __Id="298" __Class="TE" __From="533" __To="541"/>
      <annotation Category="MonthName" __Id="299" __Class="Field" __From="535" __To="541"/>
      <annotation Through="DCT" U_Class="4" __Id="300" __Class="Restored" __From="535" __To="541"/>
      <annotation Category="MonthName" __Id="302" __Class="Field" __From="669" __To="672"/>
      <annotation Through="DCT" U_Class="4" __Id="303" __Class="Restored" __From="669" __To="672"/>
      <annotation Category="Date" Value="2018-07" __Id="304" __Class="TE" __From="669" __To="672"/>
      <annotation Category="Year" __Id="305" __Class="Field" __From="761" __To="769"/>
      <annotation Category="Date" Value="2016" __Id="306" __Class="TE" __From="761" __To="769"/>
      <annotation Category="MonthName" __Id="309" __Class="Field" __From="964" __To="970"/>
      <annotation Category="Date" Value="2014-12" __Id="310" __Class="TE" __From="964" __To="980"/>
      <annotation Category="Year" __Id="311" __Class="Field" __From="972" __To="980"/>
      <annotation Category="MonthName" __Id="312" __Class="Field" __From="999" __To="1001"/>
      <annotation Category="Date" Value="2018-05" __Id="313" __Class="TE" __From="999" __To="1009"/>
      <annotation Category="Year" __Id="314" __Class="Field" __From="1003" __To="1009"/>
    </annotations>
    <relations>
    </relations>
  </document>
</xml>
