<xml generator="AnnotationTools" format-version="1">
  <document>
    <text>
      <raw> ¶2011-12-18    ¶Росавиация прекратит работу &quot;Авиалиний Дагестана&quot;    ¶Федеральное агентство воздушного транспорта (Росавиация) прекратит деятельность авиакомпании ОАО «Авиалинии Дагестана», сообщил в воскресенье агентству «Прайм» глава ведомства Александр Нерадько.    ¶«Решение о прекращении принято», — сказал он, пояснив, что таким образом Росавиация намерена не допустить других возможных трагедий с самолетами авиакомпании, подобных катастрофе в 2010 году, после которой Росавиация выявила многочисленные нарушения в работе компании. Жертвами крушения стали два человека, 83 получили ранения.    ¶По словам Нерадько, пассажиров авиакомпании, которых необходимо вывезти, не так много, поэтому, возможно, она прекратит свою деятельность уже в понедельник.    ¶Глава Росавиации добавил, что аэропорт Махачкалы, который сейчас объединен в одну структуру с авиакомпанией, сможет продолжить свою деятельность после прекращения работы «Авиалиний Дагестана». По его словам, имеется крупный инвестор, который готов заняться развитием аэропорта.    ¶Ранее в пятницу «Авиалинии Дагестана» заявляли, что прекратили продажу билетов на свои рейсы в связи с тем, что 16 декабря истек срок действия сертификата эксплуатанта.</raw>
      <annotated> ¶<DocCreationTime><TE>2011-12-18</TE></DocCreationTime>    ¶Росавиация прекратит работу &quot;Авиалиний Дагестана&quot;    ¶Федеральное агентство воздушного транспорта (Росавиация) прекратит деятельность авиакомпании ОАО «Авиалинии Дагестана», сообщил в <Field Category="DayOfWeek"><Restored Through="DCT"><TE>воскресенье</TE></Restored></Field> агентству «Прайм» глава ведомства Александр Нерадько.    ¶«Решение о прекращении принято», — сказал он, пояснив, что таким образом Росавиация намерена не допустить других возможных трагедий с самолетами авиакомпании, подобных катастрофе в <Field Category="Year"><TE>2010 году</TE></Field>, после которой Росавиация выявила многочисленные нарушения в работе компании. Жертвами крушения стали два человека, 83 получили ранения.    ¶По словам Нерадько, пассажиров авиакомпании, которых необходимо вывезти, не так много, поэтому, возможно, она прекратит свою деятельность уже в <Field Category="DayOfWeek"><Restored Through="DCT"><TE>понедельник</TE></Restored></Field>.    ¶Глава Росавиации добавил, что аэропорт Махачкалы, который сейчас объединен в одну структуру с авиакомпанией, сможет продолжить свою деятельность после прекращения работы «Авиалиний Дагестана». По его словам, имеется крупный инвестор, который готов заняться развитием аэропорта.    ¶Ранее в <Field Category="DayOfWeek"><Restored Through="DCT"><TE>пятницу</TE></Restored></Field> «Авиалинии Дагестана» заявляли, что прекратили продажу билетов на свои рейсы в связи с тем, что <TE><Field Category="Day">16</Field> <Field Category="MonthName"><Restored Through="DCT">декабря</Restored></Field></TE> истек срок действия сертификата эксплуатанта.</annotated>
    </text>
    <annotations>
      <annotation DayOfWeek="2011-W50-7" __Id="210" __Class="DocCreationTime" __From="2" __To="11"/>
      <annotation Category="Date" Value="2011-12-18" __Id="211" __Class="TE" __From="2" __To="11"/>
      <annotation Category="DayOfWeek" __Id="214" __Class="Field" __From="211" __To="221"/>
      <annotation Through="DCT" U_Class="4" __Id="215" __Class="Restored" __From="211" __To="221"/>
      <annotation Category="Date" Value="2011-W50-7" __Id="216" __Class="TE" __From="211" __To="221"/>
      <annotation Category="Year" __Id="218" __Class="Field" __From="462" __To="470"/>
      <annotation Category="Date" Value="2010" __Id="219" __Class="TE" __From="462" __To="470"/>
      <annotation Category="DayOfWeek" __Id="222" __Class="Field" __From="757" __To="767"/>
      <annotation Through="DCT" U_Class="4" __Id="223" __Class="Restored" __From="757" __To="767"/>
      <annotation Category="Date" Value="2011-W51-1" __Id="224" __Class="TE" __From="757" __To="767"/>
      <annotation Category="DayOfWeek" __Id="228" __Class="Field" __From="1064" __To="1070"/>
      <annotation Through="DCT" U_Class="4" __Id="229" __Class="Restored" __From="1064" __To="1070"/>
      <annotation Category="Date" Value="2011-W50-5" __Id="230" __Class="TE" __From="1064" __To="1070"/>
      <annotation Category="Day" __Id="231" __Class="Field" __From="1168" __To="1169"/>
      <annotation Category="Date" Value="2011-12-16" __Id="232" __Class="TE" __From="1168" __To="1177"/>
      <annotation Category="MonthName" __Id="233" __Class="Field" __From="1171" __To="1177"/>
      <annotation Through="DCT" U_Class="4" __Id="234" __Class="Restored" __From="1171" __To="1177"/>
    </annotations>
    <relations>
    </relations>
  </document>
</xml>
