<xml generator="AnnotationTools" format-version="1">
  <document>
    <text>
      <raw> 2018-10-08    Умер лауреат «Русского Букера» Олег Павлов    В Москве 7 октября на 49-м году жизни скончался российский писатель Олег Павлов. Об этом сообщил в Facebook писатель Платон Беседин в понедельник, 8 октября.    «Олег Павлов — возможно, больше, чем кто-либо в современной русской литературе — защищал человеческое достоинство, бережно, но непоколебимо», — написал он.    Как уточняет РИА Новости, причиной смерти стал инфаркт.    Олег Павлов родился в Москве в 1970 году, заочно окончил Литературный институт имени Горького, куда в последние годы вернулся преподавателем. После школы служил в конвойных частях в Казахстане и Узбекистане. Его первое опубликованное произведение — цикл рассказов «Караульные элегии» (1990 год) — было основано на впечатлениях от работы тюремным охранником.    Известность пришла к прозаику после выхода его первого романа «Казенная сказка» в 1994 году. За вышедший в 2001-м роман «Карагандинские девятины, или Повесть последних дней» он был удостоен премии «Русский Букер», а в 2017-м стал лауреатом премии Angelus.    Кроме того, Александр Солженицын поручил Павлову публикацию и комментирование части писем, присланных в его фонд в начале 1990-х годов. Уже после смерти Солженицына, в 2012 году, Олегу Павлову была присуждена премия его имени.    Последний роман писателя, «Асистолия», был опубликован в 2010 году. Произведения прозаика переведены на многие иностранные языки.    https://lenta.ru/news/2018/10/08/olegpavlov/</raw>
      <annotated> <DocCreationTime><TE>2018-10-08</TE></DocCreationTime>    Умер лауреат «Русского Букера» Олег Павлов    В Москве <TE><Field Category="Day">7</Field> <Field Category="MonthName"><Restored Through="DCT">октября</Restored></Field></TE> на <Field Category="Year">49-м году</Field> жизни скончался российский писатель Олег Павлов. Об этом сообщил в Facebook писатель Платон Беседин в <Field Category="DayOfWeek"><Restored Through="DCT"><TE>понедельник</TE></Restored></Field>, <TE><Field Category="Day">8</Field> <Field Category="MonthName"><Restored Through="DCT">октября</Restored></Field></TE>.    «Олег Павлов — возможно, больше, чем кто-либо в современной русской литературе — защищал человеческое достоинство, бережно, но непоколебимо», — написал он.    Как уточняет РИА Новости, причиной смерти стал инфаркт.    Олег Павлов родился в Москве в <Field Category="Year"><TE>1970 году</TE></Field>, заочно окончил Литературный институт имени Горького, куда в последние <TE>годы</TE> вернулся преподавателем. После школы служил в конвойных частях в Казахстане и Узбекистане. Его первое опубликованное произведение — цикл рассказов «Караульные элегии» (<Field Category="Year"><TE>1990 год</TE></Field>) — было основано на впечатлениях от работы тюремным охранником.    Известность пришла к прозаику после выхода его первого романа «Казенная сказка» в <Field Category="Year"><TE>1994 году</TE></Field>. За вышедший в <Field Category="Year"><TE>2001-м</TE></Field> роман «Карагандинские девятины, или Повесть последних дней» он был удостоен премии «Русский Букер», а в <Field Category="Year"><TE>2017-м</TE></Field> стал лауреатом премии Angelus.    Кроме того, Александр Солженицын поручил Павлову публикацию и комментирование части писем, присланных в его фонд в <TE><Field Category="Phase">начале</Field> <Field Category="YearsX0">1990-х годов</Field></TE>. Уже после смерти Солженицына, в <Field Category="Year"><TE>2012 году</TE></Field>, Олегу Павлову была присуждена премия его имени.    Последний роман писателя, «Асистолия», был опубликован в <Field Category="Year"><TE>2010 году</TE></Field>. Произведения прозаика переведены на многие иностранные языки.    https://lenta.ru/news/2018/10/08/olegpavlov/</annotated>
    </text>
    <annotations>
      <annotation DayOfWeek="2018-W41-1" __Id="301" __Class="DocCreationTime" __From="1" __To="10"/>
      <annotation Category="Date" Value="2018-10-08" __Id="302" __Class="TE" __From="1" __To="10"/>
      <annotation Category="Day" __Id="305" __Class="Field" __From="70" __To="70"/>
      <annotation Category="Date" Value="2018-10-07" __Id="306" __Class="TE" __From="70" __To="78"/>
      <annotation Category="MonthName" __Id="307" __Class="Field" __From="72" __To="78"/>
      <annotation Through="DCT" U_Class="4" __Id="308" __Class="Restored" __From="72" __To="78"/>
      <annotation Category="Year" __Id="309" __Class="Field" __From="83" __To="91"/>
      <annotation Category="DayOfWeek" __Id="311" __Class="Field" __From="195" __To="205"/>
      <annotation Through="DCT" U_Class="4" __Id="312" __Class="Restored" __From="195" __To="205"/>
      <annotation Category="Date" Value="2018-W41-1" __Id="313" __Class="TE" __From="195" __To="205"/>
      <annotation Category="Day" __Id="314" __Class="Field" __From="208" __To="208"/>
      <annotation Category="Date" Value="2018-10-08" __Id="315" __Class="TE" __From="208" __To="216"/>
      <annotation Category="MonthName" __Id="316" __Class="Field" __From="210" __To="216"/>
      <annotation Through="DCT" U_Class="4" __Id="317" __Class="Restored" __From="210" __To="216"/>
      <annotation Category="Year" __Id="321" __Class="Field" __From="471" __To="479"/>
      <annotation Category="Date" Value="1970" __Id="322" __Class="TE" __From="471" __To="479"/>
      <annotation Category="Dur" Value="PxY" __Id="323" __Class="TE" __From="552" __To="555"/>
      <annotation Category="Year" __Id="326" __Class="Field" __From="725" __To="732"/>
      <annotation Category="Date" Value="1990" __Id="327" __Class="TE" __From="725" __To="732"/>
      <annotation Category="Year" __Id="329" __Class="Field" __From="883" __To="891"/>
      <annotation Category="Date" Value="1994" __Id="330" __Class="TE" __From="883" __To="891"/>
      <annotation Category="Year" __Id="332" __Class="Field" __From="908" __To="913"/>
      <annotation Category="Date" Value="2001" __Id="333" __Class="TE" __From="908" __To="913"/>
      <annotation Category="Year" __Id="334" __Class="Field" __From="1019" __To="1024"/>
      <annotation Category="Date" Value="2017" __Id="335" __Class="TE" __From="1019" __To="1024"/>
      <annotation Category="Phase" __Id="337" __Class="Field" __From="1175" __To="1180"/>
      <annotation Category="Date" Value="199-START" __Id="338" __Class="TE" __From="1175" __To="1193"/>
      <annotation Category="YearsX0" __Id="339" __Class="Field" __From="1182" __To="1193"/>
      <annotation Category="Year" __Id="341" __Class="Field" __From="1228" __To="1236"/>
      <annotation Category="Date" Value="2012" __Id="342" __Class="TE" __From="1228" __To="1236"/>
      <annotation Category="Year" __Id="344" __Class="Field" __From="1347" __To="1355"/>
      <annotation Category="Date" Value="2010" __Id="345" __Class="TE" __From="1347" __To="1355"/>
    </annotations>
    <relations>
    </relations>
  </document>
</xml>
