<xml generator="AnnotationTools" target="public" format-version="1">
  <document>
    <text>
      <raw> 2018-10-08    Четверть пенсионеров Литвы не почувствовали повышения пенсий    Литовский фонд социального страхования отчитался о завершении работ по пересчёту пенсий    В октябре примерно 450 тыс. литовским пенсионерам впервые будет выплачена повышенная с 1 января 2018 года пенсия, объявил сегодня, 8 октября, литовский фонд социального страхования. Формально пенсии повысились с начала года, однако до октября пенсионеры получали те же суммы, что и раньше, а в фонде занимались пересчётом размера пенсий для каждого получателя. Таким образом государство оказалось в долгу перед пенсионерами на разницу невыплаченной повышенной пенсии за 8 9 месяцев, однако её разовыми выплатами доплатили всем пенсионерам в августе - сентябре 2018 года, а с октября все пенсионеры начинают получать уже окончательную фиксированную после индексации сумму.    Правда, как соглашаются в фонде, — не все. В среднем пенсия по старости увеличилась на 9 евро, однако она считалась по специальной формуле и индивидуально для каждого пенсионера. Чем больше стаж, тем выше поднялась пенсия.    В некоторых случаях, утверждает руководитель литовского фонда соцстраха Миндаугас Синкявичюс, пенсия повысилась на 40 евро, у значительной части — на 10 20 евро, но четверть всех пенсионеров никакой разницы после пересчёта не почувствуют.    Каждому пенсионеру по почте выслано письмо, где, как утверждают в фонде, чётко прописано насколько и почему изменилась его пенсия. Все письма с расчётами должны прийти пенсионерам до конца октября.    https://regnum.ru/news/society/2496626.html</raw>
      <annotated> <DocCreationTime DayOfWeek="2018-W41-1"><TE Category="Date" Value="2018-10-08">2018-10-08</TE></DocCreationTime>    Четверть пенсионеров Литвы не почувствовали повышения пенсий    Литовский фонд социального страхования отчитался о завершении работ по пересчёту пенсий    В <Field Category="MonthName"><Restored Through="DCT" U_Class="4"><TE Category="Date" Value="2018-10">октябре</TE></Restored></Field> примерно 450 тыс. литовским пенсионерам впервые будет выплачена повышенная с <TE Category="Date" Value="2018-01-01"><Field Category="Day">1</Field> <Field Category="MonthName">января</Field> <Field Category="Year">2018 года</Field></TE> пенсия, объявил <Anchored To="DCT" U_Class="1-D"><Field Category="Day"><TE Category="Date" Value="2018-10-08">сегодня</TE></Field></Anchored>, <TE Category="Date" Value="2018-10-08"><Field Category="Day">8</Field> <Field Category="MonthName"><Restored Through="DCT" U_Class="4">октября</Restored></Field></TE>, литовский фонд социального страхования. Формально пенсии повысились с <TE Category="Date" Value="2018-START"><Field Category="Phase">начала</Field> <Field Category="Year"><Restored Through="DCT" U_Class="6">года</Restored></Field></TE>, однако до <Field Category="MonthName"><Restored Through="DCT" U_Class="4"><TE Category="Date" Value="2018-10">октября</TE></Restored></Field> пенсионеры получали те же суммы, что и раньше, а в фонде занимались пересчётом размера пенсий для каждого получателя. Таким образом государство оказалось в долгу перед пенсионерами на разницу невыплаченной повышенной пенсии за <TE Category="Dur" Value="P8:9M">8 9 месяцев</TE>, однако её разовыми выплатами доплатили всем пенсионерам в <Field Category="MonthName"><Restored Through="DCT" U_Class="4"><TE Category="Date" Value="2018-08">августе</TE></Restored></Field> - <TE Category="Date" Value="2018-09"><Field Category="MonthName">сентябре</Field> <Field Category="Year">2018 года</Field></TE>, а с <Field Category="MonthName"><Restored Through="DCT" U_Class="4"><TE Category="Date" Value="2018-10">октября</TE></Restored></Field> все пенсионеры начинают получать уже окончательную фиксированную после индексации сумму.    Правда, как соглашаются в фонде, — не все. В среднем пенсия по старости увеличилась на 9 евро, однако она считалась по специальной формуле и индивидуально для каждого пенсионера. Чем больше стаж, тем выше поднялась пенсия.    В некоторых случаях, утверждает руководитель литовского фонда соцстраха Миндаугас Синкявичюс, пенсия повысилась на 40 евро, у значительной части — на 10 20 евро, но четверть всех пенсионеров никакой разницы после пересчёта не почувствуют.    Каждому пенсионеру по почте выслано письмо, где, как утверждают в фонде, чётко прописано насколько и почему изменилась его пенсия. Все письма с расчётами должны прийти пенсионерам до <TE Category="Date" Value="2018-10-END"><Field Category="Phase">конца</Field> <Field Category="MonthName"><Restored Through="DCT" U_Class="4">октября</Restored></Field></TE>.    https://regnum.ru/news/society/2496626.html</annotated>
    </text>
    <annotations>
      <annotation DayOfWeek="2018-W41-1" __Id="282" __Class="DocCreationTime" __From="1" __To="10"/>
      <annotation Category="Date" Value="2018-10-08" __Id="283" __Class="TE" __From="1" __To="10"/>
      <annotation Category="MonthName" __Id="290" __Class="Field" __From="172" __To="178"/>
      <annotation Through="DCT" U_Class="4" __Id="291" __Class="Restored" __From="172" __To="178"/>
      <annotation Category="Date" Value="2018-10" __Id="292" __Class="TE" __From="172" __To="178"/>
      <annotation Category="Day" __Id="293" __Class="Field" __From="257" __To="257"/>
      <annotation Category="Date" Value="2018-01-01" __Id="294" __Class="TE" __From="257" __To="274"/>
      <annotation Category="MonthName" __Id="295" __Class="Field" __From="259" __To="264"/>
      <annotation Category="Year" __Id="296" __Class="Field" __From="266" __To="274"/>
      <annotation To="DCT" U_Class="1-D" __Id="297" __Class="Anchored" __From="292" __To="298"/>
      <annotation Category="Day" __Id="298" __Class="Field" __From="292" __To="298"/>
      <annotation Category="Date" Value="2018-10-08" __Id="299" __Class="TE" __From="292" __To="298"/>
      <annotation Category="Day" __Id="300" __Class="Field" __From="301" __To="301"/>
      <annotation Category="Date" Value="2018-10-08" __Id="301" __Class="TE" __From="301" __To="309"/>
      <annotation Category="MonthName" __Id="302" __Class="Field" __From="303" __To="309"/>
      <annotation Through="DCT" U_Class="4" __Id="303" __Class="Restored" __From="303" __To="309"/>
      <annotation Category="Phase" __Id="305" __Class="Field" __From="382" __To="387"/>
      <annotation Category="Date" Value="2018-START" __Id="306" __Class="TE" __From="382" __To="392"/>
      <annotation Category="Year" __Id="307" __Class="Field" __From="389" __To="392"/>
      <annotation Through="DCT" U_Class="6" __Id="308" __Class="Restored" __From="389" __To="392"/>
      <annotation Category="MonthName" __Id="309" __Class="Field" __From="405" __To="411"/>
      <annotation Through="DCT" U_Class="4" __Id="310" __Class="Restored" __From="405" __To="411"/>
      <annotation Category="Date" Value="2018-10" __Id="311" __Class="TE" __From="405" __To="411"/>
      <annotation Category="Dur" Value="P8:9M" __Id="313" __Class="TE" __From="640" __To="650"/>
      <annotation Category="MonthName" __Id="314" __Class="Field" __From="711" __To="717"/>
      <annotation Through="DCT" U_Class="4" __Id="315" __Class="Restored" __From="711" __To="717"/>
      <annotation Category="Date" Value="2018-08" __Id="316" __Class="TE" __From="711" __To="717"/>
      <annotation Category="MonthName" __Id="317" __Class="Field" __From="721" __To="728"/>
      <annotation Category="Date" Value="2018-09" __Id="318" __Class="TE" __From="721" __To="738"/>
      <annotation Category="Year" __Id="319" __Class="Field" __From="730" __To="738"/>
      <annotation Category="MonthName" __Id="320" __Class="Field" __From="745" __To="751"/>
      <annotation Through="DCT" U_Class="4" __Id="321" __Class="Restored" __From="745" __To="751"/>
      <annotation Category="Date" Value="2018-10" __Id="322" __Class="TE" __From="745" __To="751"/>
      <annotation Category="Phase" __Id="332" __Class="Field" __From="1496" __To="1500"/>
      <annotation Category="Date" Value="2018-10-END" __Id="333" __Class="TE" __From="1496" __To="1508"/>
      <annotation Category="MonthName" __Id="334" __Class="Field" __From="1502" __To="1508"/>
      <annotation Through="DCT" U_Class="4" __Id="335" __Class="Restored" __From="1502" __To="1508"/>
    </annotations>
    <relations>
    </relations>
  </document>
</xml>
