<xml generator="AnnotationTools" format-version="1">
  <document>
    <text>
      <raw> ¶2016-04-06    ¶Ополченцы Донбасса рассказали о покушении на комбата Гиви    ¶В самопровозглашенной Донецкой народной республике (ДНР) совершено покушение на командира отдельного штурмового батальона «Сомали» вооруженных сил ДНР Михаила Толстых, известного под позывным Гиви. Об этом в среду, 6 апреля, сообщает информационное агентство «Новороссия» со ссылкой на ополченца Егора Донецкого.    ¶По словам Донецкого, неизвестные пытались взорвать машину комбата. «В ночь с субботы на воскресенье по маршруту следования машины командира в районе ППД (пункта постоянной дислокации — прим. «Ленты.ру») «Сомали» сработало взрывное устройство, с предположительной целью физического устранения командира», — приводит агентство его слова.    ¶Сведений о пострадавших ополченец не привел. «В итоге имеем: напуганное население, дырку в асфальте и угробленную припаркованную машину», — рассказал о последствиях взрыва Донецкий.    ¶14 июля 2015-го в Донецке неизвестные подорвали автомобиль Елены Филипповой — секретаря главы ДНР Александра Захарченко. Женщину в тяжелом состоянии доставили в больницу.    ¶23 мая того же года на три машины, в которых ехал по трассе Перевальск — Луганск командир бригады ополчения «Призрак» Алексей Мозговой с охраной, было совершено нападение. Сначала взорвалась мина, после чего группу расстреляли из пулеметов. В результате покушения погибли семь человек, включая Мозгового и его пресс-секретаря.    ¶В марте 2015 года неизвестные в Макеевке обстреляли машину командира «Сомали» Толстых, сообщил LifeNews.    ¶17 февраля 2015 года Захарченко был ранен в Дебальцево, когда во время перестрелки перебегал одну из центральных улиц города. Сообщалось, что он получил пулевое ранение лодыжки.    ¶За несколько дней до этого мощные взрывы произошли у резиденции Захарченко в Донецке. Три мины разорвались недалеко от места, где у главы ДНР была запланирована встреча с журналистами. В результате взрывов погибли два человека, еще четверо были ранены.    ¶https://lenta.ru/news/2016/04/06/giwi/</raw>
      <annotated> ¶<DocCreationTime><TE>2016-04-06</TE></DocCreationTime>    ¶Ополченцы Донбасса рассказали о покушении на комбата Гиви    ¶В самопровозглашенной Донецкой народной республике (ДНР) совершено покушение на командира отдельного штурмового батальона «Сомали» вооруженных сил ДНР Михаила Толстых, известного под позывным Гиви. Об этом в <Field Category="DayOfWeek"><Restored Through="DCT"><TE>среду</TE></Restored></Field>, <TE><Field Category="Day">6</Field> <Field Category="MonthName"><Restored Through="DCT">апреля</Restored></Field></TE>, сообщает информационное агентство «Новороссия» со ссылкой на ополченца Егора Донецкого.    ¶По словам Донецкого, неизвестные пытались взорвать машину комбата. «В ночь с <Field Category="DayOfWeek"><Restored Through="DCT"><TE>субботы</TE></Restored></Field> на <Field Category="DayOfWeek"><Restored Through="DCT"><TE>воскресенье</TE></Restored></Field> по маршруту следования машины командира в районе ППД (пункта постоянной дислокации — прим. «Ленты.ру») «Сомали» сработало взрывное устройство, с предположительной целью физического устранения командира», — приводит агентство его слова.    ¶Сведений о пострадавших ополченец не привел. «В итоге имеем: напуганное население, дырку в асфальте и угробленную припаркованную машину», — рассказал о последствиях взрыва Донецкий.    ¶<TE><Field Category="Day">14</Field> <Field Category="MonthName">июля</Field> <Field Category="Year">2015-го</Field></TE> в Донецке неизвестные подорвали автомобиль Елены Филипповой — секретаря главы ДНР Александра Захарченко. Женщину в тяжелом состоянии доставили в больницу.    ¶<TE><Field Category="Day">23</Field> <Field Category="MonthName">мая</Field> <Anchored To="Text"><Field Category="Year">того же года</Field></Anchored></TE> на три машины, в которых ехал по трассе Перевальск — Луганск командир бригады ополчения «Призрак» Алексей Мозговой с охраной, было совершено нападение. Сначала взорвалась мина, после чего группу расстреляли из пулеметов. В результате покушения погибли семь человек, включая Мозгового и его пресс-секретаря.    ¶В <TE><Field Category="MonthName">марте</Field> <Field Category="Year">2015 года</Field></TE> неизвестные в Макеевке обстреляли машину командира «Сомали» Толстых, сообщил LifeNews.    ¶<TE><Field Category="Day">17</Field> <Field Category="MonthName">февраля</Field> <Field Category="Year">2015 года</Field></TE> Захарченко был ранен в Дебальцево, когда во время перестрелки перебегал одну из центральных улиц города. Сообщалось, что он получил пулевое ранение лодыжки.    ¶<TE>За <TE>несколько дней</TE></TE> до <TE>этого</TE> мощные взрывы произошли у резиденции Захарченко в Донецке. Три мины разорвались недалеко от места, где у главы ДНР была запланирована встреча с журналистами. В результате взрывов погибли два человека, еще четверо были ранены.    ¶https://lenta.ru/news/2016/04/06/giwi/</annotated>
    </text>
    <annotations>
      <annotation DayOfWeek="2016-W14-3" __Id="379" __Class="DocCreationTime" __From="2" __To="11"/>
      <annotation Category="Date" Value="2016-04-06" __Id="380" __Class="TE" __From="2" __To="11"/>
      <annotation Category="DayOfWeek" __Id="384" __Class="Field" __From="287" __To="291"/>
      <annotation Through="DCT" U_Class="4" __Id="385" __Class="Restored" __From="287" __To="291"/>
      <annotation Category="Date" Value="2016-W14-3" __Id="386" __Class="TE" __From="287" __To="291"/>
      <annotation Category="Day" __Id="387" __Class="Field" __From="294" __To="294"/>
      <annotation Category="Date" Value="2016-04-06" __Id="388" __Class="TE" __From="294" __To="301"/>
      <annotation Category="MonthName" __Id="389" __Class="Field" __From="296" __To="301"/>
      <annotation Through="DCT" U_Class="4" __Id="390" __Class="Restored" __From="296" __To="301"/>
      <annotation Category="DayOfWeek" __Id="393" __Class="Field" __From="473" __To="479"/>
      <annotation Through="DCT" U_Class="4" __Id="394" __Class="Restored" __From="473" __To="479"/>
      <annotation Category="Date" Value="2016-W13-6" __Id="395" __Class="TE" __From="473" __To="479"/>
      <annotation Category="DayOfWeek" __Id="396" __Class="Field" __From="484" __To="494"/>
      <annotation Through="DCT" U_Class="4" __Id="397" __Class="Restored" __From="484" __To="494"/>
      <annotation Category="Date" Value="2016-W13-7" __Id="398" __Class="TE" __From="484" __To="494"/>
      <annotation Category="Day" __Id="404" __Class="Field" __From="922" __To="923"/>
      <annotation Category="Date" Value="2015-07-14" __Id="405" __Class="TE" __From="922" __To="936"/>
      <annotation Category="MonthName" __Id="406" __Class="Field" __From="925" __To="928"/>
      <annotation Category="Year" __Id="407" __Class="Field" __From="930" __To="936"/>
      <annotation Category="Day" __Id="410" __Class="Field" __From="1097" __To="1098"/>
      <annotation Category="Date" Value="2015-05-23" __Id="411" __Class="TE" __From="1097" __To="1115"/>
      <annotation Category="MonthName" __Id="412" __Class="Field" __From="1100" __To="1102"/>
      <annotation To="Text" U_Class="1-A" __Id="413" __Class="Anchored" __From="1104" __To="1115"/>
      <annotation Category="Year" __Id="414" __Class="Field" __From="1104" __To="1115"/>
      <annotation Category="MonthName" __Id="418" __Class="Field" __From="1430" __To="1434"/>
      <annotation Category="Date" Value="2015-03" __Id="419" __Class="TE" __From="1430" __To="1444"/>
      <annotation Category="Year" __Id="420" __Class="Field" __From="1436" __To="1444"/>
      <annotation Category="Day" __Id="422" __Class="Field" __From="1537" __To="1538"/>
      <annotation Category="Date" Value="2015-02-17" __Id="423" __Class="TE" __From="1537" __To="1556"/>
      <annotation Category="MonthName" __Id="424" __Class="Field" __From="1540" __To="1546"/>
      <annotation Category="Year" __Id="425" __Class="Field" __From="1548" __To="1556"/>
      <annotation Category="ShiftExp" Formula="BEFORE,Dur,Anchor" __Id="428" __Class="TE" __From="1719" __To="1735"/>
      <annotation Category="Dur" Value="PSeveralD" __Id="429" __Class="TE" __From="1722" __To="1735"/>
      <annotation Category="Event" __Id="430" __Class="TE" __From="1740" __To="1744"/>
    </annotations>
    <relations>
      <relation __Id="0" __Class="AnchoredTo"><from><annotation __Id="428"/></from><to><annotation __Id="430"/></to></relation>
    </relations>
  </document>
</xml>
