<xml generator="AnnotationTools" format-version="1">
  <document>
    <text>
      <raw> 2018-09-26    Специальный механизм для расчетов с Ираном в обход возобновляемых американских санкций, решение о создании которого приняли страны - участницы Совместного всеобъемлющего плана действий (СВПД), не способен помешать политике Вашингтона в отношении Тегерана и не рассматривается в США в качестве значимого фактора. Об этом заявил во вторник на брифинге для журналистов спецпредставитель США по Ирану Брайан Хук.    &quot;Он [механизм для расчетов с Ираном] не способен подорвать их [санкции США]&quot;, - сказал он, добавив, что средства, которые будут поступать в Тегеран по этой схеме, будут крайне малы. &quot;Все крупнейшие корпорации приняли решение уйти с иранского рынка&quot;, - подчеркнул Хук. &quot;У компаний есть выбор - вести бизнес либо с Ираном, либо с США. Очень немногие выберут Иран, и это просто экономическая реальность&quot;, - утверждал он.    &quot;Не стоит преувеличивать значимость [механизма для расчетов с Ираном]. Конечно, [верховный представитель ЕС по иностранным делам и политике безопасности] Федерика Могерини может говорить об этом, но мы просто не рассматриваем это в качестве важного фактора&quot;, - заявил спецпредставитель США по Ирану.    По итогам состоявшейся в понедельник в Нью-Йорке министерской встречи стран - участниц СВПД по иранской ядерной программе Федерика Могерини подчеркнула важность создания специального механизма для расчетов с Ираном в обход возобновляемых американских санкций. По ее словам, решение о создании такого механизма на уровне стран Евросоюза уже принято с тем, чтобы к его работе затем могли присоединиться и остальные государства.    https://tass.ru/mezhdunarodnaya-panorama/5604975</raw>
      <annotated> <DocCreationTime DayOfWeek="2018-W39-3"><TE Category="Date" Value="2018-09-26">2018-09-26</TE></DocCreationTime>    Специальный механизм для расчетов с Ираном в обход возобновляемых американских санкций, решение о создании которого приняли страны - участницы Совместного всеобъемлющего плана действий (СВПД), не способен помешать политике Вашингтона в отношении Тегерана и не рассматривается в США в качестве значимого фактора. Об этом заявил во <Field Category="DayOfWeek"><Restored Through="DCT" U_Class="4"><TE Category="Date" Value="2018-W39-2">вторник</TE></Restored></Field> на брифинге для журналистов спецпредставитель США по Ирану Брайан Хук.    &quot;Он [механизм для расчетов с Ираном] не способен подорвать их [санкции США]&quot;, - сказал он, добавив, что средства, которые будут поступать в Тегеран по этой схеме, будут крайне малы. &quot;Все крупнейшие корпорации приняли решение уйти с иранского рынка&quot;, - подчеркнул Хук. &quot;У компаний есть выбор - вести бизнес либо с Ираном, либо с США. Очень немногие выберут Иран, и это просто экономическая реальность&quot;, - утверждал он.    &quot;Не стоит преувеличивать значимость [механизма для расчетов с Ираном]. Конечно, [верховный представитель ЕС по иностранным делам и политике безопасности] Федерика Могерини может говорить об этом, но мы просто не рассматриваем это в качестве важного фактора&quot;, - заявил спецпредставитель США по Ирану.    По итогам состоявшейся в <Field Category="DayOfWeek"><Restored Through="DCT" U_Class="4"><TE Category="Date" Value="2018-W39-1">понедельник</TE></Restored></Field> в Нью-Йорке министерской встречи стран - участниц СВПД по иранской ядерной программе Федерика Могерини подчеркнула важность создания специального механизма для расчетов с Ираном в обход возобновляемых американских санкций. По ее словам, решение о создании такого механизма на уровне стран Евросоюза уже принято с тем, чтобы к его работе затем могли присоединиться и остальные государства.    https://tass.ru/mezhdunarodnaya-panorama/5604975</annotated>
    </text>
    <annotations>
      <annotation DayOfWeek="2018-W39-3" __Id="301" __Class="DocCreationTime" __From="1" __To="10"/>
      <annotation Category="Date" Value="2018-09-26" __Id="302" __Class="TE" __From="1" __To="10"/>
      <annotation Category="DayOfWeek" __Id="305" __Class="Field" __From="345" __To="351"/>
      <annotation Through="DCT" U_Class="4" __Id="306" __Class="Restored" __From="345" __To="351"/>
      <annotation Category="Date" Value="2018-W39-2" __Id="307" __Class="TE" __From="345" __To="351"/>
      <annotation Category="DayOfWeek" __Id="315" __Class="Field" __From="1216" __To="1226"/>
      <annotation Through="DCT" U_Class="4" __Id="316" __Class="Restored" __From="1216" __To="1226"/>
      <annotation Category="Date" Value="2018-W39-1" __Id="317" __Class="TE" __From="1216" __To="1226"/>
    </annotations>
    <relations>
    </relations>
  </document>
</xml>
