<xml generator="AnnotationTools" format-version="1">
  <document>
    <text>
      <raw> ¶2018-10-04    ¶Высланных из Нидерландов россиян обвинили в атаках на США  ¶Названы имена семерых россиян, которых США в четверг, 4 октября, обвинили в кибератаках. Об этом говорится на сайте американского Минюста.    ¶Речь идет о Дмитрии Бадине, Артеме Малышеве, Алексее Минине, Алексее Моренце, Евгении Серебрякове, Олеге Сотникове и Иване Ермакове. Всех их называют российскими офицерами, сотрудниками Главного управления Генерального штаба России (бывшее ГРУ).    ¶Четверо из них — Минин, Моренец, Серебряков и Сотников — были ранее 4 октября обвинены Нидерландами в попытке совершить кибератаку на Организацию по запрещению химического оружия (ОЗХО). Остальные трое в июле получили от США заочное обвинение во вмешательстве в выборы американского президента в 2016 году.    ¶Как говорится в заявлении Минюста, мужчины обвиняются во взломах компьютеров, использовании мошеннических схем, краже личных данных и отмывании денег. Свою деятельность они вели примерно с декабря 2014 года и как минимум по май 2018-го.    ¶Указывается, что они вступили в сговор и проводили постоянные кибератаки, которые затрагивали физических и юридических лиц в США, а также компании и международные организации по всему миру. Среди целей указываются в том числе ядерная компания Westinghouse Electric Company и химическая лаборатория в Гааге. Итоговой целью была в том числе публикация похищенных данных для дезинформации и дискредитации в том числе официальных лиц и спортсменов.    ¶https://lenta.ru/news/2018/10/04/imenanana/</raw>
      <annotated> ¶<DocCreationTime><TE>2018-10-04</TE></DocCreationTime>    ¶Высланных из Нидерландов россиян обвинили в атаках на США  ¶Названы имена семерых россиян, которых США в <Field Category="DayOfWeek"><Restored Through="DCT"><TE>четверг</TE></Restored></Field>, <TE><Field Category="Day">4</Field> <Field Category="MonthName"><Restored Through="DCT">октября</Restored></Field></TE>, обвинили в кибератаках. Об этом говорится на сайте американского Минюста.    ¶Речь идет о Дмитрии Бадине, Артеме Малышеве, Алексее Минине, Алексее Моренце, Евгении Серебрякове, Олеге Сотникове и Иване Ермакове. Всех их называют российскими офицерами, сотрудниками Главного управления Генерального штаба России (бывшее ГРУ).    ¶Четверо из них — Минин, Моренец, Серебряков и Сотников — были ранее <TE><Field Category="Day">4</Field> <Field Category="MonthName"><Restored Through="DCT">октября</Restored></Field></TE> обвинены Нидерландами в попытке совершить кибератаку на Организацию по запрещению химического оружия (ОЗХО). Остальные трое в <Field Category="MonthName"><Restored Through="DCT"><TE>июле</TE></Restored></Field> получили от США заочное обвинение во вмешательстве в выборы американского президента в <Field Category="Year"><TE>2016 году</TE></Field>.    ¶Как говорится в заявлении Минюста, мужчины обвиняются во взломах компьютеров, использовании мошеннических схем, краже личных данных и отмывании денег. Свою деятельность они вели примерно с <TE><Field Category="MonthName">декабря</Field> <Field Category="Year">2014 года</Field></TE> и как минимум по <TE><Field Category="MonthName">май</Field> <Field Category="Year">2018-го</Field></TE>.    ¶Указывается, что они вступили в сговор и проводили постоянные кибератаки, которые затрагивали физических и юридических лиц в США, а также компании и международные организации по всему миру. Среди целей указываются в том числе ядерная компания Westinghouse Electric Company и химическая лаборатория в Гааге. Итоговой целью была в том числе публикация похищенных данных для дезинформации и дискредитации в том числе официальных лиц и спортсменов.    ¶https://lenta.ru/news/2018/10/04/imenanana/</annotated>
    </text>
    <annotations>
      <annotation DayOfWeek="2018-W40-4" __Id="282" __Class="DocCreationTime" __From="2" __To="11"/>
      <annotation Category="Date" Value="2018-10-04" __Id="283" __Class="TE" __From="2" __To="11"/>
      <annotation Category="DayOfWeek" __Id="286" __Class="Field" __From="122" __To="128"/>
      <annotation Through="DCT" U_Class="4" __Id="287" __Class="Restored" __From="122" __To="128"/>
      <annotation Category="Date" Value="2018-W40-4" __Id="288" __Class="TE" __From="122" __To="128"/>
      <annotation Category="Day" __Id="289" __Class="Field" __From="131" __To="131"/>
      <annotation Category="Date" Value="2018-10-04" __Id="290" __Class="TE" __From="131" __To="139"/>
      <annotation Category="MonthName" __Id="291" __Class="Field" __From="133" __To="139"/>
      <annotation Through="DCT" U_Class="4" __Id="292" __Class="Restored" __From="133" __To="139"/>
      <annotation Category="Day" __Id="297" __Class="Field" __From="538" __To="538"/>
      <annotation Category="Date" Value="2018-10-04" __Id="298" __Class="TE" __From="538" __To="546"/>
      <annotation Category="MonthName" __Id="299" __Class="Field" __From="540" __To="546"/>
      <annotation Through="DCT" U_Class="4" __Id="300" __Class="Restored" __From="540" __To="546"/>
      <annotation Category="MonthName" __Id="302" __Class="Field" __From="674" __To="677"/>
      <annotation Through="DCT" U_Class="4" __Id="303" __Class="Restored" __From="674" __To="677"/>
      <annotation Category="Date" Value="2018-07" __Id="304" __Class="TE" __From="674" __To="677"/>
      <annotation Category="Year" __Id="305" __Class="Field" __From="766" __To="774"/>
      <annotation Category="Date" Value="2016" __Id="306" __Class="TE" __From="766" __To="774"/>
      <annotation Category="MonthName" __Id="309" __Class="Field" __From="970" __To="976"/>
      <annotation Category="Date" Value="2014-12" __Id="310" __Class="TE" __From="970" __To="986"/>
      <annotation Category="Year" __Id="311" __Class="Field" __From="978" __To="986"/>
      <annotation Category="MonthName" __Id="312" __Class="Field" __From="1005" __To="1007"/>
      <annotation Category="Date" Value="2018-05" __Id="313" __Class="TE" __From="1005" __To="1015"/>
      <annotation Category="Year" __Id="314" __Class="Field" __From="1009" __To="1015"/>
    </annotations>
    <relations>
    </relations>
  </document>
</xml>
