<xml generator="AnnotationTools" target="public" format-version="1">
  <document>
    <text>
      <raw> 2018-01-13    Крым защитили сильнее    В Крыму на боевое дежурство заступил второй дивизион зенитных ракетных систем С-400 «Триумф». Об этом сообщает в субботу, 13 января, РИА Новости.    По данным агентства, боевые расчеты размещены на крымском мысе Фиолент под Севастополем. Они входят в состав зенитного ракетного полка соединения противовоздушной обороны армии ВВС и ПВО Южного военного округа.    Боевые расчеты выдвинулись на позиции после приказа командующего армией генерал-лейтенанта Виктора Севостьянова о заступлении на охрану. Отмечается, что они развернули пусковые установки, осуществили топопривязку и ориентирование комплексов на местности, начав обнаружение и отслеживание целей.  10 января пресс-секретарь президента России Дмитрий Песков заявил, что размещение второго дивизиона С-400 — это не угроза кому-либо, а мера по обеспечению безопасности на российско-украинской границе.    Первый дивизион С-400 был развернут в районе Феодосии весной 2017-го.    Полуостров вошел в состав России после проведенного в марте 2014 года референдума, на котором большинство проголосовавших жителей региона поддержали такое решение. Киев, Евросоюз и США отказались признать результаты плебисцита. В Москве настаивают, что процедура присоединения региона соответствовала нормам международного права.    https://lenta.ru/news/2018/01/13/c400/</raw>
      <annotated> <DocCreationTime DayOfWeek="2018-W02-6"><TE Category="Date" Value="2018-01-13">2018-01-13</TE></DocCreationTime>    Крым защитили сильнее    В Крыму на боевое дежурство заступил второй дивизион зенитных ракетных систем С-400 «Триумф». Об этом сообщает в <Field Category="DayOfWeek"><Restored Through="DCT" U_Class="4"><TE Category="Date" Value="2018-W02-6">субботу</TE></Restored></Field>, <TE Category="Date" Value="2018-01-13"><Field Category="Day">13</Field> <Field Category="MonthName"><Restored Through="DCT" U_Class="4">января</Restored></Field></TE>, РИА Новости.    По данным агентства, боевые расчеты размещены на крымском мысе Фиолент под Севастополем. Они входят в состав зенитного ракетного полка соединения противовоздушной обороны армии ВВС и ПВО Южного военного округа.    Боевые расчеты выдвинулись на позиции после приказа командующего армией генерал-лейтенанта Виктора Севостьянова о заступлении на охрану. Отмечается, что они развернули пусковые установки, осуществили топопривязку и ориентирование комплексов на местности, начав обнаружение и отслеживание целей.  <TE Category="Date" Value="2018-01-10"><Field Category="Day">10</Field> <Field Category="MonthName"><Restored Through="DCT" U_Class="4">января</Restored></Field></TE> пресс-секретарь президента России Дмитрий Песков заявил, что размещение второго дивизиона С-400 — это не угроза кому-либо, а мера по обеспечению безопасности на российско-украинской границе.    Первый дивизион С-400 был развернут в районе Феодосии <TE Category="Date" Value="2017-SP"><Field Category="Season">весной</Field> <Field Category="Year">2017-го</Field></TE>.    Полуостров вошел в состав России после проведенного в <TE Category="Date" Value="2014-03"><Field Category="MonthName">марте</Field> <Field Category="Year">2014 года</Field></TE> референдума, на котором большинство проголосовавших жителей региона поддержали такое решение. Киев, Евросоюз и США отказались признать результаты плебисцита. В Москве настаивают, что процедура присоединения региона соответствовала нормам международного права.    https://lenta.ru/news/2018/01/13/c400/</annotated>
    </text>
    <annotations>
      <annotation DayOfWeek="2018-W02-6" __Id="244" __Class="DocCreationTime" __From="1" __To="10"/>
      <annotation Category="Date" Value="2018-01-13" __Id="245" __Class="TE" __From="1" __To="10"/>
      <annotation Category="DayOfWeek" __Id="249" __Class="Field" __From="153" __To="159"/>
      <annotation Through="DCT" U_Class="4" __Id="250" __Class="Restored" __From="153" __To="159"/>
      <annotation Category="Date" Value="2018-W02-6" __Id="251" __Class="TE" __From="153" __To="159"/>
      <annotation Category="Day" __Id="252" __Class="Field" __From="162" __To="163"/>
      <annotation Category="Date" Value="2018-01-13" __Id="253" __Class="TE" __From="162" __To="170"/>
      <annotation Category="MonthName" __Id="254" __Class="Field" __From="165" __To="170"/>
      <annotation Through="DCT" U_Class="4" __Id="255" __Class="Restored" __From="165" __To="170"/>
      <annotation Category="Day" __Id="261" __Class="Field" __From="699" __To="700"/>
      <annotation Category="Date" Value="2018-01-10" __Id="262" __Class="TE" __From="699" __To="707"/>
      <annotation Category="MonthName" __Id="263" __Class="Field" __From="702" __To="707"/>
      <annotation Through="DCT" U_Class="4" __Id="264" __Class="Restored" __From="702" __To="707"/>
      <annotation Category="Season" __Id="266" __Class="Field" __From="957" __To="962"/>
      <annotation Category="Date" Value="2017-SP" __Id="267" __Class="TE" __From="957" __To="970"/>
      <annotation Category="Year" __Id="268" __Class="Field" __From="964" __To="970"/>
      <annotation Category="MonthName" __Id="270" __Class="Field" __From="1030" __To="1034"/>
      <annotation Category="Date" Value="2014-03" __Id="271" __Class="TE" __From="1030" __To="1044"/>
      <annotation Category="Year" __Id="272" __Class="Field" __From="1036" __To="1044"/>
    </annotations>
    <relations>
    </relations>
  </document>
</xml>
