<xml generator="AnnotationTools" format-version="1">
  <document>
    <text>
      <raw> 2016-04-06    Порошенко пригласил японцев поучаствовать в приватизации на Украине    Президент Украины Петр Порошенко встретился в Токио с представителями ведущих компаний Японии и пригласил их принять участие в приватизации украинских портов и энергетических предприятий, сообщает «Интерфакс» со ссылкой на пресс-секретаря Порошенко Святослава Цеголко.    Президент Украины также поблагодарил корпорацию Fujikura за инвестиции в украинскую экономику. В свою очередь компания призвала других японских инвесторов идти на украинский рынок.    Между тем Цеголко отметил, что в прошлом году украинский экспорт в Японию вырос на 12 процентов.    В марте Национальный банк Украины оценил поступления в казну от продажи государственных активов в миллиард долларов. Фонд госимущества Украины пытается распродать активы с большими скидками (до 60 процентов), но желающих вложиться в предприятия пока нет.    При этом 16 февраля Верховная Рада Украины приняла поправки в законодательство, запрещающие гражданам и юрлицам так называемых стран-агрессоров участвовать в приватизации предприятий этой страны. 4 марта законопроект был подписан президентом страны.    https://lenta.ru/news/2016/04/06/poroshenko/</raw>
      <annotated> <DocCreationTime DayOfWeek="2016-W14-3"><TE Category="Date" Value="2016-04-06">2016-04-06</TE></DocCreationTime>    Порошенко пригласил японцев поучаствовать в приватизации на Украине    Президент Украины Петр Порошенко встретился в Токио с представителями ведущих компаний Японии и пригласил их принять участие в приватизации украинских портов и энергетических предприятий, сообщает «Интерфакс» со ссылкой на пресс-секретаря Порошенко Святослава Цеголко.    Президент Украины также поблагодарил корпорацию Fujikura за инвестиции в украинскую экономику. В свою очередь компания призвала других японских инвесторов идти на украинский рынок.    Между тем Цеголко отметил, что в <Anchored To="DCT" U_Class="1-D"><Field Category="Year"><TE Category="Date" Value="2015">прошлом году</TE></Field></Anchored> украинский экспорт в Японию вырос на 12 процентов.    В <Field Category="MonthName"><Restored Through="DCT" U_Class="4"><TE Category="Date" Value="2016-03">марте</TE></Restored></Field> Национальный банк Украины оценил поступления в казну от продажи государственных активов в миллиард долларов. Фонд госимущества Украины пытается распродать активы с большими скидками (до 60 процентов), но желающих вложиться в предприятия пока нет.    При этом <TE Category="Date" Value="2016-02-16"><Field Category="Day">16</Field> <Field Category="MonthName"><Restored Through="DCT" U_Class="4">февраля</Restored></Field></TE> Верховная Рада Украины приняла поправки в законодательство, запрещающие гражданам и юрлицам так называемых стран-агрессоров участвовать в приватизации предприятий этой страны. <TE Category="Date" Value="2016-03-04"><Field Category="Day">4</Field> <Field Category="MonthName"><Restored Through="DCT" U_Class="4">марта</Restored></Field></TE> законопроект был подписан президентом страны.    https://lenta.ru/news/2016/04/06/poroshenko/</annotated>
    </text>
    <annotations>
      <annotation DayOfWeek="2016-W14-3" __Id="205" __Class="DocCreationTime" __From="1" __To="10"/>
      <annotation Category="Date" Value="2016-04-06" __Id="206" __Class="TE" __From="1" __To="10"/>
      <annotation To="DCT" U_Class="1-D" __Id="212" __Class="Anchored" __From="575" __To="586"/>
      <annotation Category="Year" __Id="213" __Class="Field" __From="575" __To="586"/>
      <annotation Category="Date" Value="2015" __Id="214" __Class="TE" __From="575" __To="586"/>
      <annotation Category="MonthName" __Id="216" __Class="Field" __From="644" __To="648"/>
      <annotation Through="DCT" U_Class="4" __Id="217" __Class="Restored" __From="644" __To="648"/>
      <annotation Category="Date" Value="2016-03" __Id="218" __Class="TE" __From="644" __To="648"/>
      <annotation Category="Day" __Id="221" __Class="Field" __From="909" __To="910"/>
      <annotation Category="Date" Value="2016-02-16" __Id="222" __Class="TE" __From="909" __To="918"/>
      <annotation Category="MonthName" __Id="223" __Class="Field" __From="912" __To="918"/>
      <annotation Through="DCT" U_Class="4" __Id="224" __Class="Restored" __From="912" __To="918"/>
      <annotation Category="Day" __Id="225" __Class="Field" __From="1096" __To="1096"/>
      <annotation Category="Date" Value="2016-03-04" __Id="227" __Class="TE" __From="1096" __To="1102"/>
      <annotation Category="MonthName" __Id="228" __Class="Field" __From="1098" __To="1102"/>
      <annotation Through="DCT" U_Class="4" __Id="229" __Class="Restored" __From="1098" __To="1102"/>
    </annotations>
    <relations>
    </relations>
  </document>
</xml>
