<xml generator="AnnotationTools" format="public" version="1">
  <document>
    <text>
      <raw> 2017-10-11    Храм XV века в Великом Новгороде передали РПЦ    Храм, построенный в XV веке, который находится в центре Великого Новгорода, передали РПЦ. Об этом говорится в сообщении, которое опубликовано на сайте Межрегионального управление Росимущества в Псковской и Новгородской областях.    «Церковь Двенадцати апостолов, находящаяся на Десятинной улице, передана РПЦ в безвозмездное пользование», — рассказал представитель ведомства.    Церковь, о которой идет речь, была возведена в 1454 году. Здание было сильно повреждено во время Великой отечественной войны, в последний раз реконструкцию там проводили в 1959 году.    В сентябре 2017 года РПЦ были переданы еще три новгородских памятника федерального значения XIV - XVI веков. Речь идет о церкви Климента, Власия а также Петра и Авла на Славнее. Все они включены в список всемирного наследия ЮНЕСКО.    https://lenta.ru/news/2017/10/11/temple/</raw>
      <annotated> <DocCreationTime DayOfWeek="2017-W41-3"><TE Category="Date" Value="2017-10-11">2017-10-11</TE></DocCreationTime>    Храм <Field Category="Century"><TE Category="Date" Value="14">XV века</TE></Field> в Великом Новгороде передали РПЦ    Храм, построенный в <Field Category="Century"><TE Category="Date" Value="14">XV веке</TE></Field>, который находится в центре Великого Новгорода, передали РПЦ. Об этом говорится в сообщении, которое опубликовано на сайте Межрегионального управление Росимущества в Псковской и Новгородской областях.    «Церковь Двенадцати апостолов, находящаяся на Десятинной улице, передана РПЦ в безвозмездное пользование», — рассказал представитель ведомства.    Церковь, о которой идет речь, была возведена в <Field Category="Year"><TE Category="Date" Value="1454">1454 году</TE></Field>. Здание было сильно повреждено во время Великой отечественной войны, в последний раз реконструкцию там проводили в <Field Category="Year"><TE Category="Date" Value="1959">1959 году</TE></Field>.    В <TE Category="Date" Value="2017-09"><Field Category="MonthName">сентябре</Field> <Field Category="Year">2017 года</Field></TE> РПЦ были переданы еще три новгородских памятника федерального значения <TE Category="Date" Value="13">XIV</TE> - <Field Category="Century"><TE Category="Date" Value="15">XVI веков</TE></Field>. Речь идет о церкви Климента, Власия а также Петра и Авла на Славнее. Все они включены в список всемирного наследия ЮНЕСКО.    https://lenta.ru/news/2017/10/11/temple/</annotated>
    </text>
<!-- NOTE: Annotation boundaries below corresponds to text without XHTML-entities encoding. -->
    <annotations>
      <annotation DayOfWeek="2017-W41-3" __Id="184" __Class="DocCreationTime" __From="1" __To="10"/>
      <annotation Category="Date" Value="2017-10-11" __Id="185" __Class="TE" __From="1" __To="10"/>
      <annotation Category="Century" __Id="188" __Class="Field" __From="20" __To="26"/>
      <annotation Category="Date" Value="14" __Id="189" __Class="TE" __From="20" __To="26"/>
      <annotation Category="Century" __Id="192" __Class="Field" __From="84" __To="90"/>
      <annotation Category="Date" Value="14" __Id="193" __Class="TE" __From="84" __To="90"/>
      <annotation Category="Year" __Id="199" __Class="Field" __From="490" __To="498"/>
      <annotation Category="Date" Value="1454" __Id="200" __Class="TE" __From="490" __To="498"/>
      <annotation Category="Year" __Id="202" __Class="Field" __From="615" __To="623"/>
      <annotation Category="Date" Value="1959" __Id="203" __Class="TE" __From="615" __To="623"/>
      <annotation Category="MonthName" __Id="206" __Class="Field" __From="631" __To="638"/>
      <annotation Category="Date" Value="2017-09" __Id="207" __Class="TE" __From="631" __To="648"/>
      <annotation Category="Year" __Id="208" __Class="Field" __From="640" __To="648"/>
      <annotation Category="Date" Value="13" __Id="209" __Class="TE" __From="721" __To="723"/>
      <annotation Category="Century" __Id="210" __Class="Field" __From="727" __To="735"/>
      <annotation Category="Date" Value="15" __Id="211" __Class="TE" __From="727" __To="735"/>
    </annotations>
    <relations>
    </relations>
  </document>
</xml>
