<xml generator="AnnotationTools" format-version="1">
  <document>
    <text>
      <raw> ¶2013-01-24    ¶Норвежская полиция опровергла расследование в отношении Адагамова    ¶Норвежская полиция не начинала расследования в отношении блогера Рустема Адагамова, которого его бывшая жена Татьяна Дельсаль обвинила в педофилии. Об этом сообщает ИТАР-ТАСС со ссылкой на начальника полицейского участка города Лиллесан (Lillesand) Кьетиль Нигорда.    ¶Нигорд указал, что не знает, кто из его сотрудников мог сообщить журналистам о том, что предполагаемая жертва Адагамова дала показания против него.    ¶Ранее 24 января газета «Известия» сообщила о том, что предполагаемая жертва Адагамова «в деталях рассказала» норвежской полиции «о том, как и когда ее насиловал Адагамов». При этом «Известия» ссылались на источник в полиции Лиллесана.    ¶Кьетиль Нигорд заявил ИТАР-ТАСС, что преступление, которое приписывают блогеру, чрезвычайно серьезно. По его словам, если жертва обратится в правоохранительные органы, расследование начнется вне зависимости от того, какой срок прошел с момента совершения деяния.    ¶Издание отмечало также, что имя пострадавшей останется засекреченным как для СМИ, так и в документах, переданных российским органам. Кроме того, по данным «Известий», следственный комитет России неоднократно приглашал Рустема Адагамова для беседы, но он не являлся в СК.    ¶Адвокат Адагамова Антон Жаров заявил 24 января, что ему ничего не известно о начале расследования в Норвегии. По его словам, по состоянию на конец прошлой недели ни о каком расследовании речи не шло.    ¶Впервые публичные обвинения в адрес Адагамова его бывшая жена Татьяна Дельсаль выдвинула в конце 2012 года. По ее словам, 15 лет назад, проживая в Норвегии, он совершил некие действия сексуального характера в отношении несовершеннолетней девочки. В январе Дельсаль дала интервью телеканалу Russia Today и газете «Известия», в которых подтвердила свои заявления. На основании ее слов СКР начал доследственную проверку в отношении Адагамова.    ¶Сама Дельсаль 18 января написала в блоге, что «полиции факт известен и в Норвегии, и в России».    ¶https://lenta.ru/news/2013/01/24/noadagamov/</raw>
      <annotated> ¶<DocCreationTime><TE>2013-01-24</TE></DocCreationTime>    ¶Норвежская полиция опровергла расследование в отношении Адагамова    ¶Норвежская полиция не начинала расследования в отношении блогера Рустема Адагамова, которого его бывшая жена Татьяна Дельсаль обвинила в педофилии. Об этом сообщает ИТАР-ТАСС со ссылкой на начальника полицейского участка города Лиллесан (Lillesand) Кьетиль Нигорда.    ¶Нигорд указал, что не знает, кто из его сотрудников мог сообщить журналистам о том, что предполагаемая жертва Адагамова дала показания против него.    ¶Ранее <TE><Field Category="Day">24</Field> <Field Category="MonthName"><Restored Through="DCT">января</Restored></Field></TE> газета «Известия» сообщила о том, что предполагаемая жертва Адагамова «в деталях рассказала» норвежской полиции «о том, как и когда ее насиловал Адагамов». При этом «Известия» ссылались на источник в полиции Лиллесана.    ¶Кьетиль Нигорд заявил ИТАР-ТАСС, что преступление, которое приписывают блогеру, чрезвычайно серьезно. По его словам, если жертва обратится в правоохранительные органы, расследование начнется вне зависимости от того, какой срок прошел с момента совершения деяния.    ¶Издание отмечало также, что имя пострадавшей останется засекреченным как для СМИ, так и в документах, переданных российским органам. Кроме того, по данным «Известий», следственный комитет России неоднократно приглашал Рустема Адагамова для беседы, но он не являлся в СК.    ¶Адвокат Адагамова Антон Жаров заявил <TE><Field Category="Day">24</Field> <Field Category="MonthName"><Restored Through="DCT">января</Restored></Field></TE>, что ему ничего не известно о начале расследования в Норвегии. По его словам, по состоянию на <TE><Field Category="Phase">конец</Field> <Anchored To="DCT"><Field Category="Week">прошлой недели</Field></Anchored></TE> ни о каком расследовании речи не шло.    ¶Впервые публичные обвинения в адрес Адагамова его бывшая жена Татьяна Дельсаль выдвинула в <TE><Field Category="Phase">конце</Field> <Field Category="Year">2012 года</Field></TE>. По ее словам, <Anchored To="DCT"><TE><TE>15 лет</TE> назад</TE></Anchored>, проживая в Норвегии, он совершил некие действия сексуального характера в отношении несовершеннолетней девочки. В <Field Category="MonthName"><Restored Through="DCT"><TE>январе</TE></Restored></Field> Дельсаль дала интервью телеканалу Russia Today и газете «Известия», в которых подтвердила свои заявления. На основании ее слов СКР начал доследственную проверку в отношении Адагамова.    ¶Сама Дельсаль <TE><Field Category="Day">18</Field> <Field Category="MonthName"><Restored Through="DCT">января</Restored></Field></TE> написала в блоге, что «полиции факт известен и в Норвегии, и в России».    ¶https://lenta.ru/news/2013/01/24/noadagamov/</annotated>
    </text>
    <annotations>
      <annotation DayOfWeek="2013-W04-4" __Id="392" __Class="DocCreationTime" __From="2" __To="11"/>
      <annotation Category="Date" Value="2013-01-24" __Id="393" __Class="TE" __From="2" __To="11"/>
      <annotation Category="Day" __Id="399" __Class="Field" __From="515" __To="516"/>
      <annotation Category="Date" Value="2013-01-24" __Id="400" __Class="TE" __From="515" __To="523"/>
      <annotation Category="MonthName" __Id="401" __Class="Field" __From="518" __To="523"/>
      <annotation Through="DCT" U_Class="4" __Id="402" __Class="Restored" __From="518" __To="523"/>
      <annotation Category="Day" __Id="409" __Class="Field" __From="1327" __To="1328"/>
      <annotation Category="Date" Value="2013-01-24" __Id="410" __Class="TE" __From="1327" __To="1335"/>
      <annotation Category="MonthName" __Id="411" __Class="Field" __From="1330" __To="1335"/>
      <annotation Through="DCT" U_Class="4" __Id="412" __Class="Restored" __From="1330" __To="1335"/>
      <annotation Category="Phase" __Id="414" __Class="Field" __From="1431" __To="1435"/>
      <annotation Category="Date" Value="2013-W03-END" __Id="415" __Class="TE" __From="1431" __To="1450"/>
      <annotation To="DCT" U_Class="1-D" __Id="416" __Class="Anchored" __From="1437" __To="1450"/>
      <annotation Category="Week" __Id="417" __Class="Field" __From="1437" __To="1450"/>
      <annotation Category="Phase" __Id="419" __Class="Field" __From="1585" __To="1589"/>
      <annotation Category="Date" Value="2012-END" __Id="420" __Class="TE" __From="1585" __To="1599"/>
      <annotation Category="Year" __Id="421" __Class="Field" __From="1591" __To="1599"/>
      <annotation To="DCT" U_Class="7-D" __Id="423" __Class="Anchored" __From="1616" __To="1627"/>
      <annotation Category="ShiftExp" Formula="BEFORE,Dur,Anchor" __Id="424" __Class="TE" __From="1616" __To="1627"/>
      <annotation Category="Dur" Value="P15Y" __Id="425" __Class="TE" __From="1616" __To="1621"/>
      <annotation Category="MonthName" __Id="427" __Class="Field" __From="1743" __To="1748"/>
      <annotation Through="DCT" U_Class="4" __Id="428" __Class="Restored" __From="1743" __To="1748"/>
      <annotation Category="Date" Value="2013-01" __Id="429" __Class="TE" __From="1743" __To="1748"/>
      <annotation Category="Day" __Id="432" __Class="Field" __From="1952" __To="1953"/>
      <annotation Category="Date" Value="2013-01-18" __Id="433" __Class="TE" __From="1952" __To="1960"/>
      <annotation Category="MonthName" __Id="434" __Class="Field" __From="1955" __To="1960"/>
      <annotation Through="DCT" U_Class="4" __Id="435" __Class="Restored" __From="1955" __To="1960"/>
    </annotations>
    <relations>
      <relation __Id="0" __Class="AnchoredTo"><from><annotation __Id="424"/></from><to><annotation __Id="420"/></to></relation>
    </relations>
  </document>
</xml>
