<xml generator="AnnotationTools" format-version="1">
  <document>
    <text>
      <raw> 2018-09-24    Депутат Законодательного собрания Владимирской области от ЛДПР Владимир Сипягин набирает 57,03% голосов во втором туре выборов губернатора региона после обработки 100% протоколов. Об этом сообщили в понедельник в информационном центре избирательной комиссии Владимирской области.    &quot;По итогам обработки 100% протоколов Владимир Сипягин набрал 57,03% голосов избирателей, Светлана Орлова получила 37,46%&quot;, - уточнили в облизбиркоме.    Второй тур губернаторских выборов проходил 23 сентября во Владимирской области, поскольку по итогам единого дня голосования 9 сентября ни один из четырех претендентов на должность главы региона не смог набрать более 50% голосов избирателей. Наибольшее количество голосов по результатам первого тура было отдано за действующего губернатора Светлану Орлову, выдвинутую &quot;Единой Россией&quot; (36,42%), и депутата заксобрания Владимирской области от ЛДПР Владимира Сипягина (31,19%).    https://tass.ru/politika/5596269</raw>
      <annotated> <DocCreationTime DayOfWeek="2018-W39-1"><TE Category="Date" Value="2018-09-24">2018-09-24</TE></DocCreationTime>    Депутат Законодательного собрания Владимирской области от ЛДПР Владимир Сипягин набирает 57,03% голосов во втором туре выборов губернатора региона после обработки 100% протоколов. Об этом сообщили в <Field Category="DayOfWeek"><Restored Through="DCT" U_Class="4"><TE Category="Date" Value="2018-W39-1">понедельник</TE></Restored></Field> в информационном центре избирательной комиссии Владимирской области.    &quot;По итогам обработки 100% протоколов Владимир Сипягин набрал 57,03% голосов избирателей, Светлана Орлова получила 37,46%&quot;, - уточнили в облизбиркоме.    Второй тур губернаторских выборов проходил <TE Category="Date" Value="2018-09-23"><Field Category="Day">23</Field> <Field Category="MonthName"><Restored Through="DCT" U_Class="4">сентября</Restored></Field></TE> во Владимирской области, поскольку по итогам единого дня голосования <TE Category="Date" Value="2018-09-09"><Field Category="Day">9</Field> <Field Category="MonthName"><Restored Through="DCT" U_Class="4">сентября</Restored></Field></TE> ни один из четырех претендентов на должность главы региона не смог набрать более 50% голосов избирателей. Наибольшее количество голосов по результатам первого тура было отдано за действующего губернатора Светлану Орлову, выдвинутую &quot;Единой Россией&quot; (36,42%), и депутата заксобрания Владимирской области от ЛДПР Владимира Сипягина (31,19%).    https://tass.ru/politika/5596269</annotated>
    </text>
    <annotations>
      <annotation DayOfWeek="2018-W39-1" __Id="180" __Class="DocCreationTime" __From="1" __To="10"/>
      <annotation Category="Date" Value="2018-09-24" __Id="181" __Class="TE" __From="1" __To="10"/>
      <annotation Category="DayOfWeek" __Id="184" __Class="Field" __From="214" __To="224"/>
      <annotation Through="DCT" U_Class="4" __Id="185" __Class="Restored" __From="214" __To="224"/>
      <annotation Category="Date" Value="2018-W39-1" __Id="186" __Class="TE" __From="214" __To="224"/>
      <annotation Category="Day" __Id="189" __Class="Field" __From="504" __To="505"/>
      <annotation Category="Date" Value="2018-09-23" __Id="190" __Class="TE" __From="504" __To="514"/>
      <annotation Category="MonthName" __Id="191" __Class="Field" __From="507" __To="514"/>
      <annotation Through="DCT" U_Class="4" __Id="192" __Class="Restored" __From="507" __To="514"/>
      <annotation Category="Day" __Id="193" __Class="Field" __From="585" __To="585"/>
      <annotation Category="Date" Value="2018-09-09" __Id="194" __Class="TE" __From="585" __To="594"/>
      <annotation Category="MonthName" __Id="195" __Class="Field" __From="587" __To="594"/>
      <annotation Through="DCT" U_Class="4" __Id="196" __Class="Restored" __From="587" __To="594"/>
    </annotations>
    <relations>
    </relations>
  </document>
</xml>
