<xml generator="AnnotationTools" format="public" version="1">
  <document>
    <text>
      <raw> 2016-08-20    Авиация Ирака ликвидировала 19 командиров «Исламского государства»    Военно-воздушные силы (ВВС) Ирака ликвидировали 19 представителей командования международной террористической организации «Исламское государство» (ИГ, запрещена в России). Об этом в субботу, 20 августа, сообщает агентство Sputnik. Авиаудары были нанесены по одному из штабов боевиков в городе Мосул, который считается иракской «столицей» ИГ.    «Истребители разбомбили штаб-квартиру ИГ в квартале Аль-Мисак, когда в нем находились высокопоставленные командиры группировки. Все они были убиты», — говорится в заявлении информбюро военного командования иракской армии.    18 августа сообщалось, что авиация Ирака уничтожила колонну из 30 автоцистерн с нефтью, принадлежавших ИГ. Грузовики направлялись в глубь иракской провинции Найнава, административным центром которой является город Мосул, находящийся под контролем экстремистов более двух лет. В результате атаки также были убиты 12 боевиков, несколько получили ранения.    9 августа стало известно, что члены ИГ начали вывозить из Мосула компьютеры и папки с информацией о боевиках и планах по совершению терактов. Вся документация была переправлена в сирийский город Ракка, считающийся главной общей столицей «халифата».    31 июля власти Ирака сообщили о бегстве командиров ИГ из Мосула. Министр обороны страны Халед аль-Обейди уточнил, что командиры группировки с семьями продали имущество и уехали в сторону Сирии, а некоторые попытались проникнуть в Иракский Курдистан.    Иракская армия начала наступление на Мосул, крупнейший контролируемый исламистами город, в марте, но сам населенный пункт пока находится под контролем боевиков.    В 2014 году «Исламское государство» захватило значительные территории Сирии и Ирака и провозгласило там халифат.    https://lenta.ru/news/2016/08/20/isis/</raw>
      <annotated> <DocCreationTime DayOfWeek="2016-W33-6"><TE Category="Date" Value="2016-08-20">2016-08-20</TE></DocCreationTime>    Авиация Ирака ликвидировала 19 командиров «Исламского государства»    Военно-воздушные силы (ВВС) Ирака ликвидировали 19 представителей командования международной террористической организации «Исламское государство» (ИГ, запрещена в России). Об этом в <Field Category="DayOfWeek"><TE Category="Date" Value="2016-W33-6">субботу</TE></Field>, <TE Category="Date" Value="2016-08-20"><Field Category="Day">20</Field> <Field Category="MonthName">августа</Field></TE>, сообщает агентство Sputnik. Авиаудары были нанесены по одному из штабов боевиков в городе Мосул, который считается иракской «столицей» ИГ.    «Истребители разбомбили штаб-квартиру ИГ в квартале Аль-Мисак, когда в нем находились высокопоставленные командиры группировки. Все они были убиты», — говорится в заявлении информбюро военного командования иракской армии.    <TE Category="Date" Value="2016-08-18"><Field Category="Day">18</Field> <Field Category="MonthName">августа</Field></TE> сообщалось, что авиация Ирака уничтожила колонну из 30 автоцистерн с нефтью, принадлежавших ИГ. Грузовики направлялись в глубь иракской провинции Найнава, административным центром которой является город Мосул, находящийся под контролем экстремистов <TE Category="Dur" Value="P2Y-More">более двух лет</TE>. В результате атаки также были убиты 12 боевиков, несколько получили ранения.    <TE Category="Date" Value="2016-08-09"><Field Category="Day">9</Field> <Field Category="MonthName">августа</Field></TE> стало известно, что члены ИГ начали вывозить из Мосула компьютеры и папки с информацией о боевиках и планах по совершению терактов. Вся документация была переправлена в сирийский город Ракка, считающийся главной общей столицей «халифата».    <TE Category="Date" Value="2016-07-31"><Field Category="Day">31</Field> <Field Category="MonthName">июля</Field></TE> власти Ирака сообщили о бегстве командиров ИГ из Мосула. Министр обороны страны Халед аль-Обейди уточнил, что командиры группировки с семьями продали имущество и уехали в сторону Сирии, а некоторые попытались проникнуть в Иракский Курдистан.    Иракская армия начала наступление на Мосул, крупнейший контролируемый исламистами город, в <Field Category="MonthName"><TE Category="Date" Value="2016-03">марте</TE></Field>, но сам населенный пункт пока находится под контролем боевиков.    В <Field Category="Year"><TE Category="Date" Value="2014">2014 году</TE></Field> «Исламское государство» захватило значительные территории Сирии и Ирака и провозгласило там халифат.    https://lenta.ru/news/2016/08/20/isis/</annotated>
    </text>
<!-- NOTE: Annotation boundaries below corresponds to text without XHTML-entities encoding. -->
    <annotations>
      <annotation DayOfWeek="2016-W33-6" __Id="329" __Class="DocCreationTime" __From="1" __To="10"/>
      <annotation Category="Date" Value="2016-08-20" __Id="330" __Class="TE" __From="1" __To="10"/>
      <annotation Category="DayOfWeek" __Id="334" __Class="Field" __From="267" __To="273"/>
      <annotation Category="Date" Value="2016-W33-6" __Id="336" __Class="TE" __From="267" __To="273"/>
      <annotation Category="Day" __Id="337" __Class="Field" __From="276" __To="277"/>
      <annotation Category="Date" Value="2016-08-20" __Id="338" __Class="TE" __From="276" __To="285"/>
      <annotation Category="MonthName" __Id="339" __Class="Field" __From="279" __To="285"/>
      <annotation Category="Day" __Id="345" __Class="Field" __From="655" __To="656"/>
      <annotation Category="Date" Value="2016-08-18" __Id="346" __Class="TE" __From="655" __To="664"/>
      <annotation Category="MonthName" __Id="347" __Class="Field" __From="658" __To="664"/>
      <annotation Category="Dur" Value="P2Y-More" __Id="350" __Class="TE" __From="915" __To="928"/>
      <annotation Category="Day" __Id="353" __Class="Field" __From="1011" __To="1011"/>
      <annotation Category="Date" Value="2016-08-09" __Id="354" __Class="TE" __From="1011" __To="1019"/>
      <annotation Category="MonthName" __Id="355" __Class="Field" __From="1013" __To="1019"/>
      <annotation Category="Day" __Id="359" __Class="Field" __From="1263" __To="1264"/>
      <annotation Category="Date" Value="2016-07-31" __Id="360" __Class="TE" __From="1263" __To="1269"/>
      <annotation Category="MonthName" __Id="361" __Class="Field" __From="1266" __To="1269"/>
      <annotation Category="MonthName" __Id="365" __Class="Field" __From="1607" __To="1611"/>
      <annotation Category="Date" Value="2016-03" __Id="367" __Class="TE" __From="1607" __To="1611"/>
      <annotation Category="Year" __Id="369" __Class="Field" __From="1682" __To="1690"/>
      <annotation Category="Date" Value="2014" __Id="370" __Class="TE" __From="1682" __To="1690"/>
    </annotations>
    <relations>
    </relations>
  </document>
</xml>
