<xml generator="AnnotationTools" target="public" format-version="1">
  <document>
    <text>
      <raw> 2013-01-24    Путину предложат новые способы борьбы с офшорами  Рабочая группа РАН подготовит для президента Владимира Путина доклад о способах вывода российской экономики из офшорных зон. Об этом пишет газета «РБК daily», которая ознакомилась с документом.    Доклад содержит несколько основных шагов. Академики предлагают заключить с офшорами соглашения об обмене налоговой информацией и законодательно запретить регистрацию российских компаний в тех юрисдикциях, с которыми таких соглашений нет.    Президенту будет предложено расторгнуть имею щиеся соглашения об избежании двойного налого обложения с офшорами. Академики РАН также считают необходимым заставить компании с госучастием спрашивать разрешения у государства на сделки с офшорами.    Кроме того, конечным владельцам российских системообразующих предприятий будет предписано регистрировать свои права на собственность в отечественных регистраторах.    Это не первый пакет мер, разработанный профильными ведомствами или экспертами за последний год. Так, в апреле прошлого года ФНС предлагала ввести специальный налог, которым бы облагались прибыли офшорных компаний.    За месяц до этого свой план борьбы с офшорами представил Росфинмониторинг. Ведомство предлагало разрешить государственным органам до суда менять квалификации сделок и доначислять налоги, которые не приписывает себе предприниматель. Кроме того, если чиновники решат, что та или иная фирма использует «подставных» партнеров, они смогут переписать на компанию налоги якобы несуществующих контрагентов.    Сам Владимир Путин во время своей предвыборной кампании называл деофшоризацию российской экономики одной из своих ключевых задач.    Предполагается, что доклад РАН будет представлен президенту весной текущего года. 21 января Forbes писал о других предложениях, которые также должны войти в документ. Ученые РАН намерены предложить Путину меры, направленные на противодействие массовой скупке российских активов иностранными компаниями в случае падения цен на нефть.    Для этого ученые считают нужным ввести налог на операции с иностранной валютой (налог Тобина), что позволит ограничить спекулятивные операции, разделить банки на коммерческие и инвестиционные и ввести стопроцентное резервирование депозитов в организациях, осуществляющих платежи. Взамен российские банки должны получить дешевое финансирование от ЦБ.    https://lenta.ru/news/2013/01/24/ran/</raw>
      <annotated> <DocCreationTime DayOfWeek="2013-W04-4"><TE Category="Date" Value="2013-01-24">2013-01-24</TE></DocCreationTime>    Путину предложат новые способы борьбы с офшорами  Рабочая группа РАН подготовит для президента Владимира Путина доклад о способах вывода российской экономики из офшорных зон. Об этом пишет газета «РБК daily», которая ознакомилась с документом.    Доклад содержит несколько основных шагов. Академики предлагают заключить с офшорами соглашения об обмене налоговой информацией и законодательно запретить регистрацию российских компаний в тех юрисдикциях, с которыми таких соглашений нет.    Президенту будет предложено расторгнуть имею щиеся соглашения об избежании двойного налого обложения с офшорами. Академики РАН также считают необходимым заставить компании с госучастием спрашивать разрешения у государства на сделки с офшорами.    Кроме того, конечным владельцам российских системообразующих предприятий будет предписано регистрировать свои права на собственность в отечественных регистраторах.    Это не первый пакет мер, разработанный профильными ведомствами или экспертами за последний <TE Category="Dur" Value="P1Y">год</TE>. Так, в <TE Category="Date" Value="2012-04"><Field Category="MonthName">апреле</Field> <Anchored To="DCT" U_Class="1-D"><Field Category="Year">прошлого года</Field></Anchored></TE> ФНС предлагала ввести специальный налог, которым бы облагались прибыли офшорных компаний.    <Anchored To="Text" U_Class="7-A"><TE Category="ShiftExp" Formula="BEFORE,Dur,Anchor">За <TE Category="Dur" Value="P1M">месяц</TE></TE></Anchored> до <TE Category="Event">этого</TE> свой план борьбы с офшорами представил Росфинмониторинг. Ведомство предлагало разрешить государственным органам до суда менять квалификации сделок и доначислять налоги, которые не приписывает себе предприниматель. Кроме того, если чиновники решат, что та или иная фирма использует «подставных» партнеров, они смогут переписать на компанию налоги якобы несуществующих контрагентов.    Сам Владимир Путин во время своей предвыборной кампании называл деофшоризацию российской экономики одной из своих ключевых задач.    Предполагается, что доклад РАН будет представлен президенту <TE Category="Date" Value="2013-SP"><Field Category="Season">весной</Field> <Anchored To="DCT" U_Class="1-D"><Field Category="Year">текущего года</Field></Anchored></TE>. <TE Category="Date" Value="2013-01-21"><Field Category="Day">21</Field> <Field Category="MonthName"><Restored Through="DCT" U_Class="4">января</Restored></Field></TE> Forbes писал о других предложениях, которые также должны войти в документ. Ученые РАН намерены предложить Путину меры, направленные на противодействие массовой скупке российских активов иностранными компаниями в случае падения цен на нефть.    Для этого ученые считают нужным ввести налог на операции с иностранной валютой (налог Тобина), что позволит ограничить спекулятивные операции, разделить банки на коммерческие и инвестиционные и ввести стопроцентное резервирование депозитов в организациях, осуществляющих платежи. Взамен российские банки должны получить дешевое финансирование от ЦБ.    https://lenta.ru/news/2013/01/24/ran/</annotated>
    </text>
    <annotations>
      <annotation DayOfWeek="2013-W04-4" __Id="392" __Class="DocCreationTime" __From="1" __To="10"/>
      <annotation Category="Date" Value="2013-01-24" __Id="393" __Class="TE" __From="1" __To="10"/>
      <annotation Category="Dur" Value="P1Y" __Id="403" __Class="TE" __From="1008" __To="1010"/>
      <annotation Category="MonthName" __Id="405" __Class="Field" __From="1020" __To="1025"/>
      <annotation Category="Date" Value="2012-04" __Id="406" __Class="TE" __From="1020" __To="1039"/>
      <annotation To="DCT" U_Class="1-D" __Id="407" __Class="Anchored" __From="1027" __To="1039"/>
      <annotation Category="Year" __Id="408" __Class="Field" __From="1027" __To="1039"/>
      <annotation To="Text" U_Class="7-A" __Id="410" __Class="Anchored" __From="1134" __To="1141"/>
      <annotation Category="ShiftExp" Formula="BEFORE,Dur,Anchor" __Id="411" __Class="TE" __From="1134" __To="1141"/>
      <annotation Category="Dur" Value="P1M" __Id="412" __Class="TE" __From="1137" __To="1141"/>
      <annotation Category="Event" __Id="413" __Class="TE" __From="1146" __To="1150"/>
      <annotation Category="Season" __Id="418" __Class="Field" __From="1729" __To="1734"/>
      <annotation Category="Date" Value="2013-SP" __Id="419" __Class="TE" __From="1729" __To="1748"/>
      <annotation To="DCT" U_Class="1-D" __Id="420" __Class="Anchored" __From="1736" __To="1748"/>
      <annotation Category="Year" __Id="421" __Class="Field" __From="1736" __To="1748"/>
      <annotation Category="Day" __Id="422" __Class="Field" __From="1751" __To="1752"/>
      <annotation Category="Date" Value="2013-01-21" __Id="424" __Class="TE" __From="1751" __To="1759"/>
      <annotation Category="MonthName" __Id="425" __Class="Field" __From="1754" __To="1759"/>
      <annotation Through="DCT" U_Class="4" __Id="426" __Class="Restored" __From="1754" __To="1759"/>
    </annotations>
    <relations>
      <relation __Id="0" __Class="AnchoredTo"><from><annotation __Id="411"/></from><to><annotation __Id="413"/></to></relation>
    </relations>
  </document>
</xml>
