<xml generator="AnnotationTools" format="public" version="1">
  <document>
    <text>
      <raw> 2016-04-06    Мик Джаггер одобрил выход Великобритании из Евросоюза    Британский рок-музыкант, вокалист группы The Rolling Stones Мик Джаггер положительно высказался о перспективе выхода Великобритании из Европейского союза, сообщает NME. Референдум о членстве страны в ЕС пройдет 23 июня.    «Не уверен, что Дэвид Кэмерон захотел бы проводить этот референдум, спроси это у него сегодня. Лично я считаю, что в краткосрочной перспективе выход из ЕС будет для страны вредным, но в долгосрочной — лет 25 — это может принести много хорошего», — сказал Джаггер.    Мик Джаггер известен не только как музыкант, но и как опытный бизнесмен. Взяв в 1970-х годах управление финансами The Rolling Stones в свои руки, он превратил группу в один из богатейших коллективов в мире. Личное богатство певца оценивается в 305 миллионов долларов.    В 2015 году политический консультант Консервативной партии Великобритании Джим Мессина назвал Джаггера одним из самых здравых политических обозревателей. Музыкант предсказал неожиданную победу консерваторов на парламентских выборах в мае 2015 года.    В начале февраля 2016 года Брюссель представил Великобритании проект реформ ЕС. 19 февраля все стороны его одобрили. Лондону, в частности, позволят сохранить контроль над валютой и самостоятельно регулировать политику в отношении мигрантов.    В мае 2015-го премьер-министр Великобритании Дэвид Кэмерон пообещал до конца 2017 года провести референдум по вопросу членства Соединенного Королевства в Евросоюзе. Сам он выступает за сохранение страны в составе ЕС, но при условии значительного реформирования этого объединения.    https://lenta.ru/news/2016/04/06/mj/</raw>
      <annotated> <DocCreationTime DayOfWeek="2016-W14-3"><TE Category="Date" Value="2016-04-06">2016-04-06</TE></DocCreationTime>    Мик Джаггер одобрил выход Великобритании из Евросоюза    Британский рок-музыкант, вокалист группы The Rolling Stones Мик Джаггер положительно высказался о перспективе выхода Великобритании из Европейского союза, сообщает NME. Референдум о членстве страны в ЕС пройдет <TE Category="Date" Value="2016-06-23"><Field Category="Day">23</Field> <Field Category="MonthName">июня</Field></TE>.    «Не уверен, что Дэвид Кэмерон захотел бы проводить этот референдум, спроси это у него <Field Category="Day">сегодня</Field>. Лично я считаю, что в краткосрочной перспективе выход из ЕС будет для страны вредным, но в долгосрочной — <TE Category="Dur" Value="P25Y-Approx">лет 25</TE> — это может принести много хорошего», — сказал Джаггер.    Мик Джаггер известен не только как музыкант, но и как опытный бизнесмен. Взяв в <Field Category="YearsX0"><TE Category="Date" Value="197">1970-х годах</TE></Field> управление финансами The Rolling Stones в свои руки, он превратил группу в один из богатейших коллективов в мире. Личное богатство певца оценивается в 305 миллионов долларов.    В <Field Category="Year"><TE Category="Date" Value="2015">2015 году</TE></Field> политический консультант Консервативной партии Великобритании Джим Мессина назвал Джаггера одним из самых здравых политических обозревателей. Музыкант предсказал неожиданную победу консерваторов на парламентских выборах в <TE Category="Date" Value="2015-05"><Field Category="MonthName">мае</Field> <Field Category="Year">2015 года</Field></TE>.    В <TE Category="Date" Value="2016-02-START"><Field Category="Phase">начале</Field> <Field Category="MonthName">февраля</Field> <Field Category="Year">2016 года</Field></TE> Брюссель представил Великобритании проект реформ ЕС. <TE Category="Date" Value="2016-02-19"><Field Category="Day">19</Field> <Field Category="MonthName">февраля</Field></TE> все стороны его одобрили. Лондону, в частности, позволят сохранить контроль над валютой и самостоятельно регулировать политику в отношении мигрантов.    В <TE Category="Date" Value="2015-05"><Field Category="MonthName">мае</Field> <Field Category="Year">2015-го</Field></TE> премьер-министр Великобритании Дэвид Кэмерон пообещал до <TE Category="Date" Value="2017-END"><Field Category="Phase">конца</Field> <Field Category="Year">2017 года</Field></TE> провести референдум по вопросу членства Соединенного Королевства в Евросоюзе. Сам он выступает за сохранение страны в составе ЕС, но при условии значительного реформирования этого объединения.    https://lenta.ru/news/2016/04/06/mj/</annotated>
    </text>
<!-- NOTE: Annotation boundaries below corresponds to text without XHTML-entities encoding. -->
    <annotations>
      <annotation DayOfWeek="2016-W14-3" __Id="303" __Class="DocCreationTime" __From="1" __To="10"/>
      <annotation Category="Date" Value="2016-04-06" __Id="304" __Class="TE" __From="1" __To="10"/>
      <annotation Category="Day" __Id="308" __Class="Field" __From="283" __To="284"/>
      <annotation Category="Date" Value="2016-06-23" __Id="309" __Class="TE" __From="283" __To="289"/>
      <annotation Category="MonthName" __Id="310" __Class="Field" __From="286" __To="289"/>
      <annotation Category="Day" __Id="314" __Class="Field" __From="381" __To="387"/>
      <annotation Category="Dur" Value="P25Y-Approx" __Id="316" __Class="TE" __From="496" __To="501"/>
      <annotation Category="YearsX0" __Id="319" __Class="Field" __From="642" __To="653"/>
      <annotation Category="Date" Value="197" __Id="320" __Class="TE" __From="642" __To="653"/>
      <annotation Category="Year" __Id="323" __Class="Field" __From="835" __To="843"/>
      <annotation Category="Date" Value="2015" __Id="324" __Class="TE" __From="835" __To="843"/>
      <annotation Category="MonthName" __Id="326" __Class="Field" __From="1067" __To="1069"/>
      <annotation Category="Date" Value="2015-05" __Id="327" __Class="TE" __From="1067" __To="1079"/>
      <annotation Category="Year" __Id="328" __Class="Field" __From="1071" __To="1079"/>
      <annotation Category="Phase" __Id="330" __Class="Field" __From="1087" __To="1092"/>
      <annotation Category="Date" Value="2016-02-START" __Id="331" __Class="TE" __From="1087" __To="1110"/>
      <annotation Category="MonthName" __Id="332" __Class="Field" __From="1094" __To="1100"/>
      <annotation Category="Year" __Id="333" __Class="Field" __From="1102" __To="1110"/>
      <annotation Category="Day" __Id="334" __Class="Field" __From="1165" __To="1166"/>
      <annotation Category="Date" Value="2016-02-19" __Id="336" __Class="TE" __From="1165" __To="1174"/>
      <annotation Category="MonthName" __Id="337" __Class="Field" __From="1168" __To="1174"/>
      <annotation Category="MonthName" __Id="341" __Class="Field" __From="1331" __To="1333"/>
      <annotation Category="Date" Value="2015-05" __Id="342" __Class="TE" __From="1331" __To="1341"/>
      <annotation Category="Year" __Id="343" __Class="Field" __From="1335" __To="1341"/>
      <annotation Category="Phase" __Id="344" __Class="Field" __From="1400" __To="1404"/>
      <annotation Category="Date" Value="2017-END" __Id="345" __Class="TE" __From="1400" __To="1414"/>
      <annotation Category="Year" __Id="346" __Class="Field" __From="1406" __To="1414"/>
    </annotations>
    <relations>
    </relations>
  </document>
</xml>
