<xml generator="AnnotationTools" format="public" version="1">
  <document>
    <text>
      <raw> 2018-11-19  Нетаньяху стал министром обороны Израиля    Премьер-министр Израиля Биньямин Нетаньяху вступил в должность министра обороны страны. Об этом сообщает ТАСС.    «Впервые я вступаю в должность министра обороны и знаю, что делаю это, когда есть много критики в адрес политики государства в области безопасности», — сказал он в своем телеобращении.    Нетаньяху объяснил, что из-за ситуации в области безопасности страны не стоит проводить досрочные выборы и «разваливать правительство». Он также выразил надежду, что коалиционные партнеры «проявят ответственность и не будут добиваться отставки правительства».    Предыдущий министр обороны Израиля Авигдор Либерман объявил о своем уходе в отставку 14 ноября. Таким образом он выразил протест против прекращения боевых действий в отношении палестинских боевиков в секторе Газа. Либерман также призвал как можно скорее провести в стране досрочные парламентские выборы.    Конфликт на границе сектора Газа обострился в марте 2018 года, когда мирный протест, приуроченный ко дню Накба — исходу с территории, где в 1948 году было создано Государство Израиль, — перерос в массовые беспорядки и столкновения протестующих с израильскими войсками. Протесты ожесточились в связи с открытием 14 мая посольства США в Иерусалиме. 12 ноября израильские ВВС начали удары по сектору Газа в ответ на ракетные удары.    Движение ХАМАС основано в 1987 году и признано террористической организацией Израилем, Канадой, США и Японией, а также запрещено в Иордании и Египте. С 2007-го организация контролирует сектор Газа.</raw>
      <annotated> <DocCreationTime DayOfWeek="2018-W47-1"><TE Category="Date" Value="2018-11-19">2018-11-19</TE></DocCreationTime>  Нетаньяху стал министром обороны Израиля    Премьер-министр Израиля Биньямин Нетаньяху вступил в должность министра обороны страны. Об этом сообщает ТАСС.    «Впервые я вступаю в должность министра обороны и знаю, что делаю это, когда есть много критики в адрес политики государства в области безопасности», — сказал он в своем телеобращении.    Нетаньяху объяснил, что из-за ситуации в области безопасности страны не стоит проводить досрочные выборы и «разваливать правительство». Он также выразил надежду, что коалиционные партнеры «проявят ответственность и не будут добиваться отставки правительства».    Предыдущий министр обороны Израиля Авигдор Либерман объявил о своем уходе в отставку <TE Category="Date" Value="2018-11-14"><Field Category="Day">14</Field> <Field Category="MonthName">ноября</Field></TE>. Таким образом он выразил протест против прекращения боевых действий в отношении палестинских боевиков в секторе Газа. Либерман также призвал как можно скорее провести в стране досрочные парламентские выборы.    Конфликт на границе сектора Газа обострился в <TE Category="Date" Value="2018-03"><Field Category="MonthName">марте</Field> <Field Category="Year">2018 года</Field></TE>, когда мирный протест, приуроченный ко дню Накба — исходу с территории, где в <Field Category="Year"><TE Category="Date" Value="1948">1948 году</TE></Field> было создано Государство Израиль, — перерос в массовые беспорядки и столкновения протестующих с израильскими войсками. Протесты ожесточились в связи с открытием <TE Category="Date" Value="2018-05-14"><Field Category="Day">14</Field> <Field Category="MonthName">мая</Field></TE> посольства США в Иерусалиме. <TE Category="Date" Value="2018-11-12"><Field Category="Day">12</Field> <Field Category="MonthName">ноября</Field></TE> израильские ВВС начали удары по сектору Газа в ответ на ракетные удары.    Движение ХАМАС основано в <Field Category="Year"><TE Category="Date" Value="1987">1987 году</TE></Field> и признано террористической организацией Израилем, Канадой, США и Японией, а также запрещено в Иордании и Египте. С <Field Category="Year"><TE Category="Date" Value="2007">2007-го</TE></Field> организация контролирует сектор Газа.</annotated>
    </text>
<!-- NOTE: Annotation boundaries below corresponds to text without XHTML-entities encoding. -->
    <annotations>
      <annotation DayOfWeek="2018-W47-1" __Id="278" __Class="DocCreationTime" __From="1" __To="10"/>
      <annotation Category="Date" Value="2018-11-19" __Id="279" __Class="TE" __From="1" __To="10"/>
      <annotation Category="Day" __Id="287" __Class="Field" __From="707" __To="708"/>
      <annotation Category="Date" Value="2018-11-14" __Id="288" __Class="TE" __From="707" __To="715"/>
      <annotation Category="MonthName" __Id="289" __Class="Field" __From="710" __To="715"/>
      <annotation Category="MonthName" __Id="294" __Class="Field" __From="975" __To="979"/>
      <annotation Category="Date" Value="2018-03" __Id="295" __Class="TE" __From="975" __To="989"/>
      <annotation Category="Year" __Id="296" __Class="Field" __From="981" __To="989"/>
      <annotation Category="Year" __Id="297" __Class="Field" __From="1069" __To="1077"/>
      <annotation Category="Date" Value="1948" __Id="298" __Class="TE" __From="1069" __To="1077"/>
      <annotation Category="Day" __Id="300" __Class="Field" __From="1240" __To="1241"/>
      <annotation Category="Date" Value="2018-05-14" __Id="301" __Class="TE" __From="1240" __To="1245"/>
      <annotation Category="MonthName" __Id="302" __Class="Field" __From="1243" __To="1245"/>
      <annotation Category="Day" __Id="304" __Class="Field" __From="1276" __To="1277"/>
      <annotation Category="Date" Value="2018-11-12" __Id="306" __Class="TE" __From="1276" __To="1284"/>
      <annotation Category="MonthName" __Id="307" __Class="Field" __From="1279" __To="1284"/>
      <annotation Category="Year" __Id="310" __Class="Field" __From="1387" __To="1395"/>
      <annotation Category="Date" Value="1987" __Id="311" __Class="TE" __From="1387" __To="1395"/>
      <annotation Category="Year" __Id="313" __Class="Field" __From="1513" __To="1519"/>
      <annotation Category="Date" Value="2007" __Id="314" __Class="TE" __From="1513" __To="1519"/>
    </annotations>
    <relations>
      <relation __Id="0" __Class="AnchoredTo"><from><annotation __Id="301"/></from><to><annotation __Id="295"/></to></relation>
    </relations>
  </document>
</xml>
