<xml generator="AnnotationTools" format-version="1">
  <document>
    <text>
      <raw> 2018-05-29    Китай уличили в разработке ядерного оружия нового поколения    В период с сентября 2014-го по декабрь 2017-го КНР провела около 200 испытаний, имитирующих ядерный взрыв, опережая по этому показателю США, что указывает на разработку Поднебесной оружия нового поколения, пишет South China Morning Post.    Издание, ссылаясь на доклад Китайской академии инженерной физики, выпущенный в начале 2018-го, отмечает, что за последние три года КНР провела больше имитаций ядерных взрывов (в среднем пять в месяц), чем США за последние 15 лет (150 тестов — примерно по 10 в год). Подобные тесты, проводимые в лаборатории, предполагают использование мощных газовых пушек, обстреливающих специально подготовленные цели.    Китайский эксперт Ван Чуаньбинь полагает, что таким образом КНР пытается сократить отставание от США в ядерных технологиях. Его коллега Ло Гоцян отмечает, что в ряде областей Китай уже превзошел Соединенные Штаты. «Частично причиной преимущества является технический прорыв, частично — дополнительное финансирование от правительства», — сказал эксперт.    Имитация ядерных взрывов предполагает использование водородной пушки, которая разгоняет (до скорости 30 тысяч километров в час) многослойный снаряд (из металла и пластика). Последний, сталкиваясь с плутониевой целью, вызывает химическую реакцию, фактически воспроизводящую условия ядерного взрыва (соответствующие температуры, давления и ударные волны).    По словам Ло, в настоящее время китайские разработки, касающиеся технологии изготовления снаряда, превосходят американские. Издание отмечает, что такие работы особенно актуальны при создании высокоточных гиперзвуковых ракет, рассчитанных на перенос маломощных ядерных боеголовок.    Последний американский «Обзор ядерной политики» предусматривает разработку США ядерных боезарядов пониженной мощности (W76 или W88 для баллистических ракет Trident II D5 атомных подводных лодках). Это должно стать ответом на разработки России и Китая.    В частности, в США полагают, что Россия до 2026 года запланировала увеличение числа ядерных боеголовок с семи до восьми тысяч за счет маломощных (от десяти до тысячи тонн в тротиловом эквиваленте) тактических ядерных боезарядов нового поколения, предназначенных для оснащения высокоточных крылатых ракет и космических спутников.    https://lenta.ru/news/2018/05/29/cnw/</raw>
      <annotated> <DocCreationTime><TE>2018-05-29</TE></DocCreationTime>    Китай уличили в разработке ядерного оружия нового поколения    В период с <TE><Field Category="MonthName">сентября</Field> <Field Category="Year">2014-го</Field></TE> по <TE><Field Category="MonthName">декабрь</Field> <Field Category="Year">2017-го</Field></TE> КНР провела около 200 испытаний, имитирующих ядерный взрыв, опережая по этому показателю США, что указывает на разработку Поднебесной оружия нового поколения, пишет South China Morning Post.    Издание, ссылаясь на доклад Китайской академии инженерной физики, выпущенный в <TE><Field Category="Phase">начале</Field> <Field Category="Year">2018-го</Field></TE>, отмечает, что за последние <TE>три года</TE> КНР провела больше имитаций ядерных взрывов (в среднем пять в месяц), чем США за последние <TE>15 лет</TE> (150 тестов — примерно по 10 в год). Подобные тесты, проводимые в лаборатории, предполагают использование мощных газовых пушек, обстреливающих специально подготовленные цели.    Китайский эксперт Ван Чуаньбинь полагает, что таким образом КНР пытается сократить отставание от США в ядерных технологиях. Его коллега Ло Гоцян отмечает, что в ряде областей Китай уже превзошел Соединенные Штаты. «Частично причиной преимущества является технический прорыв, частично — дополнительное финансирование от правительства», — сказал эксперт.    Имитация ядерных взрывов предполагает использование водородной пушки, которая разгоняет (до скорости 30 тысяч километров в час) многослойный снаряд (из металла и пластика). Последний, сталкиваясь с плутониевой целью, вызывает химическую реакцию, фактически воспроизводящую условия ядерного взрыва (соответствующие температуры, давления и ударные волны).    По словам Ло, в настоящее время китайские разработки, касающиеся технологии изготовления снаряда, превосходят американские. Издание отмечает, что такие работы особенно актуальны при создании высокоточных гиперзвуковых ракет, рассчитанных на перенос маломощных ядерных боеголовок.    Последний американский «Обзор ядерной политики» предусматривает разработку США ядерных боезарядов пониженной мощности (W76 или W88 для баллистических ракет Trident II D5 атомных подводных лодках). Это должно стать ответом на разработки России и Китая.    В частности, в США полагают, что Россия до <Field Category="Year"><TE>2026 года</TE></Field> запланировала увеличение числа ядерных боеголовок с семи до восьми тысяч за счет маломощных (от десяти до тысячи тонн в тротиловом эквиваленте) тактических ядерных боезарядов нового поколения, предназначенных для оснащения высокоточных крылатых ракет и космических спутников.    https://lenta.ru/news/2018/05/29/cnw/</annotated>
    </text>
    <annotations>
      <annotation DayOfWeek="2018-W22-2" __Id="415" __Class="DocCreationTime" __From="1" __To="10"/>
      <annotation Category="Date" Value="2018-05-29" __Id="416" __Class="TE" __From="1" __To="10"/>
      <annotation Category="MonthName" __Id="419" __Class="Field" __From="89" __To="96"/>
      <annotation Category="Date" Value="2014-09" __Id="420" __Class="TE" __From="89" __To="104"/>
      <annotation Category="Year" __Id="421" __Class="Field" __From="98" __To="104"/>
      <annotation Category="MonthName" __Id="422" __Class="Field" __From="109" __To="115"/>
      <annotation Category="Date" Value="2017-12" __Id="423" __Class="TE" __From="109" __To="123"/>
      <annotation Category="Year" __Id="424" __Class="Field" __From="117" __To="123"/>
      <annotation Category="Phase" __Id="426" __Class="Field" __From="398" __To="403"/>
      <annotation Category="Date" Value="2018-START" __Id="427" __Class="TE" __From="398" __To="411"/>
      <annotation Category="Year" __Id="428" __Class="Field" __From="405" __To="411"/>
      <annotation Category="Dur" Value="P3Y" __Id="429" __Class="TE" __From="441" __To="448"/>
      <annotation Category="Dur" Value="P15Y" __Id="430" __Class="TE" __From="541" __To="546"/>
      <annotation Category="Year" __Id="442" __Class="Field" __From="2020" __To="2028"/>
      <annotation Category="Date" Value="2026" __Id="443" __Class="TE" __From="2020" __To="2028"/>
    </annotations>
    <relations>
    </relations>
  </document>
</xml>
