<xml generator="AnnotationTools" format-version="1">
  <document>
    <text>
      <raw> 2016-04-06    «Ашан» начнет поставлять в Италию российские товары    Ретейлер «Ашан» в ближайшие месяцы начнет поставки произведенного в России продовольствия под собственными торговыми марками в Италию. Об этом сообщила ТАСС руководитель по внешним коммуникациям «Ашан Россия» Мария Курносова.    «Италия проявила интерес к сладкой бакалее под нашими брендами &quot;Сладкий остров&quot; и &quot;Каждый день&quot;, и в течение ближайших месяцев мы планируем начать отгрузки в итальянские магазины &quot;Ашан&quot;», — сказала она. Точные сроки, объемы поставок и цены пока согласовываются.    В дальнейшем, по словам представителя ретейлера, не исключено расширение географии экспорта. «Многие товары привлекли внимание наших иностранных партнеров, в том числе печень трески вызвала интерес у наших партнеров из Франции», — сообщила Курносова.    Под брендами «Ашана» в России работают 370 локальных предприятий, производится 2,6 тысячи наименований товаров, рассказала она. В течение двух лет планируется практически удвоить объемы производства до 5,3 тысячи.    Днем ранее, 5 апреля, шведская торговая сеть IKEA заявила об открытии в России производства своей продукции, часть из которой будет поставляться за рубеж.    «Ашан» (Auchan) — один из крупнейших в мире ретейлеров, основанный в 1961 году во Франции. Торговая сеть насчитывает более 1,7 тысячи супер- и гипермаркетов в 15 странах. В России компания работает с 2002 года.    https://lenta.ru/news/2016/04/06/auchan/</raw>
      <annotated> <DocCreationTime DayOfWeek="2016-W14-3"><TE Category="Date" Value="2016-04-06">2016-04-06</TE></DocCreationTime>    «Ашан» начнет поставлять в Италию российские товары    Ретейлер «Ашан» в ближайшие <TE Category="Dur" Value="PxM">месяцы</TE> начнет поставки произведенного в России продовольствия под собственными торговыми марками в Италию. Об этом сообщила ТАСС руководитель по внешним коммуникациям «Ашан Россия» Мария Курносова.    «Италия проявила интерес к сладкой бакалее под нашими брендами &quot;Сладкий остров&quot; и &quot;Каждый день&quot;, и в течение ближайших <TE Category="Dur" Value="PxM">месяцев</TE> мы планируем начать отгрузки в итальянские магазины &quot;Ашан&quot;», — сказала она. Точные сроки, объемы поставок и цены пока согласовываются.    В дальнейшем, по словам представителя ретейлера, не исключено расширение географии экспорта. «Многие товары привлекли внимание наших иностранных партнеров, в том числе печень трески вызвала интерес у наших партнеров из Франции», — сообщила Курносова.    Под брендами «Ашана» в России работают 370 локальных предприятий, производится 2,6 тысячи наименований товаров, рассказала она. В течение <TE Category="Dur" Value="P2Y">двух лет</TE> планируется практически удвоить объемы производства до 5,3 тысячи.    <Anchored To="Text" U_Class="7-A"><TE Category="ShiftExp" Formula="BEFORE,Dur,DCT"><TE Category="Dur" Value="P1D">Днем</TE> ранее</TE></Anchored>, <TE Category="Date" Value="2016-04-05"><Field Category="Day">5</Field> <Field Category="MonthName"><Restored Through="DCT" U_Class="4">апреля</Restored></Field></TE>, шведская торговая сеть IKEA заявила об открытии в России производства своей продукции, часть из которой будет поставляться за рубеж.    «Ашан» (Auchan) — один из крупнейших в мире ретейлеров, основанный в <Field Category="Year"><TE Category="Date" Value="1961">1961 году</TE></Field> во Франции. Торговая сеть насчитывает более 1,7 тысячи супер- и гипермаркетов в 15 странах. В России компания работает с <Field Category="Year"><TE Category="Date" Value="2002">2002 года</TE></Field>.    https://lenta.ru/news/2016/04/06/auchan/</annotated>
    </text>
    <annotations>
      <annotation DayOfWeek="2016-W14-3" __Id="294" __Class="DocCreationTime" __From="1" __To="10"/>
      <annotation Category="Date" Value="2016-04-06" __Id="295" __Class="TE" __From="1" __To="10"/>
      <annotation Category="Dur" Value="PxM" __Id="298" __Class="TE" __From="98" __To="103"/>
      <annotation Category="Dur" Value="PxM" __Id="301" __Class="TE" __From="438" __To="444"/>
      <annotation Category="Dur" Value="P2Y" __Id="307" __Class="TE" __From="986" __To="993"/>
      <annotation To="Text" U_Class="7-A" __Id="309" __Class="Anchored" __From="1065" __To="1074"/>
      <annotation Category="ShiftExp" Formula="BEFORE,Dur,DCT" __Id="310" __Class="TE" __From="1065" __To="1074"/>
      <annotation Category="Dur" Value="P1D" __Id="311" __Class="TE" __From="1065" __To="1068"/>
      <annotation Category="Day" __Id="312" __Class="Field" __From="1077" __To="1077"/>
      <annotation Category="Date" Value="2016-04-05" __Id="313" __Class="TE" __From="1077" __To="1084"/>
      <annotation Category="MonthName" __Id="314" __Class="Field" __From="1079" __To="1084"/>
      <annotation Through="DCT" U_Class="4" __Id="315" __Class="Restored" __From="1079" __To="1084"/>
      <annotation Category="Year" __Id="317" __Class="Field" __From="1292" __To="1300"/>
      <annotation Category="Date" Value="1961" __Id="318" __Class="TE" __From="1292" __To="1300"/>
      <annotation Category="Year" __Id="321" __Class="Field" __From="1423" __To="1431"/>
      <annotation Category="Date" Value="2002" __Id="322" __Class="TE" __From="1423" __To="1431"/>
    </annotations>
    <relations>
    </relations>
  </document>
</xml>
