<xml generator="AnnotationTools" format-version="1">
  <document>
    <text>
      <raw> ¶2018-09-26    ¶Министерство обороны Японии ускоренными темпами разрабатывает сверхзвуковые планирующие бомбы, предназначенные для поражения целей на больших расстояниях. Как сообщает в среду газета The Japan Times, их предполагается поставить на вооружение в 2026 году - на семь лет раньше, чем планировалось.    ¶Планирующая бомба будет запускаться как головная часть ракеты и станет отделяться от нее на большой высоте. К цели бомба будет приближаться со сверхзвуковой скоростью, что крайне затруднит ее перехват, считают в японском военном ведомстве.    ¶Запускаться ракеты с планирующими бомбами будут с мобильных наземных установок. Дальность их действия пока не приводится, однако, по данным газеты, она будет очень большой. Это позволяет использовать такие вооружения фактически как наступательные, что вступает в противоречие с мирными положениями конституции Японии, отмечает газета.    ¶Пусковые установки с планирующими бомбами в первую очередь предполагается разместить на островах в Восточно-Китайском море. Токио не исключает в этой связи конфликта с Пекином, который претендует на расположенный в этом районе архипелаг Сенкаку (Дяоюйдао), находящийся сейчас под контролем Японии. Помимо планирующих бомб, Токио начинает также разработку собственной сверхзвуковой крылатой ракеты, которая была бы малозаметна для радаров возможного противника.    ¶https://tass.ru/mezhdunarodnaya-panorama/5604885</raw>
      <annotated> ¶<DocCreationTime><TE>2018-09-26</TE></DocCreationTime>    ¶Министерство обороны Японии ускоренными темпами разрабатывает сверхзвуковые планирующие бомбы, предназначенные для поражения целей на больших расстояниях. Как сообщает в <Field Category="DayOfWeek"><Restored Through="DCT"><TE>среду</TE></Restored></Field> газета The Japan Times, их предполагается поставить на вооружение в <Field Category="Year"><TE>2026 году</TE></Field> - <Anchored To="Text"><TE>на <TE>семь лет</TE> раньше</TE></Anchored>, чем планировалось.    ¶Планирующая бомба будет запускаться как головная часть ракеты и станет отделяться от нее на большой высоте. К цели бомба будет приближаться со сверхзвуковой скоростью, что крайне затруднит ее перехват, считают в японском военном ведомстве.    ¶Запускаться ракеты с планирующими бомбами будут с мобильных наземных установок. Дальность их действия пока не приводится, однако, по данным газеты, она будет очень большой. Это позволяет использовать такие вооружения фактически как наступательные, что вступает в противоречие с мирными положениями конституции Японии, отмечает газета.    ¶Пусковые установки с планирующими бомбами в первую очередь предполагается разместить на островах в Восточно-Китайском море. Токио не исключает в этой связи конфликта с Пекином, который претендует на расположенный в этом районе архипелаг Сенкаку (Дяоюйдао), находящийся сейчас под контролем Японии. Помимо планирующих бомб, Токио начинает также разработку собственной сверхзвуковой крылатой ракеты, которая была бы малозаметна для радаров возможного противника.    ¶https://tass.ru/mezhdunarodnaya-panorama/5604885</annotated>
    </text>
    <annotations>
      <annotation DayOfWeek="2018-W39-3" __Id="235" __Class="DocCreationTime" __From="2" __To="11"/>
      <annotation Category="Date" Value="2018-09-26" __Id="236" __Class="TE" __From="2" __To="11"/>
      <annotation Category="DayOfWeek" __Id="239" __Class="Field" __From="187" __To="191"/>
      <annotation Through="DCT" U_Class="4" __Id="240" __Class="Restored" __From="187" __To="191"/>
      <annotation Category="Date" Value="2018-W39-3" __Id="241" __Class="TE" __From="187" __To="191"/>
      <annotation Category="Year" __Id="242" __Class="Field" __From="261" __To="269"/>
      <annotation Category="Date" Value="2026" __Id="243" __Class="TE" __From="261" __To="269"/>
      <annotation To="Text" U_Class="7-A" __Id="244" __Class="Anchored" __From="273" __To="290"/>
      <annotation Category="ShiftExp" Formula="BEFORE,Dur,Anchor" __Id="245" __Class="TE" __From="273" __To="290"/>
      <annotation Category="Dur" Value="P7Y" __Id="246" __Class="TE" __From="276" __To="283"/>
    </annotations>
    <relations>
    </relations>
  </document>
</xml>
