<xml generator="AnnotationTools" format-version="1">
  <document>
    <text>
      <raw> 2016-02-05     Махачкалинский аэропорт увеличил пассажиропоток на 99%    Пассажиропоток аэропорта Махачкалы в прошлом месяце года вырос на 99% по сравнению с аналогичным периодом прошлого года и достиг 72 тыс человек, рассказала помощник гендиректора аэропорта Имара Абумислимова.    При этом общий объем грузоперевозок через воздушную гавань поднялся на 10% и составил 143 т почты и груза. В общей сложности в январе было осуществлено 618 самолетовылетов, что также на 95% больше, чем год назад, пишет РИА &quot;Дагестан&quot;.    Напомним, международный аэропорт &quot;Махачкала&quot; – единственный аэропорт в Дагестане. Его пропускная способность на внутренних рейсах – 200 пассажиров в час, на международных – 60 пассажиров в час.</raw>
      <annotated> <DocCreationTime DayOfWeek="2016-W05-5"><TE Category="Date" Value="2016-02-05">2016-02-05</TE></DocCreationTime>     Махачкалинский аэропорт увеличил пассажиропоток на 99%    Пассажиропоток аэропорта Махачкалы в <TE Category="Date" Value="2016-01"><Anchored To="DCT" U_Class="1-D"><Field Category="Month">прошлом месяце</Field></Anchored> <Field Category="Year"><Restored Through="DCT" U_Class="6">года</Restored></Field></TE> вырос на 99% по сравнению с аналогичным периодом <Anchored To="DCT" U_Class="1-D"><Field Category="Year"><TE Category="Date" Value="2015">прошлого года</TE></Field></Anchored> и достиг 72 тыс человек, рассказала помощник гендиректора аэропорта Имара Абумислимова.    При этом общий объем грузоперевозок через воздушную гавань поднялся на 10% и составил 143 т почты и груза. В общей сложности в <Field Category="MonthName"><Restored Through="DCT" U_Class="4"><TE Category="Date" Value="2016-01">январе</TE></Restored></Field> было осуществлено 618 самолетовылетов, что также на 95% больше, чем <Anchored To="DCT" U_Class="7-D"><TE Category="ShiftExp" Formula="BEFORE,Dur,Anchor"><TE Category="Dur" Value="P1Y">год</TE> назад</TE></Anchored>, пишет РИА &quot;Дагестан&quot;.    Напомним, международный аэропорт &quot;Махачкала&quot; – единственный аэропорт в Дагестане. Его пропускная способность на внутренних рейсах – 200 пассажиров в час, на международных – 60 пассажиров в час.</annotated>
    </text>
    <annotations>
      <annotation DayOfWeek="2016-W05-5" __Id="136" __Class="DocCreationTime" __From="1" __To="10"/>
      <annotation Category="Date" Value="2016-02-05" __Id="137" __Class="TE" __From="1" __To="10"/>
      <annotation To="DCT" U_Class="1-D" __Id="140" __Class="Anchored" __From="111" __To="124"/>
      <annotation Category="Month" __Id="141" __Class="Field" __From="111" __To="124"/>
      <annotation Category="Date" Value="2016-01" __Id="142" __Class="TE" __From="111" __To="129"/>
      <annotation Category="Year" __Id="143" __Class="Field" __From="126" __To="129"/>
      <annotation Through="DCT" U_Class="6" __Id="144" __Class="Restored" __From="126" __To="129"/>
      <annotation To="DCT" U_Class="1-D" __Id="145" __Class="Anchored" __From="180" __To="192"/>
      <annotation Category="Year" __Id="146" __Class="Field" __From="180" __To="192"/>
      <annotation Category="Date" Value="2015" __Id="147" __Class="TE" __From="180" __To="192"/>
      <annotation Category="MonthName" __Id="150" __Class="Field" __From="412" __To="417"/>
      <annotation Through="DCT" U_Class="4" __Id="151" __Class="Restored" __From="412" __To="417"/>
      <annotation Category="Date" Value="2016-01" __Id="152" __Class="TE" __From="412" __To="417"/>
      <annotation To="DCT" U_Class="7-D" __Id="153" __Class="Anchored" __From="487" __To="495"/>
      <annotation Category="ShiftExp" Formula="BEFORE,Dur,Anchor" __Id="154" __Class="TE" __From="487" __To="495"/>
      <annotation Category="Dur" Value="P1Y" __Id="155" __Class="TE" __From="487" __To="489"/>
    </annotations>
    <relations>
      <relation __Id="0" __Class="AnchoredTo"><from><annotation __Id="154"/></from><to><annotation __Id="152"/></to></relation>
    </relations>
  </document>
</xml>
