<xml generator="AnnotationTools" format="public" version="1">
  <document>
    <text>
      <raw> 2013-01-24    Воробьев раскритиковал строителей за уплату налогов в Москве    Власти Московской области «не оставят без внимания» случаи, когда получающее прибыль в регионе строительное предприятие зарегистрировано в столице и там платит налоги. Об этом исполняющий обязанности губернатора Подмосковья Андрей Воробьев заявил газете «Ведомости».    По его словам, позиция властей, что предприятия, работающие в Московской области, должны платить налоги там же, доведена до всех крупных строителей, в том числе в письменном виде. В правительстве области изданию рассказали, что информация о том, сколько налогов платят строительные компании, была запрошена еще в прошлом году.    За первую половину 2012 года строители заплатили 13,5 миллиарда рублей в бюджет области, что меньше пяти процентов его доходов. В то же время, строительство в валовом региональном продукте Подмосковья составляет почти восемь процентов.    Накануне подмосковные власти заявили, что в течение пяти лет намерены довести доходы бюджета региона до триллиона рублей. Таким образом, казну области предстоит утроить. Для сравнения, доходы бюджета Москвы в 2013 году должны составить 1,5 триллиона рублей.    Ранее Воробьев уже критиковал добытчиков полезных ископаемых и владельцев сельскохозяйственных угодий. В середине января глава области заявил, что около половины полезных ископаемых, в первую очередь песка, в регионе добывается нелегально, из-за чего бюджет теряет миллиарды рублей.    Кроме того, Воробьев в конце декабря предложил в пять раз поднять налоги на неиспользуемые сельскохозяйственные земли — с 0,3 до 1,5 процента от кадастровой стоимости. Сергей Шойгу, руководивший Подмосковьем в течение полугода до Воробьева, также предлагал обязать жителей региона, работающих в Москве, платить налоги по месту регистрации.    https://lenta.ru/news/2013/01/24/moremore/</raw>
      <annotated> <DocCreationTime DayOfWeek="2013-W04-4"><TE Category="Date" Value="2013-01-24">2013-01-24</TE></DocCreationTime>    Воробьев раскритиковал строителей за уплату налогов в Москве    Власти Московской области «не оставят без внимания» случаи, когда получающее прибыль в регионе строительное предприятие зарегистрировано в столице и там платит налоги. Об этом исполняющий обязанности губернатора Подмосковья Андрей Воробьев заявил газете «Ведомости».    По его словам, позиция властей, что предприятия, работающие в Московской области, должны платить налоги там же, доведена до всех крупных строителей, в том числе в письменном виде. В правительстве области изданию рассказали, что информация о том, сколько налогов платят строительные компании, была запрошена еще в <Field Category="Year"><TE Category="Date" Value="2012">прошлом году</TE></Field>.    За <TE Category="Date" Value="2012-H1"><Field Category="Fraction">первую половину</Field> <Field Category="Year">2012 года</Field></TE> строители заплатили 13,5 миллиарда рублей в бюджет области, что меньше пяти процентов его доходов. В то же время, строительство в валовом региональном продукте Подмосковья составляет почти восемь процентов.    <Field Category="Day">Накануне</Field> подмосковные власти заявили, что в течение <TE Category="Dur" Value="P5Y">пяти лет</TE> намерены довести доходы бюджета региона до триллиона рублей. Таким образом, казну области предстоит утроить. Для сравнения, доходы бюджета Москвы в <Field Category="Year"><TE Category="Date" Value="2013">2013 году</TE></Field> должны составить 1,5 триллиона рублей.    Ранее Воробьев уже критиковал добытчиков полезных ископаемых и владельцев сельскохозяйственных угодий. В <TE Category="Date" Value="2013-01-MID"><Field Category="Phase">середине</Field> <Field Category="MonthName">января</Field></TE> глава области заявил, что около половины полезных ископаемых, в первую очередь песка, в регионе добывается нелегально, из-за чего бюджет теряет миллиарды рублей.    Кроме того, Воробьев в <TE Category="Date" Value="2012-12-END"><Field Category="Phase">конце</Field> <Field Category="MonthName">декабря</Field></TE> предложил в пять раз поднять налоги на неиспользуемые сельскохозяйственные земли — с 0,3 до 1,5 процента от кадастровой стоимости. Сергей Шойгу, руководивший Подмосковьем в течение <TE Category="Dur" Value="P0.5Y">полугода</TE> до Воробьева, также предлагал обязать жителей региона, работающих в Москве, платить налоги по месту регистрации.    https://lenta.ru/news/2013/01/24/moremore/</annotated>
    </text>
<!-- NOTE: Annotation boundaries below corresponds to text without XHTML-entities encoding. -->
    <annotations>
      <annotation DayOfWeek="2013-W04-4" __Id="338" __Class="DocCreationTime" __From="1" __To="10"/>
      <annotation Category="Date" Value="2013-01-24" __Id="339" __Class="TE" __From="1" __To="10"/>
      <annotation Category="Year" __Id="346" __Class="Field" __From="662" __To="673"/>
      <annotation Category="Date" Value="2012" __Id="347" __Class="TE" __From="662" __To="673"/>
      <annotation Category="Fraction" __Id="349" __Class="Field" __From="682" __To="696"/>
      <annotation Category="Date" Value="2012-H1" __Id="350" __Class="TE" __From="682" __To="706"/>
      <annotation Category="Year" __Id="351" __Class="Field" __From="698" __To="706"/>
      <annotation Category="Day" __Id="355" __Class="Field" __From="918" __To="925"/>
      <annotation Category="Dur" Value="P5Y" __Id="356" __Class="TE" __From="970" __To="977"/>
      <annotation Category="Year" __Id="359" __Class="Field" __From="1127" __To="1135"/>
      <annotation Category="Date" Value="2013" __Id="360" __Class="TE" __From="1127" __To="1135"/>
      <annotation Category="Phase" __Id="363" __Class="Field" __From="1284" __To="1291"/>
      <annotation Category="Date" Value="2013-01-MID" __Id="364" __Class="TE" __From="1284" __To="1298"/>
      <annotation Category="MonthName" __Id="365" __Class="Field" __From="1293" __To="1298"/>
      <annotation Category="Phase" __Id="368" __Class="Field" __From="1488" __To="1492"/>
      <annotation Category="Date" Value="2012-12-END" __Id="369" __Class="TE" __From="1488" __To="1500"/>
      <annotation Category="MonthName" __Id="370" __Class="Field" __From="1494" __To="1500"/>
      <annotation Category="Dur" Value="P0.5Y" __Id="373" __Class="TE" __From="1683" __To="1690"/>
    </annotations>
    <relations>
    </relations>
  </document>
</xml>
