<xml generator="AnnotationTools" format-version="1">
  <document>
    <text>
      <raw> ¶2016-08-20    ¶Украину предупредили о коллапсе атомной энергетики    ¶Число внештатных ситуаций на атомных электростанциях Украины растет, и через семь лет энергетической системе страны грозит коллапс. Об этом, как сообщает «Политнавигатор», заявил советник генерального директора Национального научного центра «Харьковский физико-технический институт», бывший директор Чернобыльской АЭС Михаил Уманец.    ¶В 2015 году на украинских АЭС было зафиксировано 15 нарушений, квалифицированных в соответствии со шкалой INES (Международная шкала ядерных событий), что в 1,5 раза больше, чем годом ранее. За пять месяцев 2016-го уже отмечено семь нарушений, что вдвое больше, чем за аналогичный период 2015 года. При этом в результате внеплановых остановок АЭС, как отметил эксперт, в 33 раза увеличилась недовыработка электроэнергии.    ¶Сложившаяся ситуация, по словам Уманца, грозит претензиями со стороны Международного агентства по ядерной энергии (МАГАТЭ). «Можно говорить о том, что мы нарвемся на серьезный инцидент. С 16 октября 2014 года в Украине нет главного инспектора по ядерной и радиационной безопасности. Должность ликвидирована, и никто туда не идет, потому что ни один уважающий себя профессионал не согласится работать на этой должности после того, как кабмин направил в Верховную Раду проект закона, в котором говорится, что решения инспектора по ядерной и радиационной безопасности могут отменяться руководителем органа госрегулирования или назначенным им лицом», — объяснил эксперт.    ¶Уже через семь лет Украина рискует столкнуться с коллапсом в энергетической сфере, поскольку у страны нет 3-5 миллиардов долларов на продление сроков эксплуатации АЭС, предупредил Уманец. При этом если «Энергоатому» не удастся продлить разрешение на работу двух блоков Запорожской АЭС, на Украине уже в 2017 году могут возникнуть проблемы с энергоснабжением, передает со ссылкой на эксперта УНИАН.    ¶«Но даже если мы продлим срок эксплуатации блоков и не начнем планово заменять выходящие из работы блоки, нас также ждет коллапс и атомной энергетики, и электроэнергетики в целом. Атомной энергетики у нас уже почти не существует, там 80 процентов абсолютно изношенных мощностей. А на атомной энергетике держится безопасность страны — экономическая и социальная. Дальше — рабство», — указал он.    ¶За последнее время на украинских атомных электростанциях произошло несколько инцидентов. 17 июля первый энергоблок Хмельницкой АЭС, расположенной в городе Нетешин, был отключен от сети в связи с протечкой в парогенераторе. В конце мая второй энергоблок Южно-Украинской атомной электростанции в Николаевской области приостановил работу из-за действий персонала, которые привели к срабатыванию аварийной защиты.    ¶В апреле для устранения неполадок были отключены энергоблоки Запорожской и Ровенской атомных электростанций. Весной 2016 года все украинские АЭС оказались на грани остановки из-за арестов валютных счетов «Энергоатома». Сложившаяся ситуация могла привести к задержке поставок ядерного топлива на станции и остановке энергоблоков.    ¶21 июля депутат Верховной Рады Андрей Артеменко заявил, что на одной из украинских атомных электростанций может произойти авария, сравнимая по масштабам с катастрофой на Чернобыльской АЭС.    ¶https://lenta.ru/news/2016/08/20/mirnyi atom v kazhdiy dom/</raw>
      <annotated> ¶<DocCreationTime><TE>2016-08-20</TE></DocCreationTime>    ¶Украину предупредили о коллапсе атомной энергетики    ¶Число внештатных ситуаций на атомных электростанциях Украины растет, и <Anchored To="DCT"><TE>через <TE>семь лет</TE></TE></Anchored> энергетической системе страны грозит коллапс. Об этом, как сообщает «Политнавигатор», заявил советник генерального директора Национального научного центра «Харьковский физико-технический институт», бывший директор Чернобыльской АЭС Михаил Уманец.    ¶В <Field Category="Year"><TE>2015 году</TE></Field> на украинских АЭС было зафиксировано 15 нарушений, квалифицированных в соответствии со шкалой INES (Международная шкала ядерных событий), что в 1,5 раза больше, чем <Anchored To="Text"><TE><TE>годом</TE> ранее</TE></Anchored>. За <TE>пять месяцев</TE> <Field Category="Year"><TE>2016-го</TE></Field> уже отмечено семь нарушений, что вдвое больше, чем за аналогичный период <Field Category="Year"><TE>2015 года</TE></Field>. При этом в результате внеплановых остановок АЭС, как отметил эксперт, в 33 раза увеличилась недовыработка электроэнергии.    ¶Сложившаяся ситуация, по словам Уманца, грозит претензиями со стороны Международного агентства по ядерной энергии (МАГАТЭ). «Можно говорить о том, что мы нарвемся на серьезный инцидент. С <TE><Field Category="Day">16</Field> <Field Category="MonthName">октября</Field> <Field Category="Year">2014 года</Field></TE> в Украине нет главного инспектора по ядерной и радиационной безопасности. Должность ликвидирована, и никто туда не идет, потому что ни один уважающий себя профессионал не согласится работать на этой должности после того, как кабмин направил в Верховную Раду проект закона, в котором говорится, что решения инспектора по ядерной и радиационной безопасности могут отменяться руководителем органа госрегулирования или назначенным им лицом», — объяснил эксперт.    ¶Уже <Anchored To="DCT"><TE>через <TE>семь лет</TE></TE></Anchored> Украина рискует столкнуться с коллапсом в энергетической сфере, поскольку у страны нет 3-5 миллиардов долларов на продление сроков эксплуатации АЭС, предупредил Уманец. При этом если «Энергоатому» не удастся продлить разрешение на работу двух блоков Запорожской АЭС, на Украине уже в <Field Category="Year"><TE>2017 году</TE></Field> могут возникнуть проблемы с энергоснабжением, передает со ссылкой на эксперта УНИАН.    ¶«Но даже если мы продлим срок эксплуатации блоков и не начнем планово заменять выходящие из работы блоки, нас также ждет коллапс и атомной энергетики, и электроэнергетики в целом. Атомной энергетики у нас уже почти не существует, там 80 процентов абсолютно изношенных мощностей. А на атомной энергетике держится безопасность страны — экономическая и социальная. Дальше — рабство», — указал он.    ¶За последнее время на украинских атомных электростанциях произошло несколько инцидентов. <TE><Field Category="Day">17</Field> <Field Category="MonthName"><Restored Through="DCT">июля</Restored></Field></TE> первый энергоблок Хмельницкой АЭС, расположенной в городе Нетешин, был отключен от сети в связи с протечкой в парогенераторе. В <TE><Field Category="Phase">конце</Field> <Field Category="MonthName"><Restored Through="DCT">мая</Restored></Field></TE> второй энергоблок Южно-Украинской атомной электростанции в Николаевской области приостановил работу из-за действий персонала, которые привели к срабатыванию аварийной защиты.    ¶В <Field Category="MonthName"><Restored Through="DCT"><TE>апреле</TE></Restored></Field> для устранения неполадок были отключены энергоблоки Запорожской и Ровенской атомных электростанций. <TE><Field Category="Season">Весной</Field> <Field Category="Year">2016 года</Field></TE> все украинские АЭС оказались на грани остановки из-за арестов валютных счетов «Энергоатома». Сложившаяся ситуация могла привести к задержке поставок ядерного топлива на станции и остановке энергоблоков.    ¶<TE><Field Category="Day">21</Field> <Field Category="MonthName"><Restored Through="DCT">июля</Restored></Field></TE> депутат Верховной Рады Андрей Артеменко заявил, что на одной из украинских атомных электростанций может произойти авария, сравнимая по масштабам с катастрофой на Чернобыльской АЭС.    ¶https://lenta.ru/news/2016/08/20/mirnyi atom v kazhdiy dom/</annotated>
    </text>
    <annotations>
      <annotation DayOfWeek="2016-W33-6" __Id="575" __Class="DocCreationTime" __From="2" __To="11"/>
      <annotation Category="Date" Value="2016-08-20" __Id="576" __Class="TE" __From="2" __To="11"/>
      <annotation To="DCT" U_Class="7-DA" __Id="579" __Class="Anchored" __From="143" __To="156"/>
      <annotation Category="ShiftExp" Formula="AFTER,Dur,DCT" __Id="580" __Class="TE" __From="143" __To="156"/>
      <annotation Category="Dur" Value="P7Y" __Id="581" __Class="TE" __From="149" __To="156"/>
      <annotation Category="Year" __Id="584" __Class="Field" __From="411" __To="419"/>
      <annotation Category="Date" Value="2015" __Id="585" __Class="TE" __From="411" __To="419"/>
      <annotation To="Text" U_Class="7-A" __Id="586" __Class="Anchored" __From="586" __To="596"/>
      <annotation Category="ShiftExp" Formula="BEFORE,Dur,Anchor" __Id="587" __Class="TE" __From="586" __To="596"/>
      <annotation Category="Dur" Value="P1Y" __Id="588" __Class="TE" __From="586" __To="590"/>
      <annotation Category="Dur" Value="P5M" __Id="590" __Class="TE" __From="602" __To="613"/>
      <annotation Category="Year" __Id="591" __Class="Field" __From="615" __To="621"/>
      <annotation Category="Date" Value="2016" __Id="592" __Class="TE" __From="615" __To="621"/>
      <annotation Category="Year" __Id="593" __Class="Field" __From="696" __To="704"/>
      <annotation Category="Date" Value="2015" __Id="594" __Class="TE" __From="696" __To="704"/>
      <annotation Category="Day" __Id="599" __Class="Field" __From="1021" __To="1022"/>
      <annotation Category="Date" Value="2014-10-16" __Id="600" __Class="TE" __From="1021" __To="1040"/>
      <annotation Category="MonthName" __Id="601" __Class="Field" __From="1024" __To="1030"/>
      <annotation Category="Year" __Id="602" __Class="Field" __From="1032" __To="1040"/>
      <annotation To="DCT" U_Class="7-DA" __Id="605" __Class="Anchored" __From="1508" __To="1521"/>
      <annotation Category="ShiftExp" Formula="AFTER,Dur,DCT" __Id="606" __Class="TE" __From="1508" __To="1521"/>
      <annotation Category="Dur" Value="P7Y" __Id="607" __Class="TE" __From="1514" __To="1521"/>
      <annotation Category="Year" __Id="609" __Class="Field" __From="1807" __To="1815"/>
      <annotation Category="Date" Value="2017" __Id="610" __Class="TE" __From="1807" __To="1815"/>
      <annotation Category="Day" __Id="616" __Class="Field" __From="2393" __To="2394"/>
      <annotation Category="Date" Value="2016-07-17" __Id="618" __Class="TE" __From="2393" __To="2399"/>
      <annotation Category="MonthName" __Id="619" __Class="Field" __From="2396" __To="2399"/>
      <annotation Through="DCT" U_Class="4" __Id="620" __Class="Restored" __From="2396" __To="2399"/>
      <annotation Category="Phase" __Id="622" __Class="Field" __From="2529" __To="2533"/>
      <annotation Category="Date" Value="2016-05-END" __Id="623" __Class="TE" __From="2529" __To="2537"/>
      <annotation Category="MonthName" __Id="624" __Class="Field" __From="2535" __To="2537"/>
      <annotation Through="DCT" U_Class="4" __Id="625" __Class="Restored" __From="2535" __To="2537"/>
      <annotation Category="MonthName" __Id="627" __Class="Field" __From="2720" __To="2725"/>
      <annotation Through="DCT" U_Class="4" __Id="628" __Class="Restored" __From="2720" __To="2725"/>
      <annotation Category="Date" Value="2016-04" __Id="629" __Class="TE" __From="2720" __To="2725"/>
      <annotation Category="Season" __Id="630" __Class="Field" __From="2827" __To="2832"/>
      <annotation Category="Date" Value="2016-SP" __Id="632" __Class="TE" __From="2827" __To="2842"/>
      <annotation Category="Year" __Id="633" __Class="Field" __From="2834" __To="2842"/>
      <annotation Category="Day" __Id="636" __Class="Field" __From="3051" __To="3052"/>
      <annotation Category="Date" Value="2016-07-21" __Id="637" __Class="TE" __From="3051" __To="3057"/>
      <annotation Category="MonthName" __Id="638" __Class="Field" __From="3054" __To="3057"/>
      <annotation Through="DCT" U_Class="4" __Id="639" __Class="Restored" __From="3054" __To="3057"/>
    </annotations>
    <relations>
      <relation __Id="0" __Class="AnchoredTo"><from><annotation __Id="587"/></from><to><annotation __Id="585"/></to></relation>
    </relations>
  </document>
</xml>
