<xml generator="AnnotationTools" format="public" version="1">
  <document>
    <text>
      <raw> 2018-10-02    Децл пожаловался на проблемы с крышей    Хип-хоп-исполнитель Кирилл Толмацкий, известный как Децл, пожаловался на проблемы с ЖКХ. В день, когда в его доме включили отопление, квартиру залило водой. Об этом артист написал в сообществе Басманного района в Facebook.    «Шесть утра! Уже семь лет не могу нормально доделать ремонт, каждый год, одно и то же, — написал Толмацкий. — Разве сложно починить крышу так что бы ее не надо было чинить в следующем году?». Исполнитель сопроводил свою публикацию видеороликом, на котором видно, как с потолка прямо через отверстия для проводки льется вода.    Артист отметил, что, по его мнению, управляющая компания «Дом Мастер» занижает процент износа его дома. «Дом изношен почти на 80 процентов и требует капитального ремонта, это центр города!», — подчеркнул он.    Кирилл Толмацкий живет на улице Казакова в Басманном районе Москвы, в доме 1900 года постройки. Ранее артист уже проявлял интерес к проблемам в сфере ЖКХ и даже выпустил в 2014 году клип, в котором пародирует записанную в 2001-м композицию «Письмо». Текст изменен таким образом, что речь идет о претензиях якобы написавшей Децлу женщины к работе коммунальных служб.    В конце августа 2018-го Толмацкий разместил на своей странице в Facebook этот клип, сопроводив его комментарием «Посоветуйте, пожалуйста, хорошего юриста в сфере ЖКХ. В личку, плиз».    Ранее с претензиями к управляющей компании из-за протекшего потолка обращалась балерина Анастасия Волочкова. Весной 2018 года квартира танцовщицы оказалась затоплена. По словам Волочковой, к августу управляющая компания так и не починила кровлю, что создает серьезный риск повторного затопления. «Я не знаю подробно всех деталей, этим занимается адвокат, — заявила балерина. — Его задача — договориться хотя бы о том, чтобы починили кровлю, я уже не говорю о моем потолке».    https://lenta.ru/news/2018/10/02/u dezla doma/</raw>
      <annotated> <DocCreationTime DayOfWeek="2018-W40-2"><TE Category="Date" Value="2018-10-02">2018-10-02</TE></DocCreationTime>    Децл пожаловался на проблемы с крышей    Хип-хоп-исполнитель Кирилл Толмацкий, известный как Децл, пожаловался на проблемы с ЖКХ. В день, когда в его доме включили отопление, квартиру залило водой. Об этом артист написал в сообществе Басманного района в Facebook.    «Шесть утра! Уже <TE Category="Dur" Value="P7Y">семь лет</TE> не могу нормально доделать ремонт, каждый год, одно и то же, — написал Толмацкий. — Разве сложно починить крышу так что бы ее не надо было чинить в <Field Category="Year"><TE Category="Rel">следующем году</TE></Field>?». Исполнитель сопроводил свою публикацию видеороликом, на котором видно, как с потолка прямо через отверстия для проводки льется вода.    Артист отметил, что, по его мнению, управляющая компания «Дом Мастер» занижает процент износа его дома. «Дом изношен почти на 80 процентов и требует капитального ремонта, это центр города!», — подчеркнул он.    Кирилл Толмацкий живет на улице Казакова в Басманном районе Москвы, в доме <Field Category="Year"><TE Category="Date" Value="1900">1900 года</TE></Field> постройки. Ранее артист уже проявлял интерес к проблемам в сфере ЖКХ и даже выпустил в <Field Category="Year"><TE Category="Date" Value="2014">2014 году</TE></Field> клип, в котором пародирует записанную в <Field Category="Year"><TE Category="Date" Value="2001">2001-м</TE></Field> композицию «Письмо». Текст изменен таким образом, что речь идет о претензиях якобы написавшей Децлу женщины к работе коммунальных служб.    В <TE Category="Date" Value="2018-08-END"><Field Category="Phase">конце</Field> <Field Category="MonthName">августа</Field> <Field Category="Year">2018-го</Field></TE> Толмацкий разместил на своей странице в Facebook этот клип, сопроводив его комментарием «Посоветуйте, пожалуйста, хорошего юриста в сфере ЖКХ. В личку, плиз».    Ранее с претензиями к управляющей компании из-за протекшего потолка обращалась балерина Анастасия Волочкова. <TE Category="Date" Value="2018-SP"><Field Category="Season">Весной</Field> <Field Category="Year">2018 года</Field></TE> квартира танцовщицы оказалась затоплена. По словам Волочковой, к <Field Category="MonthName"><TE Category="Date" Value="2018-08">августу</TE></Field> управляющая компания так и не починила кровлю, что создает серьезный риск повторного затопления. «Я не знаю подробно всех деталей, этим занимается адвокат, — заявила балерина. — Его задача — договориться хотя бы о том, чтобы починили кровлю, я уже не говорю о моем потолке».    https://lenta.ru/news/2018/10/02/u dezla doma/</annotated>
    </text>
<!-- NOTE: Annotation boundaries below corresponds to text without XHTML-entities encoding. -->
    <annotations>
      <annotation DayOfWeek="2018-W40-2" __Id="396" __Class="DocCreationTime" __From="1" __To="10"/>
      <annotation Category="Date" Value="2018-10-02" __Id="397" __Class="TE" __From="1" __To="10"/>
      <annotation Category="Dur" Value="P7Y" __Id="404" __Class="TE" __From="299" __To="306"/>
      <annotation Category="Year" __Id="407" __Class="Field" __From="456" __To="469"/>
      <annotation Category="Rel" __Id="408" __Class="TE" __From="456" __To="469"/>
      <annotation Category="Year" __Id="414" __Class="Field" __From="896" __To="904"/>
      <annotation Category="Date" Value="1900" __Id="415" __Class="TE" __From="896" __To="904"/>
      <annotation Category="Year" __Id="417" __Class="Field" __From="993" __To="1001"/>
      <annotation Category="Date" Value="2014" __Id="418" __Class="TE" __From="993" __To="1001"/>
      <annotation Category="Year" __Id="419" __Class="Field" __From="1043" __To="1048"/>
      <annotation Category="Date" Value="2001" __Id="420" __Class="TE" __From="1043" __To="1048"/>
      <annotation Category="Phase" __Id="423" __Class="Field" __From="1192" __To="1196"/>
      <annotation Category="Date" Value="2018-08-END" __Id="424" __Class="TE" __From="1192" __To="1212"/>
      <annotation Category="MonthName" __Id="425" __Class="Field" __From="1198" __To="1204"/>
      <annotation Category="Year" __Id="426" __Class="Field" __From="1206" __To="1212"/>
      <annotation Category="Season" __Id="429" __Class="Field" __From="1485" __To="1490"/>
      <annotation Category="Date" Value="2018-SP" __Id="431" __Class="TE" __From="1485" __To="1500"/>
      <annotation Category="Year" __Id="432" __Class="Field" __From="1492" __To="1500"/>
      <annotation Category="MonthName" __Id="434" __Class="Field" __From="1567" __To="1573"/>
      <annotation Category="Date" Value="2018-08" __Id="436" __Class="TE" __From="1567" __To="1573"/>
    </annotations>
    <relations>
    </relations>
  </document>
</xml>
