<xml generator="AnnotationTools" format="public" version="1">
  <document>
    <text>
      <raw> 2018-09-25    Лейбористская партия Великобритании официально допускает возможность проведения повторного референдума о выходе страны из ЕС, однако лишь в случае, если партия не добьется проведения досрочных выборов в британский парламент. Предложение по партийной политике, содержащее этот пункт, было во вторник одобрено делегатами партии на транслируемом в прямом эфире ежегодном съезде лейбористов.    Решение было принято подавляющим большинством голосов. Партия официально не исключает ни одного из вариантов действий, необходимых для защиты национальных интересов страны в ходе &amp;quot;развода&amp;quot; с ЕС. Однако именно внеочередные выборы, победа на которых позволит лейбористам начать официальные переговоры с Евросоюзом от лица Соединенного Королевства, являются предпочтительным сценарием для находящейся в оппозиции партии, чей рейтинг сейчас находится примерно на том же уровне, что и у правящих консерваторов.    В случае если тори удастся избежать правительственного кризиса и досрочных выборов, оппозиция будет выступать за референдум, на котором жители страны смогут поддержать или отвергнуть сделку с ЕС, которой добьется правительство. При этом руководство партии допускает, что &amp;quot;остаться в ЕС&amp;quot; будет одним из вариантов ответа на вопрос, который будет поставлен на таком референдуме.    Лейбористы первоначально выступали против Brexit, однако теперь поддерживают его мягкий вариант. Такой сценарий Brexit должен соответствовать ряду озвученных партией условий: обеспечивать крепкое сотрудничество с ЕС в будущем, давать Великобритании те же преимущества, которые она имеет сегодня как участник единого рынка, полностью соответствовать интересам национальной безопасности и т. д. В партии не верят, что сделка действующего правительства с Брюсселем будет отвечать данным условиям, и поэтому намерены голосовать против нее в парламенте, что создаст опасную ситуацию для премьер-министра Терезы Мэй и может привести к ее отставке.    Официальные переговоры между Лондоном и Брюсселем по условиям, на которых Великобритания выйдет из ЕС, начались 19 июня 2017 года. 21 сентября по итогам саммита ЕС в Зальцбурге Мэй констатировала, что дискуссии, которые планировалось завершить в ноябре, зашли в тупик. ЕС отказывается принимать условия плана Brexit, представленного правительством Мэй в июле, тогда как Лондон не согласен на варианты, предлагаемые Брюсселем. Сам Brexit пройдет 29 марта 2019 года, затем, согласно плану, должен наступить переходный период, который продлится до 31 декабря 2020 года.    https://tass.ru/mezhdunarodnaya-panorama/5603906</raw>
      <annotated> <DocCreationTime DayOfWeek="2018-W39-2"><TE Category="Date" Value="2018-09-25">2018-09-25</TE></DocCreationTime>    Лейбористская партия Великобритании официально допускает возможность проведения повторного референдума о выходе страны из ЕС, однако лишь в случае, если партия не добьется проведения досрочных выборов в британский парламент. Предложение по партийной политике, содержащее этот пункт, было во <Field Category="DayOfWeek"><TE Category="Date" Value="2018-W39-2">вторник</TE></Field> одобрено делегатами партии на транслируемом в прямом эфире ежегодном съезде лейбористов.    Решение было принято подавляющим большинством голосов. Партия официально не исключает ни одного из вариантов действий, необходимых для защиты национальных интересов страны в ходе &amp;quot;развода&amp;quot; с ЕС. Однако именно внеочередные выборы, победа на которых позволит лейбористам начать официальные переговоры с Евросоюзом от лица Соединенного Королевства, являются предпочтительным сценарием для находящейся в оппозиции партии, чей рейтинг сейчас находится примерно на том же уровне, что и у правящих консерваторов.    В случае если тори удастся избежать правительственного кризиса и досрочных выборов, оппозиция будет выступать за референдум, на котором жители страны смогут поддержать или отвергнуть сделку с ЕС, которой добьется правительство. При этом руководство партии допускает, что &amp;quot;остаться в ЕС&amp;quot; будет одним из вариантов ответа на вопрос, который будет поставлен на таком референдуме.    Лейбористы первоначально выступали против Brexit, однако теперь поддерживают его мягкий вариант. Такой сценарий Brexit должен соответствовать ряду озвученных партией условий: обеспечивать крепкое сотрудничество с ЕС в будущем, давать Великобритании те же преимущества, которые она имеет <Field Category="Day">сегодня</Field> как участник единого рынка, полностью соответствовать интересам национальной безопасности и т. д. В партии не верят, что сделка действующего правительства с Брюсселем будет отвечать данным условиям, и поэтому намерены голосовать против нее в парламенте, что создаст опасную ситуацию для премьер-министра Терезы Мэй и может привести к ее отставке.    Официальные переговоры между Лондоном и Брюсселем по условиям, на которых Великобритания выйдет из ЕС, начались <TE Category="Date" Value="2017-06-19"><Field Category="Day">19</Field> <Field Category="MonthName">июня</Field> <Field Category="Year">2017 года</Field></TE>. <TE Category="Date" Value="2018-09-21"><Field Category="Day">21</Field> <Field Category="MonthName">сентября</Field></TE> по итогам саммита ЕС в Зальцбурге Мэй констатировала, что дискуссии, которые планировалось завершить в <Field Category="MonthName"><TE Category="Date" Value="2018-11">ноябре</TE></Field>, зашли в тупик. ЕС отказывается принимать условия плана Brexit, представленного правительством Мэй в <Field Category="MonthName"><TE Category="Date" Value="2018-07">июле</TE></Field>, тогда как Лондон не согласен на варианты, предлагаемые Брюсселем. Сам Brexit пройдет <TE Category="Date" Value="2019-03-29"><Field Category="Day">29</Field> <Field Category="MonthName">марта</Field> <Field Category="Year">2019 года</Field></TE>, затем, согласно плану, должен наступить переходный период, который продлится до <TE Category="Date" Value="2020-12-31"><Field Category="Day">31</Field> <Field Category="MonthName">декабря</Field> <Field Category="Year">2020 года</Field></TE>.    https://tass.ru/mezhdunarodnaya-panorama/5603906</annotated>
    </text>
<!-- NOTE: Annotation boundaries below corresponds to text without XHTML-entities encoding. -->
    <annotations>
      <annotation DayOfWeek="2018-W39-2" __Id="423" __Class="DocCreationTime" __From="1" __To="10"/>
      <annotation Category="Date" Value="2018-09-25" __Id="424" __Class="TE" __From="1" __To="10"/>
      <annotation Category="DayOfWeek" __Id="427" __Class="Field" __From="306" __To="312"/>
      <annotation Category="Date" Value="2018-W39-2" __Id="429" __Class="TE" __From="306" __To="312"/>
      <annotation Category="Day" __Id="438" __Class="Field" __From="1601" __To="1607"/>
      <annotation Category="Day" __Id="440" __Class="Field" __From="2071" __To="2072"/>
      <annotation Category="Date" Value="2017-06-19" __Id="441" __Class="TE" __From="2071" __To="2087"/>
      <annotation Category="MonthName" __Id="442" __Class="Field" __From="2074" __To="2077"/>
      <annotation Category="Year" __Id="443" __Class="Field" __From="2079" __To="2087"/>
      <annotation Category="Day" __Id="444" __Class="Field" __From="2090" __To="2091"/>
      <annotation Category="Date" Value="2018-09-21" __Id="446" __Class="TE" __From="2090" __To="2100"/>
      <annotation Category="MonthName" __Id="447" __Class="Field" __From="2093" __To="2100"/>
      <annotation Category="MonthName" __Id="449" __Class="Field" __From="2205" __To="2210"/>
      <annotation Category="Date" Value="2018-11" __Id="451" __Class="TE" __From="2205" __To="2210"/>
      <annotation Category="MonthName" __Id="453" __Class="Field" __From="2313" __To="2316"/>
      <annotation Category="Date" Value="2018-07" __Id="455" __Class="TE" __From="2313" __To="2316"/>
      <annotation Category="Day" __Id="457" __Class="Field" __From="2404" __To="2405"/>
      <annotation Category="Date" Value="2019-03-29" __Id="458" __Class="TE" __From="2404" __To="2421"/>
      <annotation Category="MonthName" __Id="459" __Class="Field" __From="2407" __To="2411"/>
      <annotation Category="Year" __Id="460" __Class="Field" __From="2413" __To="2421"/>
      <annotation Category="Day" __Id="461" __Class="Field" __From="2504" __To="2505"/>
      <annotation Category="Date" Value="2020-12-31" __Id="462" __Class="TE" __From="2504" __To="2523"/>
      <annotation Category="MonthName" __Id="463" __Class="Field" __From="2507" __To="2513"/>
      <annotation Category="Year" __Id="464" __Class="Field" __From="2515" __To="2523"/>
    </annotations>
    <relations>
    </relations>
  </document>
</xml>
