<xml generator="AnnotationTools" format-version="1">
  <document>
    <text>
      <raw> 2008-04-15    В Подмосковье за незаконные работы оштрафован застройщик    &quot;Ипотечная корпорация Московской области&quot; оштрафована на полмиллиона рублей за незаконное строительство, сообщается на сайте прокуратуры Московской области . С марта прошлого года компания осуществляла строительство многоэтажного жилого дома переменой этажности 14-17 этажей в квартале &quot;Соболевка&quot; города Щелково, не имея соответствующего разрешения.    Щелковская городская прокуратура провела проверку исполнения на подведомственной территории земельного, градостроительного законодательства, а также законодательства об участии граждан в долевом строительстве. По результатам проверки 7 марта 2008 года в отношении застройщика прокуратурой Московской области возбуждено дело об административном правонарушении, которое было направлено для рассмотрения по существу в Главное управление государственного строительного надзора Московской области.    По результатам рассмотрения дела на ОАО &quot;Ипотечная корпорация Московской области&quot; наложен административный штраф в размере 500 тысяч рублей.    https://lenta.ru/news/2008/04/15/fired/</raw>
      <annotated> <DocCreationTime><TE>2008-04-15</TE></DocCreationTime>    В Подмосковье за незаконные работы оштрафован застройщик    &quot;Ипотечная корпорация Московской области&quot; оштрафована на полмиллиона рублей за незаконное строительство, сообщается на сайте прокуратуры Московской области . С <TE><Field Category="MonthName">марта</Field> <Anchored To="DCT"><Field Category="Year">прошлого года</Field></Anchored></TE> компания осуществляла строительство многоэтажного жилого дома переменой этажности 14-17 этажей в квартале &quot;Соболевка&quot; города Щелково, не имея соответствующего разрешения.    Щелковская городская прокуратура провела проверку исполнения на подведомственной территории земельного, градостроительного законодательства, а также законодательства об участии граждан в долевом строительстве. По результатам проверки <TE><Field Category="Day">7</Field> <Field Category="MonthName">марта</Field> <Field Category="Year">2008 года</Field></TE> в отношении застройщика прокуратурой Московской области возбуждено дело об административном правонарушении, которое было направлено для рассмотрения по существу в Главное управление государственного строительного надзора Московской области.    По результатам рассмотрения дела на ОАО &quot;Ипотечная корпорация Московской области&quot; наложен административный штраф в размере 500 тысяч рублей.    https://lenta.ru/news/2008/04/15/fired/</annotated>
    </text>
    <annotations>
      <annotation DayOfWeek="2008-W16-2" __Id="175" __Class="DocCreationTime" __From="1" __To="10"/>
      <annotation Category="Date" Value="2008-04-15" __Id="176" __Class="TE" __From="1" __To="10"/>
      <annotation Category="MonthName" __Id="180" __Class="Field" __From="245" __To="249"/>
      <annotation Category="Date" Value="2007-03" __Id="181" __Class="TE" __From="245" __To="263"/>
      <annotation To="DCT" U_Class="1-D" __Id="182" __Class="Anchored" __From="251" __To="263"/>
      <annotation Category="Year" __Id="183" __Class="Field" __From="251" __To="263"/>
      <annotation Category="Day" __Id="186" __Class="Field" __From="683" __To="683"/>
      <annotation Category="Date" Value="2008-03-07" __Id="187" __Class="TE" __From="683" __To="699"/>
      <annotation Category="MonthName" __Id="188" __Class="Field" __From="685" __To="689"/>
      <annotation Category="Year" __Id="189" __Class="Field" __From="691" __To="699"/>
    </annotations>
    <relations>
    </relations>
  </document>
</xml>
