<xml generator="AnnotationTools" format="public" version="1">
  <document>
    <text>
      <raw> 2018-09-24    Будущая украинская военная база в Азовском море, согласно утвержденному Генштабом страны плану, на начальном этапе будет использовать инфраструктуру торговых портов. Об этом в понедельник сообщил секретарь комитета Верховной рады по национальной безопасности и обороне Иван Винник в эфире телеканала &amp;quot;112. Украина&amp;quot;.    &amp;quot;Соответствующие планы развертывания [военной базы] уже утверждены Генштабом. Что касается инфраструктуры, пока будет использоваться инфраструктура торговых портов&amp;quot;, - заявил депутат. Он уточнил, что в дальнейшем база будет &amp;quot;развиваться в направлении военного применения, возможно, со строительством дополнительных причалов и тому подобного&amp;quot;.    Два судна ВМС Украины - поисково-спасательное &amp;quot;Донбасс&amp;quot; и морской буксир &amp;quot;Корец&amp;quot; ВМС Украины - 20 сентября вышли из порта Одессы, а 23 сентября вошли в исключительную экономическую зону России у берегов Крыма, где их сопровождали корабли береговой охраны Пограничной службы ФСБ России. В воскресенье суда ВМС Украины прошли под Крымским мостом в Керченском проливе, вошли в Азовское море и направились в сторону Мариуполя, куда должны прибыть к вечеру понедельника.    Ранее сообщалось, что &amp;quot;Донбасс&amp;quot; и &amp;quot;Корец&amp;quot; планируется использовать для усиления инфраструктуры создаваемой в Бердянске базы ВМС. Так, по данным украинских СМИ, на судне &amp;quot;Донбасс&amp;quot; есть возможность для размещения штаба будущей базы, мест для проживания военнослужащих, имеются склады и прочие необходимые помещения, которых на сегодня в регионе нет.    Командующий Сухопутными войсками ВСУ генерал-полковник Сергей Попко 12 сентября сообщил, что по решению Генерального штаба Вооруженных сил Украины усилена группировка Вооруженных сил, в том числе Сухопутных войск, на Азовском направлении. Также, 11 сентября, замминистра инфраструктуры Украины Юрий Лавренюк проинформировал о переброске на Азовское море бронекатеров. По данным украинских СМИ, в настоящее время там находятся два артиллерийских катера класса &amp;quot;Гюрза-М&amp;quot;, планируется переброска десантно-штурмовых катеров &amp;quot;Кентавр&amp;quot;.    Эти шаги реализуются в рамках комплекса мероприятий по усилению военного присутствия Украины в Азовском море, утвержденного 6 сентября Советом нацбезопасности и обороны по указу президента Петра Порошенко. В частности, речь идет о создании в регионе корабельно-катерной группировки и обеспечении подразделений береговой обороны &amp;quot;новейшим высокоточным ракетным оружием&amp;quot;. Тогда же Порошенко поручил правительству разработать морскую доктрину, а министерствам иностранных дел и юстиции - подготовить предложения &amp;quot;о юридической защите национальных интересов&amp;quot; в данном регионе.    https://tass.ru/mezhdunarodnaya-panorama/5598724</raw>
      <annotated> <DocCreationTime DayOfWeek="2018-W39-1"><TE Category="Date" Value="2018-09-24">2018-09-24</TE></DocCreationTime>    Будущая украинская военная база в Азовском море, согласно утвержденному Генштабом страны плану, на начальном этапе будет использовать инфраструктуру торговых портов. Об этом в <Field Category="DayOfWeek"><TE Category="Date" Value="2018-W39-1">понедельник</TE></Field> сообщил секретарь комитета Верховной рады по национальной безопасности и обороне Иван Винник в эфире телеканала &amp;quot;112. Украина&amp;quot;.    &amp;quot;Соответствующие планы развертывания [военной базы] уже утверждены Генштабом. Что касается инфраструктуры, пока будет использоваться инфраструктура торговых портов&amp;quot;, - заявил депутат. Он уточнил, что в дальнейшем база будет &amp;quot;развиваться в направлении военного применения, возможно, со строительством дополнительных причалов и тому подобного&amp;quot;.    Два судна ВМС Украины - поисково-спасательное &amp;quot;Донбасс&amp;quot; и морской буксир &amp;quot;Корец&amp;quot; ВМС Украины - <TE Category="Date" Value="2018-09-20"><Field Category="Day">20</Field> <Field Category="MonthName">сентября</Field></TE> вышли из порта Одессы, а <TE Category="Date" Value="2018-09-23"><Field Category="Day">23</Field> <Field Category="MonthName">сентября</Field></TE> вошли в исключительную экономическую зону России у берегов Крыма, где их сопровождали корабли береговой охраны Пограничной службы ФСБ России. В <Field Category="DayOfWeek"><TE Category="Date" Value="2018-W38-7">воскресенье</TE></Field> суда ВМС Украины прошли под Крымским мостом в Керченском проливе, вошли в Азовское море и направились в сторону Мариуполя, куда должны прибыть к вечеру <Field Category="DayOfWeek"><TE Category="Date" Value="2018-W39-1">понедельника</TE></Field>.    Ранее сообщалось, что &amp;quot;Донбасс&amp;quot; и &amp;quot;Корец&amp;quot; планируется использовать для усиления инфраструктуры создаваемой в Бердянске базы ВМС. Так, по данным украинских СМИ, на судне &amp;quot;Донбасс&amp;quot; есть возможность для размещения штаба будущей базы, мест для проживания военнослужащих, имеются склады и прочие необходимые помещения, которых на <Field Category="Day">сегодня</Field> в регионе нет.    Командующий Сухопутными войсками ВСУ генерал-полковник Сергей Попко <TE Category="Date" Value="2018-09-12"><Field Category="Day">12</Field> <Field Category="MonthName">сентября</Field></TE> сообщил, что по решению Генерального штаба Вооруженных сил Украины усилена группировка Вооруженных сил, в том числе Сухопутных войск, на Азовском направлении. Также, <TE Category="Date" Value="2018-09-11"><Field Category="Day">11</Field> <Field Category="MonthName">сентября</Field></TE>, замминистра инфраструктуры Украины Юрий Лавренюк проинформировал о переброске на Азовское море бронекатеров. По данным украинских СМИ, в настоящее время там находятся два артиллерийских катера класса &amp;quot;Гюрза-М&amp;quot;, планируется переброска десантно-штурмовых катеров &amp;quot;Кентавр&amp;quot;.    Эти шаги реализуются в рамках комплекса мероприятий по усилению военного присутствия Украины в Азовском море, утвержденного <TE Category="Date" Value="2018-09-06"><Field Category="Day">6</Field> <Field Category="MonthName">сентября</Field></TE> Советом нацбезопасности и обороны по указу президента Петра Порошенко. В частности, речь идет о создании в регионе корабельно-катерной группировки и обеспечении подразделений береговой обороны &amp;quot;новейшим высокоточным ракетным оружием&amp;quot;. Тогда же Порошенко поручил правительству разработать морскую доктрину, а министерствам иностранных дел и юстиции - подготовить предложения &amp;quot;о юридической защите национальных интересов&amp;quot; в данном регионе.    https://tass.ru/mezhdunarodnaya-panorama/5598724</annotated>
    </text>
<!-- NOTE: Annotation boundaries below corresponds to text without XHTML-entities encoding. -->
    <annotations>
      <annotation DayOfWeek="2018-W39-1" __Id="444" __Class="DocCreationTime" __From="1" __To="10"/>
      <annotation Category="Date" Value="2018-09-24" __Id="445" __Class="TE" __From="1" __To="10"/>
      <annotation Category="DayOfWeek" __Id="448" __Class="Field" __From="191" __To="201"/>
      <annotation Category="Date" Value="2018-W39-1" __Id="450" __Class="TE" __From="191" __To="201"/>
      <annotation Category="Day" __Id="456" __Class="Field" __From="825" __To="826"/>
      <annotation Category="Date" Value="2018-09-20" __Id="457" __Class="TE" __From="825" __To="835"/>
      <annotation Category="MonthName" __Id="458" __Class="Field" __From="828" __To="835"/>
      <annotation Category="Day" __Id="460" __Class="Field" __From="862" __To="863"/>
      <annotation Category="Date" Value="2018-09-23" __Id="461" __Class="TE" __From="862" __To="872"/>
      <annotation Category="MonthName" __Id="462" __Class="Field" __From="865" __To="872"/>
      <annotation Category="DayOfWeek" __Id="465" __Class="Field" __From="1018" __To="1028"/>
      <annotation Category="Date" Value="2018-W38-7" __Id="467" __Class="TE" __From="1018" __To="1028"/>
      <annotation Category="DayOfWeek" __Id="468" __Class="Field" __From="1182" __To="1193"/>
      <annotation Category="Date" Value="2018-W39-1" __Id="470" __Class="TE" __From="1182" __To="1193"/>
      <annotation Category="Day" __Id="474" __Class="Field" __From="1554" __To="1560"/>
      <annotation Category="Day" __Id="476" __Class="Field" __From="1648" __To="1649"/>
      <annotation Category="Date" Value="2018-09-12" __Id="477" __Class="TE" __From="1648" __To="1658"/>
      <annotation Category="MonthName" __Id="478" __Class="Field" __From="1651" __To="1658"/>
      <annotation Category="Day" __Id="481" __Class="Field" __From="1826" __To="1827"/>
      <annotation Category="Date" Value="2018-09-11" __Id="482" __Class="TE" __From="1826" __To="1836"/>
      <annotation Category="MonthName" __Id="483" __Class="Field" __From="1829" __To="1836"/>
      <annotation Category="Day" __Id="487" __Class="Field" __From="2258" __To="2258"/>
      <annotation Category="Date" Value="2018-09-06" __Id="488" __Class="TE" __From="2258" __To="2267"/>
      <annotation Category="MonthName" __Id="489" __Class="Field" __From="2260" __To="2267"/>
    </annotations>
    <relations>
    </relations>
  </document>
</xml>
