<xml generator="AnnotationTools" format-version="1">
  <document>
    <text>
      <raw> 2016-04-06    Азербайджан обвинил армянскую армию в нарушении режима прекращения огня    Министерство обороны Азербайджана обвинило армянские силы в Нагорном Карабахе в нарушении режима прекращения огня. Соответствующее заявление опубликовала в среду, 6 апреля, пресс-служба военного ведомства.    «Несмотря на договоренность о прекращении военных операций, достигнутую в Москве между начальниками генеральных штабов вооруженных сил Азербайджана и Армении, подразделения армянской армии продолжают прерывать режим прекращения огня», — говорится в сообщении.    Согласно заявлению Минобороны, были обстреляны из минометов позиции у населенного пункта Тапгарагойунлу Геранбойского района, азербайджанские силы не открывали ответного огня.    Ранее в среду Баку заявил, что договоренность о прекращении боевых действия в Нагорном Карабахе была достигнута при посредничестве России. «5 апреля в городе Москве состоялась встреча начальника Генерального штаба Вооруженных сил Азербайджана генерал-полковника Наджмеддина Садыкова и начальника Генерального штаба Вооруженных сил Армении генерал-полковника Юрия Хачатурова», — отмечалось в сообщении.    5 апреля с заявлением о начале перемирия выступил начальник Главного информационного управления президента непризнанной Нагорно-Карабахской Республики (НКР) Давид Бабаян.    Перемирие в зоне конфликта в Нагорном Карабахе было нарушено в ночь на 2 апреля 2016 года. Этническое противостояние, обострившееся в конце 80-х — начале 90-х годов прошлого века, переросло в вооруженные столкновения в 1991 году, когда на части территорий региона была провозглашена Нагорно-Карабахская Республика (НКР). Баку попытался вернуть регион под свой контроль силой, но потерпел неудачу. В мае 1994-го представители парламентов Азербайджана, Армении и непризнанной НКР подписали при посредничестве России Бишкекский протокол о перемирии. В том же месяце соглашение о бессрочном прекращении огня подписали главы военных ведомств трех республик.    По официальным данным Баку, в ходе боестолкновений в Нагорном Карабахе с 1991 по 1994 год погибли 11,5 тысяч военнослужащих Азербайджана. По подсчетам социолога Владимира Мукомеля, за все время противостояния жертвами конфликта с обеих сторон могли стать 24 тысячи человек, включая мирное население.    https://lenta.ru/news/2016/04/06/accusation/</raw>
      <annotated> <DocCreationTime DayOfWeek="2016-W14-3"><TE Category="Date" Value="2016-04-06">2016-04-06</TE></DocCreationTime>    Азербайджан обвинил армянскую армию в нарушении режима прекращения огня    Министерство обороны Азербайджана обвинило армянские силы в Нагорном Карабахе в нарушении режима прекращения огня. Соответствующее заявление опубликовала в <Field Category="DayOfWeek"><Restored Through="DCT" U_Class="4"><TE Category="Date" Value="2016-W14-3">среду</TE></Restored></Field>, <TE Category="Date" Value="2016-04-06"><Field Category="Day">6</Field> <Field Category="MonthName"><Restored Through="DCT" U_Class="4">апреля</Restored></Field></TE>, пресс-служба военного ведомства.    «Несмотря на договоренность о прекращении военных операций, достигнутую в Москве между начальниками генеральных штабов вооруженных сил Азербайджана и Армении, подразделения армянской армии продолжают прерывать режим прекращения огня», — говорится в сообщении.    Согласно заявлению Минобороны, были обстреляны из минометов позиции у населенного пункта Тапгарагойунлу Геранбойского района, азербайджанские силы не открывали ответного огня.    Ранее в <Field Category="DayOfWeek"><Restored Through="DCT" U_Class="4"><TE Category="Date" Value="2016-W14-3">среду</TE></Restored></Field> Баку заявил, что договоренность о прекращении боевых действия в Нагорном Карабахе была достигнута при посредничестве России. «<TE Category="Date" Value="2016-04-05"><Field Category="Day">5</Field> <Field Category="MonthName"><Restored Through="DCT" U_Class="4">апреля</Restored></Field></TE> в городе Москве состоялась встреча начальника Генерального штаба Вооруженных сил Азербайджана генерал-полковника Наджмеддина Садыкова и начальника Генерального штаба Вооруженных сил Армении генерал-полковника Юрия Хачатурова», — отмечалось в сообщении.    <TE Category="Date" Value="2016-04-05"><Field Category="Day">5</Field> <Field Category="MonthName"><Restored Through="DCT" U_Class="4">апреля</Restored></Field></TE> с заявлением о начале перемирия выступил начальник Главного информационного управления президента непризнанной Нагорно-Карабахской Республики (НКР) Давид Бабаян.    Перемирие в зоне конфликта в Нагорном Карабахе было нарушено в ночь на <TE Category="Date" Value="2016-04-02"><Field Category="Day">2</Field> <Field Category="MonthName">апреля</Field> <Field Category="Year">2016 года</Field></TE>. Этническое противостояние, обострившееся в <TE Category="Date" Value="198-END"><Field Category="Phase">конце</Field> <Field Category="YearsX0"><Restored Through="DCT" U_Class="5">80-х</Restored></Field></TE> — <TE Category="Date" Value="199-START"><Field Category="Phase">начале</Field> <Field Category="YearsX0">90-х годов</Field> <Anchored To="DCT" U_Class="1-D"><Field Category="Century">прошлого века</Field></Anchored></TE>, переросло в вооруженные столкновения в <Field Category="Year"><TE Category="Date" Value="1991">1991 году</TE></Field>, когда на части территорий региона была провозглашена Нагорно-Карабахская Республика (НКР). Баку попытался вернуть регион под свой контроль силой, но потерпел неудачу. В <TE Category="Date" Value="1994-05"><Field Category="MonthName">мае</Field> <Field Category="Year">1994-го</Field></TE> представители парламентов Азербайджана, Армении и непризнанной НКР подписали при посредничестве России Бишкекский протокол о перемирии. В <Anchored To="Text" U_Class="1-A"><Field Category="Month"><TE Category="Date" Value="1994-05">том же месяце</TE></Field></Anchored> соглашение о бессрочном прекращении огня подписали главы военных ведомств трех республик.    По официальным данным Баку, в ходе боестолкновений в Нагорном Карабахе с <Field Category="Year"><TE Category="Date" Value="1991">1991</TE></Field> по <Field Category="Year"><TE Category="Date" Value="1994">1994 год</TE></Field> погибли 11,5 тысяч военнослужащих Азербайджана. По подсчетам социолога Владимира Мукомеля, за все время противостояния жертвами конфликта с обеих сторон могли стать 24 тысячи человек, включая мирное население.    https://lenta.ru/news/2016/04/06/accusation/</annotated>
    </text>
    <annotations>
      <annotation DayOfWeek="2016-W14-3" __Id="381" __Class="DocCreationTime" __From="1" __To="10"/>
      <annotation Category="Date" Value="2016-04-06" __Id="382" __Class="TE" __From="1" __To="10"/>
      <annotation Category="DayOfWeek" __Id="386" __Class="Field" __From="246" __To="250"/>
      <annotation Through="DCT" U_Class="4" __Id="387" __Class="Restored" __From="246" __To="250"/>
      <annotation Category="Date" Value="2016-W14-3" __Id="388" __Class="TE" __From="246" __To="250"/>
      <annotation Category="Day" __Id="389" __Class="Field" __From="253" __To="253"/>
      <annotation Category="Date" Value="2016-04-06" __Id="390" __Class="TE" __From="253" __To="260"/>
      <annotation Category="MonthName" __Id="391" __Class="Field" __From="255" __To="260"/>
      <annotation Through="DCT" U_Class="4" __Id="392" __Class="Restored" __From="255" __To="260"/>
      <annotation Category="DayOfWeek" __Id="396" __Class="Field" __From="749" __To="753"/>
      <annotation Through="DCT" U_Class="4" __Id="397" __Class="Restored" __From="749" __To="753"/>
      <annotation Category="Date" Value="2016-W14-3" __Id="398" __Class="TE" __From="749" __To="753"/>
      <annotation Category="Day" __Id="400" __Class="Field" __From="881" __To="881"/>
      <annotation Category="Date" Value="2016-04-05" __Id="401" __Class="TE" __From="881" __To="888"/>
      <annotation Category="MonthName" __Id="402" __Class="Field" __From="883" __To="888"/>
      <annotation Through="DCT" U_Class="4" __Id="403" __Class="Restored" __From="883" __To="888"/>
      <annotation Category="Day" __Id="405" __Class="Field" __From="1146" __To="1146"/>
      <annotation Category="Date" Value="2016-04-05" __Id="406" __Class="TE" __From="1146" __To="1153"/>
      <annotation Category="MonthName" __Id="407" __Class="Field" __From="1148" __To="1153"/>
      <annotation Through="DCT" U_Class="4" __Id="408" __Class="Restored" __From="1148" __To="1153"/>
      <annotation Category="Day" __Id="410" __Class="Field" __From="1391" __To="1391"/>
      <annotation Category="Date" Value="2016-04-02" __Id="411" __Class="TE" __From="1391" __To="1408"/>
      <annotation Category="MonthName" __Id="412" __Class="Field" __From="1393" __To="1398"/>
      <annotation Category="Year" __Id="413" __Class="Field" __From="1400" __To="1408"/>
      <annotation Category="Phase" __Id="415" __Class="Field" __From="1454" __To="1458"/>
      <annotation Category="Date" Value="198-END" __Id="416" __Class="TE" __From="1454" __To="1463"/>
      <annotation Category="YearsX0" __Id="417" __Class="Field" __From="1460" __To="1463"/>
      <annotation Through="DCT" U_Class="5" __Id="418" __Class="Restored" __From="1460" __To="1463"/>
      <annotation Category="Phase" __Id="419" __Class="Field" __From="1467" __To="1472"/>
      <annotation Category="Date" Value="199-START" __Id="420" __Class="TE" __From="1467" __To="1497"/>
      <annotation Category="YearsX0" __Id="421" __Class="Field" __From="1474" __To="1483"/>
      <annotation To="DCT" U_Class="1-D" __Id="422" __Class="Anchored" __From="1485" __To="1497"/>
      <annotation Category="Century" __Id="423" __Class="Field" __From="1485" __To="1497"/>
      <annotation Category="Year" __Id="424" __Class="Field" __From="1539" __To="1547"/>
      <annotation Category="Date" Value="1991" __Id="425" __Class="TE" __From="1539" __To="1547"/>
      <annotation Category="MonthName" __Id="428" __Class="Field" __From="1719" __To="1721"/>
      <annotation Category="Date" Value="1994-05" __Id="429" __Class="TE" __From="1719" __To="1729"/>
      <annotation Category="Year" __Id="430" __Class="Field" __From="1723" __To="1729"/>
      <annotation To="Text" U_Class="1-A" __Id="432" __Class="Anchored" __From="1869" __To="1881"/>
      <annotation Category="Month" __Id="433" __Class="Field" __From="1869" __To="1881"/>
      <annotation Category="Date" Value="1994-05" __Id="434" __Class="TE" __From="1869" __To="1881"/>
      <annotation Category="Year" __Id="436" __Class="Field" __From="2049" __To="2052"/>
      <annotation Category="Date" Value="1991" __Id="437" __Class="TE" __From="2049" __To="2052"/>
      <annotation Category="Year" __Id="438" __Class="Field" __From="2057" __To="2064"/>
      <annotation Category="Date" Value="1994" __Id="439" __Class="TE" __From="2057" __To="2064"/>
    </annotations>
    <relations>
    </relations>
  </document>
</xml>
