<xml generator="AnnotationTools" target="public" format-version="1">
  <document>
    <text>
      <raw> 2018-09-24    В воскресенье во время представления на гастролях цирка &quot;Планета 13&quot; в Магнитогорске у тигрицы Зены случился приступ. Об этом ТАСС сообщил дрессировщик Артур Багдасаров.    &quot;Это было вчера, у тигрицы Зены во время представления в Магнитогорске вдруг случился приступ. Какой именно приступ, пока никто не знает. Во время представления наша задача была привести ее в чувства: ее полили водой, она пришла в себя, зашла в клетку&quot;, - рассказал собеседник агентства.    По словам Багдасарова, животное сейчас чувствует себя нормально, ест, пьет. Тигрице шесть лет, она считается нормальным тигром. &quot;Теперь ее обследуют врачи, возьмут кровь на анализ, выяснят, что произошло&quot;, - отметил он, добавив, что такой случай в цирке первый раз.    В прокуратуре и полиции ТАСС сообщили, что не располагают информацией о проведении проверки в связи со случившимся.    https://tass.ru/obschestvo/5598278</raw>
      <annotated> <DocCreationTime DayOfWeek="2018-W39-1"><TE Category="Date" Value="2018-09-24">2018-09-24</TE></DocCreationTime>    В <Field Category="DayOfWeek"><Restored Through="DCT" U_Class="4"><TE Category="Date" Value="2018-W38-7">воскресенье</TE></Restored></Field> во время представления на гастролях цирка &quot;Планета 13&quot; в Магнитогорске у тигрицы Зены случился приступ. Об этом ТАСС сообщил дрессировщик Артур Багдасаров.    &quot;Это было <Anchored To="DCT" U_Class="1-D"><Field Category="Day"><TE Category="Date" Value="2018-09-23">вчера</TE></Field></Anchored>, у тигрицы Зены во время представления в Магнитогорске вдруг случился приступ. Какой именно приступ, пока никто не знает. Во время представления наша задача была привести ее в чувства: ее полили водой, она пришла в себя, зашла в клетку&quot;, - рассказал собеседник агентства.    По словам Багдасарова, животное сейчас чувствует себя нормально, ест, пьет. Тигрице шесть лет, она считается нормальным тигром. &quot;Теперь ее обследуют врачи, возьмут кровь на анализ, выяснят, что произошло&quot;, - отметил он, добавив, что такой случай в цирке первый раз.    В прокуратуре и полиции ТАСС сообщили, что не располагают информацией о проведении проверки в связи со случившимся.    https://tass.ru/obschestvo/5598278</annotated>
    </text>
    <annotations>
      <annotation DayOfWeek="2018-W39-1" __Id="191" __Class="DocCreationTime" __From="1" __To="10"/>
      <annotation Category="Date" Value="2018-09-24" __Id="192" __Class="TE" __From="1" __To="10"/>
      <annotation Category="DayOfWeek" __Id="194" __Class="Field" __From="17" __To="27"/>
      <annotation Through="DCT" U_Class="4" __Id="195" __Class="Restored" __From="17" __To="27"/>
      <annotation Category="Date" Value="2018-W38-7" __Id="196" __Class="TE" __From="17" __To="27"/>
      <annotation To="DCT" U_Class="1-D" __Id="199" __Class="Anchored" __From="213" __To="217"/>
      <annotation Category="Day" __Id="200" __Class="Field" __From="213" __To="217"/>
      <annotation Category="Date" Value="2018-09-23" __Id="201" __Class="TE" __From="213" __To="217"/>
    </annotations>
    <relations>
    </relations>
  </document>
</xml>
