<xml generator="AnnotationTools" format-version="1">
  <document>
    <text>
      <raw> 2018-05-29    Готовящий встречу Трампа и Ким Чен Ына северокорейский чиновник отправился в США    Зампредседателя ЦК Трудовой партии Кореи Ким Ён Чхоль отправился в Нью-Йорк на переговоры по подготовке саммита США— Северная Корея. Об этом сообщает агентство Ёнхап со ссылкой на собственные источники.    В настоящее время чиновник находится в Пекине, откуда вылетит в США 30 мая в 13:00 по местному времени (08:00 мск).  По сведениям агентства, Ким Ён Чхоль должен встретиться с госсекретарем США Майком Помпео для обсуждения деталей предстоящей встречи президента США Дональда Трампа и лидера КНДР Ким Чен Ына.    Саммит намечен на 12 июня и должен пройти в Сингапуре. Темой встречи должна стать денуклеаризация Корейского полуострова. 26 мая американский лидер подтвердил, что переговоры о встрече на высшем уровне с главой КНДР возобновились.    Двумя днями ранее Трамп отказался от запланированного саммита с Ким Чен Ыном. Свое решение он объяснил открытой враждебностью, проявленной лично лидером КНДР в его недавних заявлениях в адрес Вашингтона. Пхеньян выразил сожаление в связи с решением хозяина Белого дома и сообщил о готовности все же сесть за стол переговоров.    https://lenta.ru/news/2018/05/29/poezdka v usa/</raw>
      <annotated> <DocCreationTime DayOfWeek="2018-W22-2"><TE Category="Date" Value="2018-05-29">2018-05-29</TE></DocCreationTime>    Готовящий встречу Трампа и Ким Чен Ына северокорейский чиновник отправился в США    Зампредседателя ЦК Трудовой партии Кореи Ким Ён Чхоль отправился в Нью-Йорк на переговоры по подготовке саммита США— Северная Корея. Об этом сообщает агентство Ёнхап со ссылкой на собственные источники.    В настоящее время чиновник находится в Пекине, откуда вылетит в США <TE Category="Date" Value="2018-05-30"><Field Category="Day">30</Field> <Field Category="MonthName"><Restored Through="DCT" U_Class="4">мая</Restored></Field></TE> в 13:00 по местному времени (08:00 мск).  По сведениям агентства, Ким Ён Чхоль должен встретиться с госсекретарем США Майком Помпео для обсуждения деталей предстоящей встречи президента США Дональда Трампа и лидера КНДР Ким Чен Ына.    Саммит намечен на <TE Category="Date" Value="2018-06-12"><Field Category="Day">12</Field> <Field Category="MonthName"><Restored Through="DCT" U_Class="4">июня</Restored></Field></TE> и должен пройти в Сингапуре. Темой встречи должна стать денуклеаризация Корейского полуострова. <TE Category="Date" Value="2018-05-26"><Field Category="Day">26</Field> <Field Category="MonthName"><Restored Through="DCT" U_Class="4">мая</Restored></Field></TE> американский лидер подтвердил, что переговоры о встрече на высшем уровне с главой КНДР возобновились.    <Anchored To="Text" U_Class="7-A"><TE Category="ShiftExp" Formula="BEFORE,Dur,Anchor"><TE Category="Dur" Value="P2D">Двумя днями</TE> ранее</TE></Anchored> Трамп отказался от запланированного саммита с Ким Чен Ыном. Свое решение он объяснил открытой враждебностью, проявленной лично лидером КНДР в его недавних заявлениях в адрес Вашингтона. Пхеньян выразил сожаление в связи с решением хозяина Белого дома и сообщил о готовности все же сесть за стол переговоров.    https://lenta.ru/news/2018/05/29/poezdka v usa/</annotated>
    </text>
    <annotations>
      <annotation DayOfWeek="2018-W22-2" __Id="239" __Class="DocCreationTime" __From="1" __To="10"/>
      <annotation Category="Date" Value="2018-05-29" __Id="240" __Class="TE" __From="1" __To="10"/>
      <annotation Category="Day" __Id="245" __Class="Field" __From="373" __To="374"/>
      <annotation Category="Date" Value="2018-05-30" __Id="246" __Class="TE" __From="373" __To="378"/>
      <annotation Category="MonthName" __Id="247" __Class="Field" __From="376" __To="378"/>
      <annotation Through="DCT" U_Class="4" __Id="248" __Class="Restored" __From="376" __To="378"/>
      <annotation Category="Day" __Id="251" __Class="Field" __From="634" __To="635"/>
      <annotation Category="Date" Value="2018-06-12" __Id="252" __Class="TE" __From="634" __To="640"/>
      <annotation Category="MonthName" __Id="253" __Class="Field" __From="637" __To="640"/>
      <annotation Through="DCT" U_Class="4" __Id="254" __Class="Restored" __From="637" __To="640"/>
      <annotation Category="Day" __Id="256" __Class="Field" __From="738" __To="739"/>
      <annotation Category="Date" Value="2018-05-26" __Id="258" __Class="TE" __From="738" __To="743"/>
      <annotation Category="MonthName" __Id="259" __Class="Field" __From="741" __To="743"/>
      <annotation Through="DCT" U_Class="4" __Id="260" __Class="Restored" __From="741" __To="743"/>
      <annotation To="Text" U_Class="7-A" __Id="262" __Class="Anchored" __From="850" __To="866"/>
      <annotation Category="ShiftExp" Formula="BEFORE,Dur,Anchor" __Id="263" __Class="TE" __From="850" __To="866"/>
      <annotation Category="Dur" Value="P2D" __Id="264" __Class="TE" __From="850" __To="860"/>
    </annotations>
    <relations>
      <relation __Id="0" __Class="AnchoredTo"><from><annotation __Id="263"/></from><to><annotation __Id="258"/></to></relation>
    </relations>
  </document>
</xml>
