<xml generator="AnnotationTools" format-version="1">
  <document>
    <text>
      <raw> 2014-11-12    Украина в третий раз национализировала комбинат Дерипаски    Высший хозяйственный суд Украины передал в собственность государства 68,01 процента акций Запорожского алюминиевого комбината (ЗАлК), который принадлежит российской компании «Русал» Олега Дерипаски. Об этом сообщает украинское агентство УНИАН.    «Принятое Высшим хозяйственным судом Украины постановление мы считаем незаконным и поэтому подали жалобу в Верховный суд Украины», — сообщили агентству в пресс-службе «Русала» и добавили, что компания является законопослушным покупателем акций украинского завода.    В 2012 году Хозяйственный суд Киева уже пытался вернуть в собственность украинского государства акции ЗАлКа. Тогда суд удовлетворил требование Генпрокуратуры расторгнуть договоры купли-продажи 423,5 миллиона акций комбината номинальной стоимостью 0,25 гривны каждая. Решение национализировать предприятие было принято в связи с тем, что Запорожский алюминиевый комбинат по собственной инициативе расторг кредитное соглашение о рефинансировании задолженности на 75,5 миллиона долларов. Тем самым ЗАлК, как считает Генпрокуратура Украины, существенно нарушил имущественные интересы государства. Решение суда было успешно обжаловано «Русалом». В мае 2011 года суд также постановил вернуть предприятие в госсобственность, но спустя три месяца это решение было отменено.    ЗАлК является единственным производителем алюминия на Украине. В 2011 году «Русал» прекратил выпуск алюминия на предприятии из-за отмены скидок на электроэнергию для промышленности. В апреле 2014 года комбинат прекратил выпуск алюминиевой катанки, которая используется в производстве кабелей, из-за низкого уровня спроса.     https://lenta.ru/news/2014/11/12/zalkderip/</raw>
      <annotated> <DocCreationTime DayOfWeek="2014-W46-3"><TE Category="Date" Value="2014-11-12">2014-11-12</TE></DocCreationTime>    Украина в третий раз национализировала комбинат Дерипаски    Высший хозяйственный суд Украины передал в собственность государства 68,01 процента акций Запорожского алюминиевого комбината (ЗАлК), который принадлежит российской компании «Русал» Олега Дерипаски. Об этом сообщает украинское агентство УНИАН.    «Принятое Высшим хозяйственным судом Украины постановление мы считаем незаконным и поэтому подали жалобу в Верховный суд Украины», — сообщили агентству в пресс-службе «Русала» и добавили, что компания является законопослушным покупателем акций украинского завода.    В <Field Category="Year"><TE Category="Date" Value="2012">2012 году</TE></Field> Хозяйственный суд Киева уже пытался вернуть в собственность украинского государства акции ЗАлКа. Тогда суд удовлетворил требование Генпрокуратуры расторгнуть договоры купли-продажи 423,5 миллиона акций комбината номинальной стоимостью 0,25 гривны каждая. Решение национализировать предприятие было принято в связи с тем, что Запорожский алюминиевый комбинат по собственной инициативе расторг кредитное соглашение о рефинансировании задолженности на 75,5 миллиона долларов. Тем самым ЗАлК, как считает Генпрокуратура Украины, существенно нарушил имущественные интересы государства. Решение суда было успешно обжаловано «Русалом». В <TE Category="Date" Value="2011-05"><Field Category="MonthName">мае</Field> <Field Category="Year">2011 года</Field></TE> суд также постановил вернуть предприятие в госсобственность, но <Anchored To="DCT" U_Class="7-DA"><TE Category="ShiftExp" Formula="AFTER,Dur,Anchor">спустя <TE Category="Dur" Value="P3M">три месяца</TE></TE></Anchored> это решение было отменено.    ЗАлК является единственным производителем алюминия на Украине. В <Field Category="Year"><TE Category="Date" Value="2011">2011 году</TE></Field> «Русал» прекратил выпуск алюминия на предприятии из-за отмены скидок на электроэнергию для промышленности. В <TE Category="Date" Value="2014-04"><Field Category="MonthName">апреле</Field> <Field Category="Year">2014 года</Field></TE> комбинат прекратил выпуск алюминиевой катанки, которая используется в производстве кабелей, из-за низкого уровня спроса.     https://lenta.ru/news/2014/11/12/zalkderip/</annotated>
    </text>
    <annotations>
      <annotation DayOfWeek="2014-W46-3" __Id="291" __Class="DocCreationTime" __From="1" __To="10"/>
      <annotation Category="Date" Value="2014-11-12" __Id="292" __Class="TE" __From="1" __To="10"/>
      <annotation Category="Year" __Id="298" __Class="Field" __From="592" __To="600"/>
      <annotation Category="Date" Value="2012" __Id="299" __Class="TE" __From="592" __To="600"/>
      <annotation Category="MonthName" __Id="305" __Class="Field" __From="1233" __To="1235"/>
      <annotation Category="Date" Value="2011-05" __Id="306" __Class="TE" __From="1233" __To="1245"/>
      <annotation Category="Year" __Id="307" __Class="Field" __From="1237" __To="1245"/>
      <annotation To="DCT" U_Class="7-DA" __Id="308" __Class="Anchored" __From="1311" __To="1327"/>
      <annotation Category="ShiftExp" Formula="AFTER,Dur,Anchor" __Id="309" __Class="TE" __From="1311" __To="1327"/>
      <annotation Category="Dur" Value="P3M" __Id="310" __Class="TE" __From="1318" __To="1327"/>
      <annotation Category="Year" __Id="313" __Class="Field" __From="1424" __To="1432"/>
      <annotation Category="Date" Value="2011" __Id="314" __Class="TE" __From="1424" __To="1432"/>
      <annotation Category="MonthName" __Id="316" __Class="Field" __From="1543" __To="1548"/>
      <annotation Category="Date" Value="2014-04" __Id="317" __Class="TE" __From="1543" __To="1558"/>
      <annotation Category="Year" __Id="318" __Class="Field" __From="1550" __To="1558"/>
    </annotations>
    <relations>
      <relation __Id="0" __Class="AnchoredTo"><from><annotation __Id="309"/></from><to><annotation __Id="306"/></to></relation>
    </relations>
  </document>
</xml>
