<xml generator="AnnotationTools" format-version="1">
  <document>
    <text>
      <raw> 2018-09-25    Председатель парламента Молдавии Андриан Канду утвердил во вторник двух новых министров, подписав соответствующие документы вместо президента страны Игоря Додона.    Церемония подписания транслировалась телеканалом &quot;Публика&quot;.    Такими полномочиями спикера наделил в понедельник Конституционный суд страны, который признал повторный отказ президента утвердить предложенных правящей Демократической партией Молдовы (ДПМ) членов кабинета &quot;нарушением конституционных обязанностей&quot;.    Так, на пост главы министерства сельского хозяйства, регионального развития и окружающей среды назначен Николай Чубук, а главой министерства здравоохранения, труда и социальной защиты стала Сильвия Раду. Оба министра принесли присягу во вторник.    Свой отказ президент объяснил несоответствием этих кандидатов необходимым требованиям. Однако премьер-министр Павел Филип не стал обсуждать другие кандидатуры, после чего группа депутатов ДПМ обратилась в суд.    Подобный прецедент уже имел место в октябре 2017 года. Тогда Додон отказался назначить предложенного кандидата на пост министра обороны. После этого в январе 2018 года ДПМ по такой же процедуре назначила еще пять министров.    https://tass.ru/mezhdunarodnaya-panorama/5602625</raw>
      <annotated> <DocCreationTime DayOfWeek="2018-W39-2"><TE Category="Date" Value="2018-09-25">2018-09-25</TE></DocCreationTime>    Председатель парламента Молдавии Андриан Канду утвердил во <Field Category="DayOfWeek"><Restored Through="DCT" U_Class="4"><TE Category="Date" Value="2018-W39-2">вторник</TE></Restored></Field> двух новых министров, подписав соответствующие документы вместо президента страны Игоря Додона.    Церемония подписания транслировалась телеканалом &quot;Публика&quot;.    Такими полномочиями спикера наделил в <Field Category="DayOfWeek"><Restored Through="DCT" U_Class="4"><TE Category="Date" Value="2018-W39-1">понедельник</TE></Restored></Field> Конституционный суд страны, который признал повторный отказ президента утвердить предложенных правящей Демократической партией Молдовы (ДПМ) членов кабинета &quot;нарушением конституционных обязанностей&quot;.    Так, на пост главы министерства сельского хозяйства, регионального развития и окружающей среды назначен Николай Чубук, а главой министерства здравоохранения, труда и социальной защиты стала Сильвия Раду. Оба министра принесли присягу во <Field Category="DayOfWeek"><Restored Through="DCT" U_Class="4"><TE Category="Date" Value="2018-W39-2">вторник</TE></Restored></Field>.    Свой отказ президент объяснил несоответствием этих кандидатов необходимым требованиям. Однако премьер-министр Павел Филип не стал обсуждать другие кандидатуры, после чего группа депутатов ДПМ обратилась в суд.    Подобный прецедент уже имел место в <TE Category="Date" Value="2017-10"><Field Category="MonthName">октябре</Field> <Field Category="Year">2017 года</Field></TE>. Тогда Додон отказался назначить предложенного кандидата на пост министра обороны. После этого в <TE Category="Date" Value="2018-01"><Field Category="MonthName">январе</Field> <Field Category="Year">2018 года</Field></TE> ДПМ по такой же процедуре назначила еще пять министров.    https://tass.ru/mezhdunarodnaya-panorama/5602625</annotated>
    </text>
    <annotations>
      <annotation DayOfWeek="2018-W39-2" __Id="202" __Class="DocCreationTime" __From="1" __To="10"/>
      <annotation Category="Date" Value="2018-09-25" __Id="203" __Class="TE" __From="1" __To="10"/>
      <annotation Category="DayOfWeek" __Id="205" __Class="Field" __From="74" __To="80"/>
      <annotation Through="DCT" U_Class="4" __Id="206" __Class="Restored" __From="74" __To="80"/>
      <annotation Category="Date" Value="2018-W39-2" __Id="207" __Class="TE" __From="74" __To="80"/>
      <annotation Category="DayOfWeek" __Id="210" __Class="Field" __From="292" __To="302"/>
      <annotation Through="DCT" U_Class="4" __Id="211" __Class="Restored" __From="292" __To="302"/>
      <annotation Category="Date" Value="2018-W39-1" __Id="212" __Class="TE" __From="292" __To="302"/>
      <annotation Category="DayOfWeek" __Id="215" __Class="Field" __From="754" __To="760"/>
      <annotation Through="DCT" U_Class="4" __Id="216" __Class="Restored" __From="754" __To="760"/>
      <annotation Category="Date" Value="2018-W39-2" __Id="217" __Class="TE" __From="754" __To="760"/>
      <annotation Category="MonthName" __Id="221" __Class="Field" __From="1015" __To="1021"/>
      <annotation Category="Date" Value="2017-10" __Id="222" __Class="TE" __From="1015" __To="1031"/>
      <annotation Category="Year" __Id="223" __Class="Field" __From="1023" __To="1031"/>
      <annotation Category="MonthName" __Id="226" __Class="Field" __From="1130" __To="1135"/>
      <annotation Category="Date" Value="2018-01" __Id="227" __Class="TE" __From="1130" __To="1145"/>
      <annotation Category="Year" __Id="228" __Class="Field" __From="1137" __To="1145"/>
    </annotations>
    <relations>
    </relations>
  </document>
</xml>
