<xml generator="AnnotationTools" format-version="1">
  <document>
    <text>
      <raw> 2018-09-26    Жители сахалинской Охи, расположенной на самом севере острова, не смогут летать в материковый Хабаровск по льготным тарифам. Ранее горожане выходили на митинг по этому поводу, потом обратились к президенту России Владимиру Путину и добились субсидирования авиаперелётов на материк. Однако сегодня перевозчик — авиакомпания «Аврора» — заявляет, что несёт убытки и летать себе в ущерб не станет, передаёт корреспондент ИА REGNUM.    Еще в июле 2018 года охинцы праздновали победу: после их обращения в адрес президента России Владимира Путина комиссия Минтранса России разрешила включить маршрут Оха — Хабаровск в перечень субсидируемых с 1 августа. Однако время шло, но ничего не менялось. Цены продолжают по сегодняшний день держаться на уровне 15 тыс. рублей в среднем.  Но охинские активисты не сдавались и попробовали воздействовать на перевозчика через прокуратуру. В надзорное ведомство они направили письмо о несогласии с установленными тарифами. Но прокуратура не усмотрела нарушений в действиях авиакомпании «Аврора», а цены нашла экономически обоснованными. В начале сентября стоимость перелета эконом-классом достигла уже 18-20 тыс. рублей, сообщило ИА Сахалин Инфо.    В минтрансе Сахалинской области сообщили, что субсидированные рейсы «Авроры» убыточны и выполнять еще один невыгодный рейс авиакомпания не станет до тех пор, пока не повысят размер субсидии: «В июле 2018 года АО «Авиакомпания «Аврора» проинформировала правительство Сахалинской области об убытках в текущем году на субсидируемых маршрутах Хабаровск — Ноглики и Хабаровск — Шахтерск. С учетом вышеизложенного в адрес федерального Агентства воздушного транспорта были направлены предложения по внесению изменений в постановление №1242, в том числе и в части установления при отборе маршрутов внутри ДФО коэффициента 2,25 для определения размера субсидии», — говорится в ответе минтранса области.    Иными словами, до тех пор, пока федеральные чиновники не примут решения об увеличении размера субсидии, полёты из Охи в Хабаровск будут выполняться на коммерческой основе и сахалинским северянам летать «задёшево» на материк не светит.    Как сообщало ИА REGNUM, жители Охи, что на севере Сахалина, обратились к президенту России Владимиру Путину по вопросу субсидирования перелетов в материковый Хабаровск. Вскоре ими был получен ответ из управления президента РФ по работе с обращениями граждан: «Принято решение внести рейс Оха — Хабаровск в перечень субсидируемых. Стоимость билета в этом направлении составит 4674 рубля в одном направлении. Рейсы будет осуществлять авиакомпания «Аврора».  Однако дешевые билеты так и не вернулись в Оху. С 2018 года цены на перелет Оха — Хабаровск взлетели с 4,5 тыс. рублей до 13 тыс. рублей и с начала года уже успели вырасти.    https://regnum.ru/news/economy/2488920.html</raw>
      <annotated> <DocCreationTime DayOfWeek="2018-W39-3"><TE Category="Date" Value="2018-09-26">2018-09-26</TE></DocCreationTime>    Жители сахалинской Охи, расположенной на самом севере острова, не смогут летать в материковый Хабаровск по льготным тарифам. Ранее горожане выходили на митинг по этому поводу, потом обратились к президенту России Владимиру Путину и добились субсидирования авиаперелётов на материк. Однако <Anchored To="DCT" U_Class="1-D"><Field Category="Day"><TE Category="Date" Value="2018-09-26">сегодня</TE></Field></Anchored> перевозчик — авиакомпания «Аврора» — заявляет, что несёт убытки и летать себе в ущерб не станет, передаёт корреспондент ИА REGNUM.    Еще в <TE Category="Date" Value="2018-07"><Field Category="MonthName">июле</Field> <Field Category="Year">2018 года</Field></TE> охинцы праздновали победу: после их обращения в адрес президента России Владимира Путина комиссия Минтранса России разрешила включить маршрут Оха — Хабаровск в перечень субсидируемых с <TE Category="Date" Value="2018-08-01"><Field Category="Day">1</Field> <Field Category="MonthName"><Restored Through="DCT" U_Class="4">августа</Restored></Field></TE>. Однако время шло, но ничего не менялось. Цены продолжают по <Anchored To="DCT" U_Class="1-D"><Field Category="Day">сегодняшний день</Field></Anchored> держаться на уровне 15 тыс. рублей в среднем.  Но охинские активисты не сдавались и попробовали воздействовать на перевозчика через прокуратуру. В надзорное ведомство они направили письмо о несогласии с установленными тарифами. Но прокуратура не усмотрела нарушений в действиях авиакомпании «Аврора», а цены нашла экономически обоснованными. В <TE Category="Date" Value="2018-09-START"><Field Category="Phase">начале</Field> <Field Category="MonthName"><Restored Through="DCT" U_Class="4">сентября</Restored></Field></TE> стоимость перелета эконом-классом достигла уже 18-20 тыс. рублей, сообщило ИА Сахалин Инфо.    В минтрансе Сахалинской области сообщили, что субсидированные рейсы «Авроры» убыточны и выполнять еще один невыгодный рейс авиакомпания не станет до тех пор, пока не повысят размер субсидии: «В <TE Category="Date" Value="2018-07"><Field Category="MonthName">июле</Field> <Field Category="Year">2018 года</Field></TE> АО «Авиакомпания «Аврора» проинформировала правительство Сахалинской области об убытках в <Anchored To="DCT" U_Class="1-D"><Field Category="Year"><TE Category="Date" Value="2018">текущем году</TE></Field></Anchored> на субсидируемых маршрутах Хабаровск — Ноглики и Хабаровск — Шахтерск. С учетом вышеизложенного в адрес федерального Агентства воздушного транспорта были направлены предложения по внесению изменений в постановление №1242, в том числе и в части установления при отборе маршрутов внутри ДФО коэффициента 2,25 для определения размера субсидии», — говорится в ответе минтранса области.    Иными словами, до тех пор, пока федеральные чиновники не примут решения об увеличении размера субсидии, полёты из Охи в Хабаровск будут выполняться на коммерческой основе и сахалинским северянам летать «задёшево» на материк не светит.    Как сообщало ИА REGNUM, жители Охи, что на севере Сахалина, обратились к президенту России Владимиру Путину по вопросу субсидирования перелетов в материковый Хабаровск. Вскоре ими был получен ответ из управления президента РФ по работе с обращениями граждан: «Принято решение внести рейс Оха — Хабаровск в перечень субсидируемых. Стоимость билета в этом направлении составит 4674 рубля в одном направлении. Рейсы будет осуществлять авиакомпания «Аврора».  Однако дешевые билеты так и не вернулись в Оху. С <Field Category="Year"><TE Category="Date" Value="2018">2018 года</TE></Field> цены на перелет Оха — Хабаровск взлетели с 4,5 тыс. рублей до 13 тыс. рублей и с <TE Category="Date" Value="2018-START"><Field Category="Phase">начала</Field> <Field Category="Year"><Restored Through="DCT" U_Class="6">года</Restored></Field></TE> уже успели вырасти.    https://regnum.ru/news/economy/2488920.html</annotated>
    </text>
    <annotations>
      <annotation DayOfWeek="2018-W39-3" __Id="508" __Class="DocCreationTime" __From="1" __To="10"/>
      <annotation Category="Date" Value="2018-09-26" __Id="509" __Class="TE" __From="1" __To="10"/>
      <annotation To="DCT" U_Class="1-D" __Id="513" __Class="Anchored" __From="304" __To="310"/>
      <annotation Category="Day" __Id="514" __Class="Field" __From="304" __To="310"/>
      <annotation Category="Date" Value="2018-09-26" __Id="515" __Class="TE" __From="304" __To="310"/>
      <annotation Category="MonthName" __Id="517" __Class="Field" __From="452" __To="455"/>
      <annotation Category="Date" Value="2018-07" __Id="518" __Class="TE" __From="452" __To="465"/>
      <annotation Category="Year" __Id="519" __Class="Field" __From="457" __To="465"/>
      <annotation Category="Day" __Id="520" __Class="Field" __From="652" __To="652"/>
      <annotation Category="Date" Value="2018-08-01" __Id="521" __Class="TE" __From="652" __To="660"/>
      <annotation Category="MonthName" __Id="522" __Class="Field" __From="654" __To="660"/>
      <annotation Through="DCT" U_Class="4" __Id="523" __Class="Restored" __From="654" __To="660"/>
      <annotation To="DCT" U_Class="1-D" __Id="526" __Class="Anchored" __From="723" __To="738"/>
      <annotation Category="Day" __Id="527" __Class="Field" __From="723" __To="738"/>
      <annotation Category="Phase" __Id="532" __Class="Field" __From="1084" __To="1089"/>
      <annotation Category="Date" Value="2018-09-START" __Id="533" __Class="TE" __From="1084" __To="1098"/>
      <annotation Category="MonthName" __Id="534" __Class="Field" __From="1091" __To="1098"/>
      <annotation Through="DCT" U_Class="4" __Id="535" __Class="Restored" __From="1091" __To="1098"/>
      <annotation Category="MonthName" __Id="537" __Class="Field" __From="1389" __To="1392"/>
      <annotation Category="Date" Value="2018-07" __Id="538" __Class="TE" __From="1389" __To="1402"/>
      <annotation Category="Year" __Id="539" __Class="Field" __From="1394" __To="1402"/>
      <annotation To="DCT" U_Class="1-D" __Id="540" __Class="Anchored" __From="1494" __To="1505"/>
      <annotation Category="Year" __Id="541" __Class="Field" __From="1494" __To="1505"/>
      <annotation Category="Date" Value="2018" __Id="542" __Class="TE" __From="1494" __To="1505"/>
      <annotation Category="Year" __Id="551" __Class="Field" __From="2636" __To="2644"/>
      <annotation Category="Date" Value="2018" __Id="552" __Class="TE" __From="2636" __To="2644"/>
      <annotation Category="Phase" __Id="553" __Class="Field" __From="2727" __To="2732"/>
      <annotation Category="Date" Value="2018-START" __Id="554" __Class="TE" __From="2727" __To="2737"/>
      <annotation Category="Year" __Id="555" __Class="Field" __From="2734" __To="2737"/>
      <annotation Through="DCT" U_Class="6" __Id="556" __Class="Restored" __From="2734" __To="2737"/>
    </annotations>
    <relations>
    </relations>
  </document>
</xml>
