<xml generator="AnnotationTools" format-version="1">
  <document>
    <text>
      <raw> ¶2013-01-24    ¶Михаил Прохоров нашел куратора московских выборов    ¶Московское отделение партии «Гражданская платформа» Михаила Прохорова возглавил Михаил Вышегородцев, который ранее работал в столичном правительстве, пишет «Коммерсантъ». Прохоров заявил, что бывший чиновник займется подготовкой к выборам в Мосгордуму.  ¶В декабре 2012 года Михаил Прохоров заявил, что московские выборы 2014 года будут приоритетными для партии. «Ближайшие выборы, где я персонально пойду, это выборы в Мосгордуму 14-го года», — говорил политик.    ¶Михаил Вышегородцев рассказал «Коммерсанту», что согласился работать в «Гражданской платформе», так как при мэре Сергее Собянине оказался невостребованным. «Меня не переизбрали в политсовет московского отделения „Единой России“, отправили в отставку с поста главы департамента», — посетовал бывший чиновник.    ¶Вышегородцев сделал карьеру при Юрии Лужкове, который был мэром столицы до 2010 года. В 1997 году Михаил Вышегородцев избрался в Мосгордуму, через четыре года снова стал депутатом, а потом — в 2005 году — ушел работать в правительство Москвы, где возглавлял департамент поддержки малого бизнеса. В ноябре 2011 года он покинул свой пост в мэрии и возглавил департамент развития малого предпринимательства и инновационной деятельности в Торгово-промышленной палате.    ¶«Гражданская платформа» была зарегистрирована в июне 2012 года. Сначала Михаил Прохоров собирался сделать партию из 500 юристов, которая лишь давала бы право выдвигать беспартийных кандидатов на выборах. Впоследствии он решил создать полноценную партию.    ¶https://lenta.ru/news/2013/01/24/platform/</raw>
      <annotated> ¶<DocCreationTime><TE>2013-01-24</TE></DocCreationTime>    ¶Михаил Прохоров нашел куратора московских выборов    ¶Московское отделение партии «Гражданская платформа» Михаила Прохорова возглавил Михаил Вышегородцев, который ранее работал в столичном правительстве, пишет «Коммерсантъ». Прохоров заявил, что бывший чиновник займется подготовкой к выборам в Мосгордуму.  ¶В <TE><Field Category="MonthName">декабре</Field> <Field Category="Year">2012 года</Field></TE> Михаил Прохоров заявил, что московские выборы <Field Category="Year"><TE>2014 года</TE></Field> будут приоритетными для партии. «Ближайшие выборы, где я персонально пойду, это выборы в Мосгордуму <Field Category="Year"><TE>14-го года</TE></Field>», — говорил политик.    ¶Михаил Вышегородцев рассказал «Коммерсанту», что согласился работать в «Гражданской платформе», так как при мэре Сергее Собянине оказался невостребованным. «Меня не переизбрали в политсовет московского отделения „Единой России“, отправили в отставку с поста главы департамента», — посетовал бывший чиновник.    ¶Вышегородцев сделал карьеру при Юрии Лужкове, который был мэром столицы до <Field Category="Year"><TE>2010 года</TE></Field>. В <Field Category="Year"><TE>1997 году</TE></Field> Михаил Вышегородцев избрался в Мосгордуму, <Anchored To="DCT"><TE>через <TE>четыре года</TE></TE></Anchored> снова стал депутатом, а потом — в <Field Category="Year"><TE>2005 году</TE></Field> — ушел работать в правительство Москвы, где возглавлял департамент поддержки малого бизнеса. В <TE><Field Category="MonthName">ноябре</Field> <Field Category="Year">2011 года</Field></TE> он покинул свой пост в мэрии и возглавил департамент развития малого предпринимательства и инновационной деятельности в Торгово-промышленной палате.    ¶«Гражданская платформа» была зарегистрирована в <TE><Field Category="MonthName">июне</Field> <Field Category="Year">2012 года</Field></TE>. Сначала Михаил Прохоров собирался сделать партию из 500 юристов, которая лишь давала бы право выдвигать беспартийных кандидатов на выборах. Впоследствии он решил создать полноценную партию.    ¶https://lenta.ru/news/2013/01/24/platform/</annotated>
    </text>
    <annotations>
      <annotation DayOfWeek="2013-W04-4" __Id="297" __Class="DocCreationTime" __From="2" __To="11"/>
      <annotation Category="Date" Value="2013-01-24" __Id="298" __Class="TE" __From="2" __To="11"/>
      <annotation Category="MonthName" __Id="303" __Class="Field" __From="328" __To="334"/>
      <annotation Category="Date" Value="2012-12" __Id="304" __Class="TE" __From="328" __To="344"/>
      <annotation Category="Year" __Id="305" __Class="Field" __From="336" __To="344"/>
      <annotation Category="Year" __Id="306" __Class="Field" __From="392" __To="400"/>
      <annotation Category="Date" Value="2014" __Id="307" __Class="TE" __From="392" __To="400"/>
      <annotation Category="Year" __Id="309" __Class="Field" __From="502" __To="511"/>
      <annotation Category="Date" Value="2014" __Id="310" __Class="TE" __From="502" __To="511"/>
      <annotation Category="Year" __Id="314" __Class="Field" __From="925" __To="933"/>
      <annotation Category="Date" Value="2010" __Id="315" __Class="TE" __From="925" __To="933"/>
      <annotation Category="Year" __Id="317" __Class="Field" __From="938" __To="946"/>
      <annotation Category="Date" Value="1997" __Id="318" __Class="TE" __From="938" __To="946"/>
      <annotation To="DCT" U_Class="7-DA" __Id="319" __Class="Anchored" __From="991" __To="1007"/>
      <annotation Category="ShiftExp" Formula="AFTER,Dur,Anchor" __Id="320" __Class="TE" __From="991" __To="1007"/>
      <annotation Category="Dur" Value="P4Y" __Id="321" __Class="TE" __From="997" __To="1007"/>
      <annotation Category="Year" __Id="322" __Class="Field" __From="1043" __To="1051"/>
      <annotation Category="Date" Value="2005" __Id="323" __Class="TE" __From="1043" __To="1051"/>
      <annotation Category="MonthName" __Id="325" __Class="Field" __From="1148" __To="1153"/>
      <annotation Category="Date" Value="2011-11" __Id="326" __Class="TE" __From="1148" __To="1163"/>
      <annotation Category="Year" __Id="327" __Class="Field" __From="1155" __To="1163"/>
      <annotation Category="MonthName" __Id="329" __Class="Field" __From="1366" __To="1369"/>
      <annotation Category="Date" Value="2012-06" __Id="330" __Class="TE" __From="1366" __To="1379"/>
      <annotation Category="Year" __Id="331" __Class="Field" __From="1371" __To="1379"/>
    </annotations>
    <relations>
      <relation __Id="0" __Class="AnchoredTo"><from><annotation __Id="320"/></from><to><annotation __Id="318"/></to></relation>
    </relations>
  </document>
</xml>
