<xml generator="AnnotationTools" format-version="1">
  <document>
    <text>
      <raw> 2015-10-15    Российские волейболисты остались без медалей чемпионата Европы    Мужская сборная России по волейболу проиграла команде Италии в четвертьфинале чемпионата Европы. Встреча в Бусто-Арсицио (Италия) завершилась со счетом 3-0 (25:20, 25:19, 25:19). Об этом сообщается на официальном сайте турнира.    В 2013 году команды встречались в финале чемпионата Европы. Тогда победу одержала сборная России, впервые в истории страны выиграв чемпионат Европы.    В сентябре российская команда не смогла завоевать путевку на Олимпийские игры 2016 года в Рио-де-Жанейро.    Следующая возможность завоевать олимпийскую лицензию у россиян будет на европейском квалификационном турнире, который пройдет в Берлине с 5 по 10 января 2016 года. Восемь лучших по рейтингу европейских сборных разыграют одну олимпийскую путевку.    Женская сборная России 4 октября обыграла в финале чемпионата Европы команду Нидерландов и второй раз подряд выиграла турнир.    https://lenta.ru/news/2015/10/14/volleyball/</raw>
      <annotated> <DocCreationTime><TE>2015-10-15</TE></DocCreationTime>    Российские волейболисты остались без медалей чемпионата Европы    Мужская сборная России по волейболу проиграла команде Италии в четвертьфинале чемпионата Европы. Встреча в Бусто-Арсицио (Италия) завершилась со счетом 3-0 (25:20, 25:19, 25:19). Об этом сообщается на официальном сайте турнира.    В <Field Category="Year"><TE>2013 году</TE></Field> команды встречались в финале чемпионата Европы. Тогда победу одержала сборная России, впервые в истории страны выиграв чемпионат Европы.    В <Field Category="MonthName"><Restored Through="DCT"><TE>сентябре</TE></Restored></Field> российская команда не смогла завоевать путевку на Олимпийские игры <Field Category="Year"><TE>2016 года</TE></Field> в Рио-де-Жанейро.    Следующая возможность завоевать олимпийскую лицензию у россиян будет на европейском квалификационном турнире, который пройдет в Берлине с <Field Category="Day"><TE>5</TE></Field> по <TE><Field Category="Day">10</Field> <Field Category="MonthName">января</Field> <Field Category="Year">2016 года</Field></TE>. Восемь лучших по рейтингу европейских сборных разыграют одну олимпийскую путевку.    Женская сборная России <TE><Field Category="Day">4</Field> <Field Category="MonthName"><Restored Through="DCT">октября</Restored></Field></TE> обыграла в финале чемпионата Европы команду Нидерландов и второй раз подряд выиграла турнир.    https://lenta.ru/news/2015/10/14/volleyball/</annotated>
    </text>
    <annotations>
      <annotation DayOfWeek="2015-W42-4" __Id="193" __Class="DocCreationTime" __From="1" __To="10"/>
      <annotation Category="Date" Value="2015-10-15" __Id="194" __Class="TE" __From="1" __To="10"/>
      <annotation Category="Year" __Id="200" __Class="Field" __From="314" __To="322"/>
      <annotation Category="Date" Value="2013" __Id="201" __Class="TE" __From="314" __To="322"/>
      <annotation Category="MonthName" __Id="204" __Class="Field" __From="466" __To="473"/>
      <annotation Through="DCT" U_Class="4" __Id="205" __Class="Restored" __From="466" __To="473"/>
      <annotation Category="Date" Value="2015-09" __Id="206" __Class="TE" __From="466" __To="473"/>
      <annotation Category="Year" __Id="207" __Class="Field" __From="542" __To="550"/>
      <annotation Category="Date" Value="2016" __Id="208" __Class="TE" __From="542" __To="550"/>
      <annotation Category="Day" __Id="210" __Class="Field" __From="711" __To="711"/>
      <annotation Category="Date" Value="2016-01-05" __Id="211" __Class="TE" __From="711" __To="711"/>
      <annotation Category="Day" __Id="212" __Class="Field" __From="716" __To="717"/>
      <annotation Category="Date" Value="2016-01-10" __Id="213" __Class="TE" __From="716" __To="734"/>
      <annotation Category="MonthName" __Id="214" __Class="Field" __From="719" __To="724"/>
      <annotation Category="Year" __Id="215" __Class="Field" __From="726" __To="734"/>
      <annotation Category="Day" __Id="218" __Class="Field" __From="845" __To="845"/>
      <annotation Category="Date" Value="2015-10-04" __Id="219" __Class="TE" __From="845" __To="853"/>
      <annotation Category="MonthName" __Id="220" __Class="Field" __From="847" __To="853"/>
      <annotation Through="DCT" U_Class="4" __Id="221" __Class="Restored" __From="847" __To="853"/>
    </annotations>
    <relations>
    </relations>
  </document>
</xml>
