<xml generator="AnnotationTools" format="public" version="1">
  <document>
    <text>
      <raw> 2012-03-30    Сергей Шойгу выдвинут в губернаторы Московской области    &amp;quot;Единая Россия&amp;quot; определилась со списком кандидатов на пост губернатора Московской области. Согласно решению президиума Генсовета партии, в список, который будет предложен президенту России, вошли глава МЧС Сергей Шойгу, первый заместитель председателя правительства Московской области Игорь Пархоменко и глава администрации города Реутов Александр Ходырев.    Наиболее вероятными кандидатами в преемники Борису Громову, который пообещал оставить свой пост в мае, помимо Сергея Шойгу, назывались экс-спикер Госдумы Борис Грызлов, а также министр транспорта РФ Игорь Левитин. Однако ни того, ни другого в списке в итоге не оказалось.    Напомним, нынешний губернатор Московской области Борис Громов принял решение обратиться к президенту Российской Федерации и в высший совет партии &amp;quot;Единая Россия&amp;quot; с просьбой не рассматривать его в качестве одного из кандидатов на пост губернатора региона на следующий период.    &amp;quot;Срок моих полномочий истекает в мае, я выполнял эти высокие обязанности 12 лет и считаю, что этого вполне достаточно&amp;quot;, - заявил тогда Борис Громов.      Действующий губернатор Подмосковья заявил, что готов сотрудничать с каждым из предложенных &amp;quot;Единой Россией&amp;quot; кандидатов, сообщил РБК пресс-секретарь губернатора Андрей Барковский.    Подробнее на РБК:  https://www.rbc.ru/politics/30/03/2012/5703f5529a7947ac81a6666b</raw>
      <annotated> <DocCreationTime DayOfWeek="2012-W13-5"><TE Category="Date" Value="2012-03-30">2012-03-30</TE></DocCreationTime>    Сергей Шойгу выдвинут в губернаторы Московской области    &amp;quot;Единая Россия&amp;quot; определилась со списком кандидатов на пост губернатора Московской области. Согласно решению президиума Генсовета партии, в список, который будет предложен президенту России, вошли глава МЧС Сергей Шойгу, первый заместитель председателя правительства Московской области Игорь Пархоменко и глава администрации города Реутов Александр Ходырев.    Наиболее вероятными кандидатами в преемники Борису Громову, который пообещал оставить свой пост в <Field Category="MonthName"><TE Category="Date" Value="2012-05">мае</TE></Field>, помимо Сергея Шойгу, назывались экс-спикер Госдумы Борис Грызлов, а также министр транспорта РФ Игорь Левитин. Однако ни того, ни другого в списке в итоге не оказалось.    Напомним, нынешний губернатор Московской области Борис Громов принял решение обратиться к президенту Российской Федерации и в высший совет партии &amp;quot;Единая Россия&amp;quot; с просьбой не рассматривать его в качестве одного из кандидатов на пост губернатора региона на следующий период.    &amp;quot;Срок моих полномочий истекает в <Field Category="MonthName"><TE Category="Date" Value="2012-05">мае</TE></Field>, я выполнял эти высокие обязанности <TE Category="Dur" Value="P12Y">12 лет</TE> и считаю, что этого вполне достаточно&amp;quot;, - заявил тогда Борис Громов.      Действующий губернатор Подмосковья заявил, что готов сотрудничать с каждым из предложенных &amp;quot;Единой Россией&amp;quot; кандидатов, сообщил РБК пресс-секретарь губернатора Андрей Барковский.    Подробнее на РБК:  https://www.rbc.ru/politics/30/03/2012/5703f5529a7947ac81a6666b</annotated>
    </text>
<!-- NOTE: Annotation boundaries below corresponds to text without XHTML-entities encoding. -->
    <annotations>
      <annotation DayOfWeek="2012-W13-5" __Id="260" __Class="DocCreationTime" __From="1" __To="10"/>
      <annotation Category="Date" Value="2012-03-30" __Id="261" __Class="TE" __From="1" __To="10"/>
      <annotation Category="MonthName" __Id="266" __Class="Field" __From="541" __To="543"/>
      <annotation Category="Date" Value="2012-05" __Id="268" __Class="TE" __From="541" __To="543"/>
      <annotation Category="MonthName" __Id="272" __Class="Field" __From="1044" __To="1046"/>
      <annotation Category="Date" Value="2012-05" __Id="274" __Class="TE" __From="1044" __To="1046"/>
      <annotation Category="Dur" Value="P12Y" __Id="275" __Class="TE" __From="1084" __To="1089"/>
    </annotations>
    <relations>
    </relations>
  </document>
</xml>
