<xml generator="AnnotationTools" format-version="1">
  <document>
    <text>
      <raw>¶2012-08-01    ¶Замглавы УМВД Екатеринбурга поймали на даче, он прятался от следствия    ¶Заместитель начальника УМВД по Екатеринбургу Сергей Литвиненко, подозреваемый в злоупотреблении должностными полномочиями, задержан, ему уже предъявлено обвинение, сообщил в среду Следственный комитет.    ¶О возбуждении дела против Литвиненко стало известно в понедельник. По версии следствия, с августа 2011 по апрель 2012 года он из личной заинтересованности фиктивно принял на работу полковника внутренней службы Сергея Мозгина.    ¶Следствие считает, что фактически этот сотрудник не намеревался выполнять свои обязанности, Литвиненко же закрывал глаза на это. В итоге полковнику за восемь месяцев незаконно было выплачено больше 600 тысяч рублей. Как сообщалось ранее, это преступление было выявлено при расследовании другого уголовного дела - в отношении вице-мэра Екатеринбурга Виктора Контеева, подозреваемого в организации убийств и других преступлениях.    ¶&quot;Сегодня, 1 августа, Сергей Литвиненко задержан сотрудниками полиции в загородном доме, где он скрывался от следствия&quot;, - говорится в релизе.    ¶В минувший понедельник СК РФ сообщил, что в отношении Литвиненко возбуждено уголовное дело по статье &quot;Злоупотребление должностными полномочиями&quot; (максимальное наказание - четыре года заключения).    ¶Руководитель пресс-службы ГУМВД по Свердловской области Валерий Горелых в среду сообщил РИА Новости, что на момент возбуждения уголовного дела Литвиненко находился в очередном отпуске. Скрываться от следствия ему было запрещено.    ¶&quot;Руководство свердловской полиции намерено оказать содействие следствию, чтобы объективно разобраться в произошедшем. Будет проведена тщательная служебная проверка. Если вина Литвиненко будет доказана, то к строгой дисциплинарной ответственности будут привлечены непосредственные руководители офицера&quot;, - сказал собеседник Горелых.    ¶Следователи предъявили Литвиненко обвинение. Решается вопрос о его аресте.    ¶Предъявление обвинения - важный процессуальный акт, необходимый для передачи уголовного дела в суд для рассмотрения по существу. Следствие предъявляет обвинение только в том случае, если располагает достаточными доказательствами причастности подозреваемого к преступлению.    ¶Контеев был задержан 22 августа 2011 года по подозрению в организации убийства двух предпринимателей. В феврале ему было предъявлено обвинение еще и во взяточничестве. По версии следствия, в 2004 году он получил мзду в виде доли в уставном капитале коммерческой организации на сумму 5 миллионов рублей. Кроме того, он подозревается в вымогательстве прав на имущество, а также &quot;отмывании&quot; доходов.    ¶Около недели назад суд заочно заключил под стражу скрывшуюся от следствия супругу Контеева - она, по данным следствия, помогала мужу проворачивать многомиллионные аферы.    ¶http://rapsinews.ru/incident news/20120801/264051754.html</raw>
      <annotated>¶<DocCreationTime><TE>2012-08-01</TE></DocCreationTime>    ¶Замглавы УМВД Екатеринбурга поймали на даче, он прятался от следствия    ¶Заместитель начальника УМВД по Екатеринбургу Сергей Литвиненко, подозреваемый в злоупотреблении должностными полномочиями, задержан, ему уже предъявлено обвинение, сообщил в <Field Category="DayOfWeek"><Restored Through="DCT"><TE>среду</TE></Restored></Field> Следственный комитет.    ¶О возбуждении дела против Литвиненко стало известно в <Field Category="DayOfWeek"><Restored Through="DCT"><TE>понедельник</TE></Restored></Field>. По версии следствия, с <TE><Field Category="MonthName">августа</Field> <Field Category="Year">2011</Field></TE> по <TE><Field Category="MonthName">апрель</Field> <Field Category="Year">2012 года</Field></TE> он из личной заинтересованности фиктивно принял на работу полковника внутренней службы Сергея Мозгина.    ¶Следствие считает, что фактически этот сотрудник не намеревался выполнять свои обязанности, Литвиненко же закрывал глаза на это. В итоге полковнику за <TE>восемь месяцев</TE> незаконно было выплачено больше 600 тысяч рублей. Как сообщалось ранее, это преступление было выявлено при расследовании другого уголовного дела - в отношении вице-мэра Екатеринбурга Виктора Контеева, подозреваемого в организации убийств и других преступлениях.    ¶&quot;<Anchored To="DCT"><Field Category="Day"><TE>Сегодня</TE></Field></Anchored>, <TE><Field Category="Day">1</Field> <Field Category="MonthName"><Restored Through="DCT">августа</Restored></Field></TE>, Сергей Литвиненко задержан сотрудниками полиции в загородном доме, где он скрывался от следствия&quot;, - говорится в релизе.    ¶В <Anchored To="DCT"><Field Category="DayOfWeek"><TE>минувший понедельник</TE></Field></Anchored> СК РФ сообщил, что в отношении Литвиненко возбуждено уголовное дело по статье &quot;Злоупотребление должностными полномочиями&quot; (максимальное наказание - <TE>четыре года</TE> заключения).    ¶Руководитель пресс-службы ГУМВД по Свердловской области Валерий Горелых в <Field Category="DayOfWeek"><Restored Through="DCT"><TE>среду</TE></Restored></Field> сообщил РИА Новости, что на момент возбуждения уголовного дела Литвиненко находился в очередном отпуске. Скрываться от следствия ему было запрещено.    ¶&quot;Руководство свердловской полиции намерено оказать содействие следствию, чтобы объективно разобраться в произошедшем. Будет проведена тщательная служебная проверка. Если вина Литвиненко будет доказана, то к строгой дисциплинарной ответственности будут привлечены непосредственные руководители офицера&quot;, - сказал собеседник Горелых.    ¶Следователи предъявили Литвиненко обвинение. Решается вопрос о его аресте.    ¶Предъявление обвинения - важный процессуальный акт, необходимый для передачи уголовного дела в суд для рассмотрения по существу. Следствие предъявляет обвинение только в том случае, если располагает достаточными доказательствами причастности подозреваемого к преступлению.    ¶Контеев был задержан <TE><Field Category="Day">22</Field> <Field Category="MonthName">августа</Field> <Field Category="Year">2011 года</Field></TE> по подозрению в организации убийства двух предпринимателей. В <Field Category="MonthName"><Restored Through="DCT"><TE>феврале</TE></Restored></Field> ему было предъявлено обвинение еще и во взяточничестве. По версии следствия, в <Field Category="Year"><TE>2004 году</TE></Field> он получил мзду в виде доли в уставном капитале коммерческой организации на сумму 5 миллионов рублей. Кроме того, он подозревается в вымогательстве прав на имущество, а также &quot;отмывании&quot; доходов.    ¶<Anchored To="DCT"><TE><TE>Около недели</TE> назад</TE></Anchored> суд заочно заключил под стражу скрывшуюся от следствия супругу Контеева - она, по данным следствия, помогала мужу проворачивать многомиллионные аферы.    ¶http://rapsinews.ru/incident news/20120801/264051754.html</annotated>
    </text>
    <annotations>
      <annotation DayOfWeek="2012-W31-3" __Id="472" __Class="DocCreationTime" __From="1" __To="10"/>
      <annotation Category="Date" Value="2012-08-01" __Id="473" __Class="TE" __From="1" __To="10"/>
      <annotation Category="DayOfWeek" __Id="476" __Class="Field" __From="264" __To="268"/>
      <annotation Through="DCT" U_Class="4" __Id="477" __Class="Restored" __From="264" __To="268"/>
      <annotation Category="Date" Value="2012-W31-3" __Id="478" __Class="TE" __From="264" __To="268"/>
      <annotation Category="DayOfWeek" __Id="480" __Class="Field" __From="350" __To="360"/>
      <annotation Through="DCT" U_Class="4" __Id="481" __Class="Restored" __From="350" __To="360"/>
      <annotation Category="Date" Value="2012-W31-1" __Id="482" __Class="TE" __From="350" __To="360"/>
      <annotation Category="MonthName" __Id="484" __Class="Field" __From="386" __To="392"/>
      <annotation Category="Date" Value="2011-08" __Id="485" __Class="TE" __From="386" __To="397"/>
      <annotation Category="Year" __Id="486" __Class="Field" __From="394" __To="397"/>
      <annotation Category="MonthName" __Id="487" __Class="Field" __From="402" __To="407"/>
      <annotation Category="Date" Value="2012-04" __Id="488" __Class="TE" __From="402" __To="417"/>
      <annotation Category="Year" __Id="489" __Class="Field" __From="409" __To="417"/>
      <annotation Category="Dur" Value="P8M" __Id="492" __Class="TE" __From="677" __To="690"/>
      <annotation To="DCT" U_Class="1-D" __Id="495" __Class="Anchored" __From="964" __To="970"/>
      <annotation Category="Day" __Id="496" __Class="Field" __From="964" __To="970"/>
      <annotation Category="Date" Value="2012-08-01" __Id="497" __Class="TE" __From="964" __To="970"/>
      <annotation Category="Day" __Id="498" __Class="Field" __From="973" __To="973"/>
      <annotation Category="Date" Value="2012-08-01" __Id="499" __Class="TE" __From="973" __To="981"/>
      <annotation Category="MonthName" __Id="500" __Class="Field" __From="975" __To="981"/>
      <annotation Through="DCT" U_Class="4" __Id="501" __Class="Restored" __From="975" __To="981"/>
      <annotation To="DCT" U_Class="2-D" __Id="503" __Class="Anchored" __From="1116" __To="1135"/>
      <annotation Category="DayOfWeek" __Id="504" __Class="Field" __From="1116" __To="1135"/>
      <annotation Category="Date" Value="2012-W31-1" __Id="505" __Class="TE" __From="1116" __To="1135"/>
      <annotation Category="Dur" Value="P4Y" __Id="506" __Class="TE" __From="1295" __To="1305"/>
      <annotation Category="DayOfWeek" __Id="508" __Class="Field" __From="1398" __To="1402"/>
      <annotation Through="DCT" U_Class="4" __Id="509" __Class="Restored" __From="1398" __To="1402"/>
      <annotation Category="Date" Value="2012-W31-3" __Id="510" __Class="TE" __From="1398" __To="1402"/>
      <annotation Category="Day" __Id="520" __Class="Field" __From="2280" __To="2281"/>
      <annotation Category="Date" Value="2011-08-22" __Id="521" __Class="TE" __From="2280" __To="2299"/>
      <annotation Category="MonthName" __Id="522" __Class="Field" __From="2283" __To="2289"/>
      <annotation Category="Year" __Id="523" __Class="Field" __From="2291" __To="2299"/>
      <annotation Category="MonthName" __Id="525" __Class="Field" __From="2363" __To="2369"/>
      <annotation Through="DCT" U_Class="4" __Id="526" __Class="Restored" __From="2363" __To="2369"/>
      <annotation Category="Date" Value="2012-02" __Id="527" __Class="TE" __From="2363" __To="2369"/>
      <annotation Category="Year" __Id="529" __Class="Field" __From="2450" __To="2458"/>
      <annotation Category="Date" Value="2004" __Id="530" __Class="TE" __From="2450" __To="2458"/>
      <annotation To="DCT" U_Class="7-D" __Id="533" __Class="Anchored" __From="2670" __To="2687"/>
      <annotation Category="ShiftExp" Formula="BEFORE,Dur,DCT" __Id="534" __Class="TE" __From="2670" __To="2687"/>
      <annotation Category="Dur" Value="P1W-Approx" __Id="535" __Class="TE" __From="2670" __To="2681"/>
    </annotations>
    <relations>
    </relations>
  </document>
</xml>
