<xml generator="AnnotationTools" format-version="1">
  <document>
    <text>
      <raw> ¶2016-04-06    ¶Россиянка отсудила 240 тысяч рублей за сорвавшуюся поездку в Египет    ¶Жительница города Гусев (Калининградская область) отсудила у туроператора «Анатолийский экспресс регионы», работающего под брендом Anex Tour, почти 240 тысяч рублей за сорвавшуюся из-за прекращения авиасообщения поездку в Египет. Об этом сообщается на сайте областного суда.    ¶Как отмечается, женщина заключила с индивидуальным предпринимателем (туроператором) договор оказания услуг по подбору и бронированию тура в Египет на даты с 8 по 18 декабря стоимостью 142 274 рубля. После подписания указа президентом России Владимиром Путиным о приостановке полетов из России в Египет женщина обратилась к турагенту и туроператору с заявлением о расторжении договора и возврате денежных средств. Однако они отказались выполнить эти требования.    ¶Суд признал требования истицы правомерными и принял решение взыскать с туроператора в пользу клиентки стоимость тура, компенсацию морального вреда, штраф и судебные расходы.    ¶Указ о приостановке полетов из России в Египет был утвержден 8 ноября 2015 года. Это произошло после катастрофы самолета Airbus A321 компании «Когалымавиа», летевшего из Шарм-эль-Шейха в Санкт-Петербург. Лайнер разбился 31 октября. Все находившиеся на борту 224 человека (в основном россияне) погибли.    ¶https://lenta.ru/news/2016/04/06/egypttravel/</raw>
      <annotated> ¶<DocCreationTime><TE>2016-04-06</TE></DocCreationTime>    ¶Россиянка отсудила 240 тысяч рублей за сорвавшуюся поездку в Египет    ¶Жительница города Гусев (Калининградская область) отсудила у туроператора «Анатолийский экспресс регионы», работающего под брендом Anex Tour, почти 240 тысяч рублей за сорвавшуюся из-за прекращения авиасообщения поездку в Египет. Об этом сообщается на сайте областного суда.    ¶Как отмечается, женщина заключила с индивидуальным предпринимателем (туроператором) договор оказания услуг по подбору и бронированию тура в Египет на даты с <Field Category="Day"><TE>8</TE></Field> по <TE><Field Category="Day">18</Field> <Field Category="MonthName"><Restored Through="DCT">декабря</Restored></Field></TE> стоимостью 142 274 рубля. После подписания указа президентом России Владимиром Путиным о приостановке полетов из России в Египет женщина обратилась к турагенту и туроператору с заявлением о расторжении договора и возврате денежных средств. Однако они отказались выполнить эти требования.    ¶Суд признал требования истицы правомерными и принял решение взыскать с туроператора в пользу клиентки стоимость тура, компенсацию морального вреда, штраф и судебные расходы.    ¶Указ о приостановке полетов из России в Египет был утвержден <TE><Field Category="Day">8</Field> <Field Category="MonthName">ноября</Field> <Field Category="Year">2015 года</Field></TE>. Это произошло после катастрофы самолета Airbus A321 компании «Когалымавиа», летевшего из Шарм-эль-Шейха в Санкт-Петербург. Лайнер разбился <TE><Field Category="Day">31</Field> <Field Category="MonthName"><Restored Through="DCT">октября</Restored></Field></TE>. Все находившиеся на борту 224 человека (в основном россияне) погибли.    ¶https://lenta.ru/news/2016/04/06/egypttravel/</annotated>
    </text>
    <annotations>
      <annotation DayOfWeek="2016-W14-3" __Id="245" __Class="DocCreationTime" __From="2" __To="11"/>
      <annotation Category="Date" Value="2016-04-06" __Id="246" __Class="TE" __From="2" __To="11"/>
      <annotation Category="Day" __Id="251" __Class="Field" __From="525" __To="525"/>
      <annotation Category="Date" Value="2015-12-08" __Id="252" __Class="TE" __From="525" __To="525"/>
      <annotation Category="Day" __Id="253" __Class="Field" __From="530" __To="531"/>
      <annotation Category="Date" Value="2015-12-18" __Id="254" __Class="TE" __From="530" __To="539"/>
      <annotation Category="MonthName" __Id="255" __Class="Field" __From="533" __To="539"/>
      <annotation Through="DCT" U_Class="4" __Id="256" __Class="Restored" __From="533" __To="539"/>
      <annotation Category="Day" __Id="261" __Class="Field" __From="1072" __To="1072"/>
      <annotation Category="Date" Value="2015-11-08" __Id="262" __Class="TE" __From="1072" __To="1089"/>
      <annotation Category="MonthName" __Id="263" __Class="Field" __From="1074" __To="1079"/>
      <annotation Category="Year" __Id="264" __Class="Field" __From="1081" __To="1089"/>
      <annotation Category="Day" __Id="267" __Class="Field" __From="1231" __To="1232"/>
      <annotation Category="Date" Value="2015-10-31" __Id="268" __Class="TE" __From="1231" __To="1240"/>
      <annotation Category="MonthName" __Id="269" __Class="Field" __From="1234" __To="1240"/>
      <annotation Through="DCT" U_Class="4" __Id="270" __Class="Restored" __From="1234" __To="1240"/>
    </annotations>
    <relations>
    </relations>
  </document>
</xml>
