<xml generator="AnnotationTools" format-version="1">
  <document>
    <text>
      <raw> ¶2018-09-24    ¶Будущая украинская военная база в Азовском море, согласно утвержденному Генштабом страны плану, на начальном этапе будет использовать инфраструктуру торговых портов. Об этом в понедельник сообщил секретарь комитета Верховной рады по национальной безопасности и обороне Иван Винник в эфире телеканала &quot;112. Украина&quot;.    ¶&quot;Соответствующие планы развертывания [военной базы] уже утверждены Генштабом. Что касается инфраструктуры, пока будет использоваться инфраструктура торговых портов&quot;, - заявил депутат. Он уточнил, что в дальнейшем база будет &quot;развиваться в направлении военного применения, возможно, со строительством дополнительных причалов и тому подобного&quot;.    ¶Два судна ВМС Украины - поисково-спасательное &quot;Донбасс&quot; и морской буксир &quot;Корец&quot; ВМС Украины - 20 сентября вышли из порта Одессы, а 23 сентября вошли в исключительную экономическую зону России у берегов Крыма, где их сопровождали корабли береговой охраны Пограничной службы ФСБ России. В воскресенье суда ВМС Украины прошли под Крымским мостом в Керченском проливе, вошли в Азовское море и направились в сторону Мариуполя, куда должны прибыть к вечеру понедельника.    ¶Ранее сообщалось, что &quot;Донбасс&quot; и &quot;Корец&quot; планируется использовать для усиления инфраструктуры создаваемой в Бердянске базы ВМС. Так, по данным украинских СМИ, на судне &quot;Донбасс&quot; есть возможность для размещения штаба будущей базы, мест для проживания военнослужащих, имеются склады и прочие необходимые помещения, которых на сегодня в регионе нет.    ¶Командующий Сухопутными войсками ВСУ генерал-полковник Сергей Попко 12 сентября сообщил, что по решению Генерального штаба Вооруженных сил Украины усилена группировка Вооруженных сил, в том числе Сухопутных войск, на Азовском направлении. Также, 11 сентября, замминистра инфраструктуры Украины Юрий Лавренюк проинформировал о переброске на Азовское море бронекатеров. По данным украинских СМИ, в настоящее время там находятся два артиллерийских катера класса &quot;Гюрза-М&quot;, планируется переброска десантно-штурмовых катеров &quot;Кентавр&quot;.    ¶Эти шаги реализуются в рамках комплекса мероприятий по усилению военного присутствия Украины в Азовском море, утвержденного 6 сентября Советом нацбезопасности и обороны по указу президента Петра Порошенко. В частности, речь идет о создании в регионе корабельно-катерной группировки и обеспечении подразделений береговой обороны &quot;новейшим высокоточным ракетным оружием&quot;. Тогда же Порошенко поручил правительству разработать морскую доктрину, а министерствам иностранных дел и юстиции - подготовить предложения &quot;о юридической защите национальных интересов&quot; в данном регионе.    ¶https://tass.ru/mezhdunarodnaya-panorama/5598724</raw>
      <annotated> ¶<DocCreationTime><TE>2018-09-24</TE></DocCreationTime>    ¶Будущая украинская военная база в Азовском море, согласно утвержденному Генштабом страны плану, на начальном этапе будет использовать инфраструктуру торговых портов. Об этом в <Field Category="DayOfWeek"><Restored Through="DCT"><TE>понедельник</TE></Restored></Field> сообщил секретарь комитета Верховной рады по национальной безопасности и обороне Иван Винник в эфире телеканала &quot;112. Украина&quot;.    ¶&quot;Соответствующие планы развертывания [военной базы] уже утверждены Генштабом. Что касается инфраструктуры, пока будет использоваться инфраструктура торговых портов&quot;, - заявил депутат. Он уточнил, что в дальнейшем база будет &quot;развиваться в направлении военного применения, возможно, со строительством дополнительных причалов и тому подобного&quot;.    ¶Два судна ВМС Украины - поисково-спасательное &quot;Донбасс&quot; и морской буксир &quot;Корец&quot; ВМС Украины - <TE><Field Category="Day">20</Field> <Field Category="MonthName"><Restored Through="DCT">сентября</Restored></Field></TE> вышли из порта Одессы, а <TE><Field Category="Day">23</Field> <Field Category="MonthName"><Restored Through="DCT">сентября</Restored></Field></TE> вошли в исключительную экономическую зону России у берегов Крыма, где их сопровождали корабли береговой охраны Пограничной службы ФСБ России. В <Field Category="DayOfWeek"><Restored Through="DCT"><TE>воскресенье</TE></Restored></Field> суда ВМС Украины прошли под Крымским мостом в Керченском проливе, вошли в Азовское море и направились в сторону Мариуполя, куда должны прибыть к вечеру <Field Category="DayOfWeek"><Restored Through="DCT"><TE>понедельника</TE></Restored></Field>.    ¶Ранее сообщалось, что &quot;Донбасс&quot; и &quot;Корец&quot; планируется использовать для усиления инфраструктуры создаваемой в Бердянске базы ВМС. Так, по данным украинских СМИ, на судне &quot;Донбасс&quot; есть возможность для размещения штаба будущей базы, мест для проживания военнослужащих, имеются склады и прочие необходимые помещения, которых на <Anchored To="DCT"><Field Category="Day">сегодня</Field></Anchored> в регионе нет.    ¶Командующий Сухопутными войсками ВСУ генерал-полковник Сергей Попко <TE><Field Category="Day">12</Field> <Field Category="MonthName"><Restored Through="DCT">сентября</Restored></Field></TE> сообщил, что по решению Генерального штаба Вооруженных сил Украины усилена группировка Вооруженных сил, в том числе Сухопутных войск, на Азовском направлении. Также, <TE><Field Category="Day">11</Field> <Field Category="MonthName"><Restored Through="DCT">сентября</Restored></Field></TE>, замминистра инфраструктуры Украины Юрий Лавренюк проинформировал о переброске на Азовское море бронекатеров. По данным украинских СМИ, в настоящее время там находятся два артиллерийских катера класса &quot;Гюрза-М&quot;, планируется переброска десантно-штурмовых катеров &quot;Кентавр&quot;.    ¶Эти шаги реализуются в рамках комплекса мероприятий по усилению военного присутствия Украины в Азовском море, утвержденного <TE><Field Category="Day">6</Field> <Field Category="MonthName"><Restored Through="DCT">сентября</Restored></Field></TE> Советом нацбезопасности и обороны по указу президента Петра Порошенко. В частности, речь идет о создании в регионе корабельно-катерной группировки и обеспечении подразделений береговой обороны &quot;новейшим высокоточным ракетным оружием&quot;. Тогда же Порошенко поручил правительству разработать морскую доктрину, а министерствам иностранных дел и юстиции - подготовить предложения &quot;о юридической защите национальных интересов&quot; в данном регионе.    ¶https://tass.ru/mezhdunarodnaya-panorama/5598724</annotated>
    </text>
    <annotations>
      <annotation DayOfWeek="2018-W39-1" __Id="444" __Class="DocCreationTime" __From="2" __To="11"/>
      <annotation Category="Date" Value="2018-09-24" __Id="445" __Class="TE" __From="2" __To="11"/>
      <annotation Category="DayOfWeek" __Id="448" __Class="Field" __From="193" __To="203"/>
      <annotation Through="DCT" U_Class="4" __Id="449" __Class="Restored" __From="193" __To="203"/>
      <annotation Category="Date" Value="2018-W39-1" __Id="450" __Class="TE" __From="193" __To="203"/>
      <annotation Category="Day" __Id="456" __Class="Field" __From="829" __To="830"/>
      <annotation Category="Date" Value="2018-09-20" __Id="457" __Class="TE" __From="829" __To="839"/>
      <annotation Category="MonthName" __Id="458" __Class="Field" __From="832" __To="839"/>
      <annotation Through="DCT" U_Class="4" __Id="459" __Class="Restored" __From="832" __To="839"/>
      <annotation Category="Day" __Id="460" __Class="Field" __From="866" __To="867"/>
      <annotation Category="Date" Value="2018-09-23" __Id="461" __Class="TE" __From="866" __To="876"/>
      <annotation Category="MonthName" __Id="462" __Class="Field" __From="869" __To="876"/>
      <annotation Through="DCT" U_Class="4" __Id="463" __Class="Restored" __From="869" __To="876"/>
      <annotation Category="DayOfWeek" __Id="465" __Class="Field" __From="1022" __To="1032"/>
      <annotation Through="DCT" U_Class="4" __Id="466" __Class="Restored" __From="1022" __To="1032"/>
      <annotation Category="Date" Value="2018-W38-7" __Id="467" __Class="TE" __From="1022" __To="1032"/>
      <annotation Category="DayOfWeek" __Id="468" __Class="Field" __From="1186" __To="1197"/>
      <annotation Through="DCT" U_Class="4" __Id="469" __Class="Restored" __From="1186" __To="1197"/>
      <annotation Category="Date" Value="2018-W39-1" __Id="470" __Class="TE" __From="1186" __To="1197"/>
      <annotation To="DCT" U_Class="1-D" __Id="473" __Class="Anchored" __From="1559" __To="1565"/>
      <annotation Category="Day" __Id="474" __Class="Field" __From="1559" __To="1565"/>
      <annotation Category="Day" __Id="476" __Class="Field" __From="1654" __To="1655"/>
      <annotation Category="Date" Value="2018-09-12" __Id="477" __Class="TE" __From="1654" __To="1664"/>
      <annotation Category="MonthName" __Id="478" __Class="Field" __From="1657" __To="1664"/>
      <annotation Through="DCT" U_Class="4" __Id="479" __Class="Restored" __From="1657" __To="1664"/>
      <annotation Category="Day" __Id="481" __Class="Field" __From="1832" __To="1833"/>
      <annotation Category="Date" Value="2018-09-11" __Id="482" __Class="TE" __From="1832" __To="1842"/>
      <annotation Category="MonthName" __Id="483" __Class="Field" __From="1835" __To="1842"/>
      <annotation Through="DCT" U_Class="4" __Id="484" __Class="Restored" __From="1835" __To="1842"/>
      <annotation Category="Day" __Id="487" __Class="Field" __From="2265" __To="2265"/>
      <annotation Category="Date" Value="2018-09-06" __Id="488" __Class="TE" __From="2265" __To="2274"/>
      <annotation Category="MonthName" __Id="489" __Class="Field" __From="2267" __To="2274"/>
      <annotation Through="DCT" U_Class="4" __Id="490" __Class="Restored" __From="2267" __To="2274"/>
    </annotations>
    <relations>
    </relations>
  </document>
</xml>
