<xml generator="AnnotationTools" format-version="1">
  <document>
    <text>
      <raw> 2015-02-05    Нарышкин назвал январскую сессию ПАСЕ позором    Спикер Госдумы Сергей Нарышкин назвал позором январскую сессию Парламентской ассамблеи Совета Европы (ПАСЕ), передает «Интерфакс».    «Я полторы недели назад вернулся из Страсбурга. Думаю, что эта сессия войдет в историю Совета Европы как печально известная сессия и позор для европейской демократии», — сказал Нарышкин на мероприятии по случаю 70-летия Ялтинской конференции 1945 года.    При этом ранее Нарышкин признался, что испытал удовольствие от острой политической борьбы в ходе январской сессии. Однако сама Парламентская ассамблея, по мнению спикера Госдумы, стремительно теряет репутацию общеевропейской площадки для диалога. «Политических маргиналов становится все больше, а желания адекватно реагировать на их выходки руководство Совета Европы не проявляет», — заявил он.    28 января в ПАСЕ продлили санкции в отношении российской делегации, которые были введены в апреле 2014-го после присоединения Крыма к России, и постановили лишить Москву права голоса и участия в руководстве ассамблеей до апреля текущего года. В ответ глава комитета Госдумы по международным делам Алексей Пушков, возглавлявший российскую делегацию на зимней сессии ПАСЕ, заявил, что Москва, как и обещала, приостанавливает свою деятельность в Парламентской ассамблее до конца 2015-го.    https://lenta.ru/news/2015/02/05/session/</raw>
      <annotated> <DocCreationTime><TE>2015-02-05</TE></DocCreationTime>    Нарышкин назвал январскую сессию ПАСЕ позором    Спикер Госдумы Сергей Нарышкин назвал позором январскую сессию Парламентской ассамблеи Совета Европы (ПАСЕ), передает «Интерфакс».    «Я <Anchored To="DCT"><TE><TE>полторы недели</TE> назад</TE></Anchored> вернулся из Страсбурга. Думаю, что эта сессия войдет в историю Совета Европы как печально известная сессия и позор для европейской демократии», — сказал Нарышкин на мероприятии по случаю 70-летия Ялтинской конференции <Field Category="Year"><TE>1945 года</TE></Field>.    При этом ранее Нарышкин признался, что испытал удовольствие от острой политической борьбы в ходе январской сессии. Однако сама Парламентская ассамблея, по мнению спикера Госдумы, стремительно теряет репутацию общеевропейской площадки для диалога. «Политических маргиналов становится все больше, а желания адекватно реагировать на их выходки руководство Совета Европы не проявляет», — заявил он.    <TE><Field Category="Day">28</Field> <Field Category="MonthName"><Restored Through="DCT">января</Restored></Field></TE> в ПАСЕ продлили санкции в отношении российской делегации, которые были введены в <TE><Field Category="MonthName">апреле</Field> <Field Category="Year">2014-го</Field></TE> после присоединения Крыма к России, и постановили лишить Москву права голоса и участия в руководстве ассамблеей до <TE><Field Category="MonthName">апреля</Field> <Anchored To="DCT"><Field Category="Year">текущего года</Field></Anchored></TE>. В ответ глава комитета Госдумы по международным делам Алексей Пушков, возглавлявший российскую делегацию на зимней сессии ПАСЕ, заявил, что Москва, как и обещала, приостанавливает свою деятельность в Парламентской ассамблее до <TE><Field Category="Phase">конца</Field> <Field Category="Year">2015-го</Field></TE>.    https://lenta.ru/news/2015/02/05/session/</annotated>
    </text>
    <annotations>
      <annotation DayOfWeek="2015-W06-4" __Id="256" __Class="DocCreationTime" __From="1" __To="10"/>
      <annotation Category="Date" Value="2015-02-05" __Id="257" __Class="TE" __From="1" __To="10"/>
      <annotation To="DCT" U_Class="7-D" __Id="261" __Class="Anchored" __From="201" __To="220"/>
      <annotation Category="ShiftExp" Formula="BEFORE,Dur,DCT" __Id="262" __Class="TE" __From="201" __To="220"/>
      <annotation Category="Dur" Value="P1.5W" __Id="263" __Class="TE" __From="201" __To="214"/>
      <annotation Category="Year" __Id="265" __Class="Field" __From="440" __To="448"/>
      <annotation Category="Date" Value="1945" __Id="266" __Class="TE" __From="440" __To="448"/>
      <annotation Category="Day" __Id="271" __Class="Field" __From="852" __To="853"/>
      <annotation Category="Date" Value="2015-01-28" __Id="272" __Class="TE" __From="852" __To="860"/>
      <annotation Category="MonthName" __Id="273" __Class="Field" __From="855" __To="860"/>
      <annotation Through="DCT" U_Class="4" __Id="274" __Class="Restored" __From="855" __To="860"/>
      <annotation Category="MonthName" __Id="275" __Class="Field" __From="943" __To="948"/>
      <annotation Category="Date" Value="2014-04" __Id="276" __Class="TE" __From="943" __To="956"/>
      <annotation Category="Year" __Id="277" __Class="Field" __From="950" __To="956"/>
      <annotation Category="MonthName" __Id="278" __Class="Field" __From="1073" __To="1078"/>
      <annotation Category="Date" Value="2015-04" __Id="279" __Class="TE" __From="1073" __To="1092"/>
      <annotation To="DCT" U_Class="1-D" __Id="280" __Class="Anchored" __From="1080" __To="1092"/>
      <annotation Category="Year" __Id="281" __Class="Field" __From="1080" __To="1092"/>
      <annotation Category="Phase" __Id="283" __Class="Field" __From="1322" __To="1326"/>
      <annotation Category="Date" Value="2015-END" __Id="284" __Class="TE" __From="1322" __To="1334"/>
      <annotation Category="Year" __Id="285" __Class="Field" __From="1328" __To="1334"/>
    </annotations>
    <relations>
    </relations>
  </document>
</xml>
