<xml generator="AnnotationTools" format-version="1">
  <document>
    <text>
      <raw> 2008-04-15    Более 100 компаний отложили IPO c начала 2008 года    От публичного размещения акций (IPO) с начала 2008 года отказались 83 компании, что является рекордом. Об этом сообщается в обзоре аудиторской и консалтинговой компании Ernst &amp; Young. Еще 24 фирмы решили отложить размещение на время. Активность в проведении IPO резко снизилась из-за кредитного кризиса и продолжающихся неурядиц на мировых финансовых рынках.    Количество IPO в первом квартале 2008 года снизилось на 60 процентов по сравнению с четвертым кварталом 2007-го. Всего в мире в результате публичных размещений было собрано около 40 миллиардов долларов, в два с половиной раза меньше, чем за последние три месяца прошлого года. При этом компания Visa провела крупнейший в истории США выход на биржу, собрав около 20 миллиардов долларов.    Из 10 наиболее доходных IPO три были проведены китайскими компаниями. Больше всего размещений провели фирмы из Австралии (30). За австралийцами следует Китай (29 размещений), Япония (22), Канада (20). Самыми успешными по количеству проведенных IPO торговыми площадками стали Нью-Йоркская фондовая биржа (NYSE), Гонконгская HKSE и NASDAQ.    По объему привлеченного в ходе IPO капитала в первом квартале лидируют компании финансового сектора, вслед за которыми идут промышленные и энергетические корпорации.    https://lenta.ru/news/2008/04/15/noipo/</raw>
      <annotated> <DocCreationTime><TE>2008-04-15</TE></DocCreationTime>    Более 100 компаний отложили IPO c <TE><Field Category="Phase">начала</Field> <Field Category="Year">2008 года</Field></TE>    От публичного размещения акций (IPO) с <TE><Field Category="Phase">начала</Field> <Field Category="Year">2008 года</Field></TE> отказались 83 компании, что является рекордом. Об этом сообщается в обзоре аудиторской и консалтинговой компании Ernst &amp; Young. Еще 24 фирмы решили отложить размещение на время. Активность в проведении IPO резко снизилась из-за кредитного кризиса и продолжающихся неурядиц на мировых финансовых рынках.    Количество IPO в <TE><Field Category="Quarter">первом квартале</Field> <Field Category="Year">2008 года</Field></TE> снизилось на 60 процентов по сравнению с <TE><Field Category="Quarter">четвертым кварталом</Field> <Field Category="Year">2007-го</Field></TE>. Всего в мире в результате публичных размещений было собрано около 40 миллиардов долларов, в два с половиной раза меньше, чем за последние <TE>три месяца</TE> <Anchored To="DCT"><Field Category="Year"><TE>прошлого года</TE></Field></Anchored>. При этом компания Visa провела крупнейший в истории США выход на биржу, собрав около 20 миллиардов долларов.    Из 10 наиболее доходных IPO три были проведены китайскими компаниями. Больше всего размещений провели фирмы из Австралии (30). За австралийцами следует Китай (29 размещений), Япония (22), Канада (20). Самыми успешными по количеству проведенных IPO торговыми площадками стали Нью-Йоркская фондовая биржа (NYSE), Гонконгская HKSE и NASDAQ.    По объему привлеченного в ходе IPO капитала в <Field Category="Quarter"><Restored Through="DCT"><TE>первом квартале</TE></Restored></Field> лидируют компании финансового сектора, вслед за которыми идут промышленные и энергетические корпорации.    https://lenta.ru/news/2008/04/15/noipo/</annotated>
    </text>
    <annotations>
      <annotation DayOfWeek="2008-W16-2" __Id="267" __Class="DocCreationTime" __From="1" __To="10"/>
      <annotation Category="Date" Value="2008-04-15" __Id="268" __Class="TE" __From="1" __To="10"/>
      <annotation Category="Phase" __Id="270" __Class="Field" __From="49" __To="54"/>
      <annotation Category="Date" Value="2008-START" __Id="271" __Class="TE" __From="49" __To="64"/>
      <annotation Category="Year" __Id="272" __Class="Field" __From="56" __To="64"/>
      <annotation Category="Phase" __Id="274" __Class="Field" __From="108" __To="113"/>
      <annotation Category="Date" Value="2008-START" __Id="275" __Class="TE" __From="108" __To="123"/>
      <annotation Category="Year" __Id="276" __Class="Field" __From="115" __To="123"/>
      <annotation Category="Quarter" __Id="281" __Class="Field" __From="452" __To="466"/>
      <annotation Category="Date" Value="2008-Q1" __Id="282" __Class="TE" __From="452" __To="476"/>
      <annotation Category="Year" __Id="283" __Class="Field" __From="468" __To="476"/>
      <annotation Category="Quarter" __Id="284" __Class="Field" __From="519" __To="537"/>
      <annotation Category="Date" Value="2007-Q4" __Id="285" __Class="TE" __From="519" __To="545"/>
      <annotation Category="Year" __Id="286" __Class="Field" __From="539" __To="545"/>
      <annotation Category="Dur" Value="P3M" __Id="288" __Class="TE" __From="686" __To="695"/>
      <annotation To="DCT" U_Class="1-D" __Id="289" __Class="Anchored" __From="697" __To="709"/>
      <annotation Category="Year" __Id="290" __Class="Field" __From="697" __To="709"/>
      <annotation Category="Date" Value="2007" __Id="291" __Class="TE" __From="697" __To="709"/>
      <annotation Category="Quarter" __Id="298" __Class="Field" __From="1211" __To="1225"/>
      <annotation Through="DCT" U_Class="5" __Id="299" __Class="Restored" __From="1211" __To="1225"/>
      <annotation Category="Date" Value="2008-Q1" __Id="300" __Class="TE" __From="1211" __To="1225"/>
    </annotations>
    <relations>
    </relations>
  </document>
</xml>
