<xml generator="AnnotationTools" target="public" format-version="1">
  <document>
    <text>
      <raw> 2018-09-24    Технические эксперты из Управления национальной безопасности Норвегии (NSM) выясняют, мог ли задержанный в стране гражданин РФ оставить в парламенте подслушивающие устройства. Об этом сообщило в понедельник издание AldriMer со ссылкой на Полицейскую службу безопасности (PST).    &quot;Мы в начальной стадии расследования. И здесь естественным элементом является техническое обследование. Мы также пообщаемся с людьми, которые наблюдали за ситуацией&quot;, - сказал представить PST Мартин Бернтсен. Он уточнил, что среди прочего будет проверено, не установлено ли где-то в здании парламента прослушивающее оборудование.    &quot;Мы пытаемся выяснить, что задержанный делал в парламенте&quot;, - отметил Бернтсен. Кроме того, специалисты также проверят, пытался ли россиянин взломать мобильные телефоны представителей парламента или участников семинара. Работа экспертов продлится две недели.    Посольство РФ в Норвегии в воскресенье подтвердило факт задержания российского гражданина в аэропорту норвежской столицы Осло. Как отмечалось в публикации российской дипмиссии в Facebook, задержанному оказывается консульское содействие и защита его прав и интересов. При этом в посольстве считают, что задержание и последующий арест носят надуманный характер и совершены под нелепым предлогом.    По сведениям газеты Verdens Gang, задержанному в Норвегии по подозрению в шпионаже гражданину РФ 51 год. Его адвокат Хеге Аакре сообщила в воскресенье изданию, что ее подзащитный не понимает, почему его задержали, считает, что произошло недоразумение. Адвокат сообщила также, что у мужчины было изъято электронное оборудование, но не стала уточнять, о чем именно идет речь. В свою очередь Норвежское телеграфное бюро сообщило, что задержанный сотрудничает с ведущей следствие полицией.    В понедельник адвокат задержанного россиянина сообщила Verdens Gang, что конкретных доказательств сбора данных его подзащитным в Норвегии не предъявлено.    https://tass.ru/mezhdunarodnaya-panorama/5597947</raw>
      <annotated> <DocCreationTime DayOfWeek="2018-W39-1"><TE Category="Date" Value="2018-09-24">2018-09-24</TE></DocCreationTime>    Технические эксперты из Управления национальной безопасности Норвегии (NSM) выясняют, мог ли задержанный в стране гражданин РФ оставить в парламенте подслушивающие устройства. Об этом сообщило в <Field Category="DayOfWeek"><Restored Through="DCT" U_Class="4"><TE Category="Date" Value="2018-W39-1">понедельник</TE></Restored></Field> издание AldriMer со ссылкой на Полицейскую службу безопасности (PST).    &quot;Мы в начальной стадии расследования. И здесь естественным элементом является техническое обследование. Мы также пообщаемся с людьми, которые наблюдали за ситуацией&quot;, - сказал представить PST Мартин Бернтсен. Он уточнил, что среди прочего будет проверено, не установлено ли где-то в здании парламента прослушивающее оборудование.    &quot;Мы пытаемся выяснить, что задержанный делал в парламенте&quot;, - отметил Бернтсен. Кроме того, специалисты также проверят, пытался ли россиянин взломать мобильные телефоны представителей парламента или участников семинара. Работа экспертов продлится <TE Category="Dur" Value="P2W">две недели</TE>.    Посольство РФ в Норвегии в <Field Category="DayOfWeek"><Restored Through="DCT" U_Class="4"><TE Category="Date" Value="2018-W38-7">воскресенье</TE></Restored></Field> подтвердило факт задержания российского гражданина в аэропорту норвежской столицы Осло. Как отмечалось в публикации российской дипмиссии в Facebook, задержанному оказывается консульское содействие и защита его прав и интересов. При этом в посольстве считают, что задержание и последующий арест носят надуманный характер и совершены под нелепым предлогом.    По сведениям газеты Verdens Gang, задержанному в Норвегии по подозрению в шпионаже гражданину РФ <Field Category="Year">51 год</Field>. Его адвокат Хеге Аакре сообщила в <Field Category="DayOfWeek"><Restored Through="DCT" U_Class="4"><TE Category="Date" Value="2018-W38-7">воскресенье</TE></Restored></Field> изданию, что ее подзащитный не понимает, почему его задержали, считает, что произошло недоразумение. Адвокат сообщила также, что у мужчины было изъято электронное оборудование, но не стала уточнять, о чем именно идет речь. В свою очередь Норвежское телеграфное бюро сообщило, что задержанный сотрудничает с ведущей следствие полицией.    В <Field Category="DayOfWeek"><Restored Through="DCT" U_Class="4"><TE Category="Date" Value="2018-W39-1">понедельник</TE></Restored></Field> адвокат задержанного россиянина сообщила Verdens Gang, что конкретных доказательств сбора данных его подзащитным в Норвегии не предъявлено.    https://tass.ru/mezhdunarodnaya-panorama/5597947</annotated>
    </text>
    <annotations>
      <annotation DayOfWeek="2018-W39-1" __Id="340" __Class="DocCreationTime" __From="1" __To="10"/>
      <annotation Category="Date" Value="2018-09-24" __Id="341" __Class="TE" __From="1" __To="10"/>
      <annotation Category="DayOfWeek" __Id="344" __Class="Field" __From="210" __To="220"/>
      <annotation Through="DCT" U_Class="4" __Id="345" __Class="Restored" __From="210" __To="220"/>
      <annotation Category="Date" Value="2018-W39-1" __Id="346" __Class="TE" __From="210" __To="220"/>
      <annotation Category="Dur" Value="P2W" __Id="354" __Class="TE" __From="895" __To="904"/>
      <annotation Category="DayOfWeek" __Id="356" __Class="Field" __From="937" __To="947"/>
      <annotation Through="DCT" U_Class="4" __Id="357" __Class="Restored" __From="937" __To="947"/>
      <annotation Category="Date" Value="2018-W38-7" __Id="358" __Class="TE" __From="937" __To="947"/>
      <annotation Category="Year" __Id="362" __Class="Field" __From="1404" __To="1409"/>
      <annotation Category="DayOfWeek" __Id="364" __Class="Field" __From="1446" __To="1456"/>
      <annotation Through="DCT" U_Class="4" __Id="365" __Class="Restored" __From="1446" __To="1456"/>
      <annotation Category="Date" Value="2018-W38-7" __Id="366" __Class="TE" __From="1446" __To="1456"/>
      <annotation Category="DayOfWeek" __Id="370" __Class="Field" __From="1798" __To="1808"/>
      <annotation Through="DCT" U_Class="4" __Id="371" __Class="Restored" __From="1798" __To="1808"/>
      <annotation Category="Date" Value="2018-W39-1" __Id="372" __Class="TE" __From="1798" __To="1808"/>
    </annotations>
    <relations>
    </relations>
  </document>
</xml>
