<xml generator="AnnotationTools" format-version="1">
  <document>
    <text>
      <raw> 2016-10-30    США: достигнутые в Афганистане успехи постепенно сводятся на нет в результате действий Талибана    За 8 месяцев афганские войска потеряли убитыми более 5 тысяч человек    Потери сил безопасности Афганистана в борьбе с Талибаном за первые восемь месяцев 2016 года составили около 15 тысяч человек. 5523 человека из них убиты. Эти данные опубликовало мониторинговое ведомство в структуре федерального правительства США.    В ведомстве также предупредили, что успехи, достигнутые Афганистаном при помощи международного сообщества, оказались под угрозой.    В ежеквартальном докладе специального генерального инспектора по восстановлению Афганистана, опубликованном в воскресенье, отмечается, что в результате сражений в этом году афганское правительство потеряло контроль над 2,2 процента территории.    «Из 407 районов Афганистана 258 находятся под контролем или влиянием правительства, 33 – под контролем или влиянием боевиков, а за 116 &quot;идет борьба&quot;», – отмечается в докладе.    С 1 января 2015 года по 19 августа 2016 года имела место 101 «внутренняя» атака, в ходе которых военнослужащие Афганских национальных сил обороны и безопасности (АНСОБ) обращали оружие против своих коллег, в результете чего 257 человек были убиты и 125 ранены.    «В АНСОБ отсутствует система управления рисками, в результате чего они вынуждены в значительной мере полагаться на американские войска для предотвращения стратегического провала», – говорится в докладе.    В августе Талибан активизировал боевые и иные действия и в этом месяце приблизился к тому, чтобы вновь взять под контроль город Кундуз на севере страны и столицу южной провинции Гильменд.    Боевики продолжают атаки на эти два города и столицы нескольких других провинций, что оборачивается тяжелыми потерями для афганской армии.    По данным ООН, потери мирного населения от связанных с конфликтом инцидентов за первые девять месяцев 2016 года составили 8 тысяч человек, из которых более 2500 погибли.    Специальный генеральный инспектор отметил, что США взяли обязательства выделить не менее миллиарда долларов на проекты по улучшению положения афганских женщин, однако поддержка, направленная на предоставление женщинам равного доступа к образованию и их равное представительство в политическом руководстве, с 2006 года сократилась.    «Через пятнадцать лет после того, как Соединенные Штаты свергли режим Талибана, Афганистан остается одним из самых худших мест в мире для женщин», – отмечает генеральный инспектор.    Бедность, безработица, неполная занятость, насилие, отток населения, внутренние перемещения и гендерный разрыв в образовании усилились, в то время как уровень услуг и частные инвестиции сократились, говорится в докладе.    В документе отмечается, что в первом полугодии 2016 года более 85 тысяч граждан Афганистана впервые обратились за предоставлением убежища в ЕС. При этом число заявлений на убежище в апреле - июне было на 83 процента выше, чем за аналогичный период 2015 года.</raw>
      <annotated> <DocCreationTime DayOfWeek="2016-W43-7"><TE Category="Date" Value="2016-10-30">2016-10-30</TE></DocCreationTime>    США: достигнутые в Афганистане успехи постепенно сводятся на нет в результате действий Талибана    За <TE Category="Dur" Value="P8M">8 месяцев</TE> афганские войска потеряли убитыми более 5 тысяч человек    Потери сил безопасности Афганистана в борьбе с Талибаном за первые <TE Category="Dur" Value="P8M">восемь месяцев</TE> <Field Category="Year"><TE Category="Date" Value="2016">2016 года</TE></Field> составили около 15 тысяч человек. 5523 человека из них убиты. Эти данные опубликовало мониторинговое ведомство в структуре федерального правительства США.    В ведомстве также предупредили, что успехи, достигнутые Афганистаном при помощи международного сообщества, оказались под угрозой.    В ежеквартальном докладе специального генерального инспектора по восстановлению Афганистана, опубликованном в <Field Category="DayOfWeek"><Restored Through="DCT" U_Class="4"><TE Category="Date" Value="2016-W43-7">воскресенье</TE></Restored></Field>, отмечается, что в результате сражений в <Anchored To="DCT" U_Class="1-DA"><Field Category="Year"><TE Category="Date" Value="2016">этом году</TE></Field></Anchored> афганское правительство потеряло контроль над 2,2 процента территории.    «Из 407 районов Афганистана 258 находятся под контролем или влиянием правительства, 33 – под контролем или влиянием боевиков, а за 116 &quot;идет борьба&quot;», – отмечается в докладе.    С <TE Category="Date" Value="2015-01-01"><Field Category="Day">1</Field> <Field Category="MonthName">января</Field> <Field Category="Year">2015 года</Field></TE> по <TE Category="Date" Value="2016-08-19"><Field Category="Day">19</Field> <Field Category="MonthName">августа</Field> <Field Category="Year">2016 года</Field></TE> имела место 101 «внутренняя» атака, в ходе которых военнослужащие Афганских национальных сил обороны и безопасности (АНСОБ) обращали оружие против своих коллег, в результете чего 257 человек были убиты и 125 ранены.    «В АНСОБ отсутствует система управления рисками, в результате чего они вынуждены в значительной мере полагаться на американские войска для предотвращения стратегического провала», – говорится в докладе.    В <Field Category="MonthName"><Restored Through="DCT" U_Class="4"><TE Category="Date" Value="2016-08">августе</TE></Restored></Field> Талибан активизировал боевые и иные действия и в <Anchored To="DCT" U_Class="1-DA"><Field Category="Month"><TE Category="Date" Value="2016-10">этом месяце</TE></Field></Anchored> приблизился к тому, чтобы вновь взять под контроль город Кундуз на севере страны и столицу южной провинции Гильменд.    Боевики продолжают атаки на эти два города и столицы нескольких других провинций, что оборачивается тяжелыми потерями для афганской армии.    По данным ООН, потери мирного населения от связанных с конфликтом инцидентов за первые <TE Category="Dur" Value="P9M">девять месяцев</TE> <Field Category="Year"><TE Category="Date" Value="2016">2016 года</TE></Field> составили 8 тысяч человек, из которых более 2500 погибли.    Специальный генеральный инспектор отметил, что США взяли обязательства выделить не менее миллиарда долларов на проекты по улучшению положения афганских женщин, однако поддержка, направленная на предоставление женщинам равного доступа к образованию и их равное представительство в политическом руководстве, с <Field Category="Year"><TE Category="Date" Value="2006">2006 года</TE></Field> сократилась.    «<Anchored To="DCT" U_Class="7-DA"><TE Category="ShiftExp" Formula="AFTER,Dur,Anchor">Через <TE Category="Dur" Value="P15Y">пятнадцать лет</TE></TE></Anchored> после того, как Соединенные Штаты <TE Category="Event">свергли</TE> режим Талибана, Афганистан остается одним из самых худших мест в мире для женщин», – отмечает генеральный инспектор.    Бедность, безработица, неполная занятость, насилие, отток населения, внутренние перемещения и гендерный разрыв в образовании усилились, в то время как уровень услуг и частные инвестиции сократились, говорится в докладе.    В документе отмечается, что в <TE Category="Date" Value="2016-H1"><Field Category="HalfYear">первом полугодии</Field> <Field Category="Year">2016 года</Field></TE> более 85 тысяч граждан Афганистана впервые обратились за предоставлением убежища в ЕС. При этом число заявлений на убежище в <Field Category="MonthName"><Restored Through="DCT" U_Class="4"><TE Category="Date" Value="2016-04">апреле</TE></Restored></Field> - <Field Category="MonthName"><Restored Through="DCT" U_Class="4"><TE Category="Date" Value="2016-06">июне</TE></Restored></Field> было на 83 процента выше, чем за аналогичный период <Field Category="Year"><TE Category="Date" Value="2015">2015 года</TE></Field>.</annotated>
    </text>
    <annotations>
      <annotation DayOfWeek="2016-W43-7" __Id="513" __Class="DocCreationTime" __From="1" __To="10"/>
      <annotation Category="Date" Value="2016-10-30" __Id="514" __Class="TE" __From="1" __To="10"/>
      <annotation Category="Dur" Value="P8M" __Id="519" __Class="TE" __From="117" __To="125"/>
      <annotation Category="Dur" Value="P8M" __Id="522" __Class="TE" __From="253" __To="266"/>
      <annotation Category="Year" __Id="523" __Class="Field" __From="268" __To="276"/>
      <annotation Category="Date" Value="2016" __Id="524" __Class="TE" __From="268" __To="276"/>
      <annotation Category="DayOfWeek" __Id="531" __Class="Field" __From="679" __To="689"/>
      <annotation Through="DCT" U_Class="4" __Id="532" __Class="Restored" __From="679" __To="689"/>
      <annotation Category="Date" Value="2016-W43-7" __Id="533" __Class="TE" __From="679" __To="689"/>
      <annotation To="DCT" U_Class="1-DA" __Id="534" __Class="Anchored" __From="732" __To="740"/>
      <annotation Category="Year" __Id="535" __Class="Field" __From="732" __To="740"/>
      <annotation Category="Date" Value="2016" __Id="536" __Class="TE" __From="732" __To="740"/>
      <annotation Category="Day" __Id="541" __Class="Field" __From="1006" __To="1006"/>
      <annotation Category="Date" Value="2015-01-01" __Id="542" __Class="TE" __From="1006" __To="1023"/>
      <annotation Category="MonthName" __Id="543" __Class="Field" __From="1008" __To="1013"/>
      <annotation Category="Year" __Id="544" __Class="Field" __From="1015" __To="1023"/>
      <annotation Category="Day" __Id="545" __Class="Field" __From="1028" __To="1029"/>
      <annotation Category="Date" Value="2016-08-19" __Id="546" __Class="TE" __From="1028" __To="1047"/>
      <annotation Category="MonthName" __Id="547" __Class="Field" __From="1031" __To="1037"/>
      <annotation Category="Year" __Id="548" __Class="Field" __From="1039" __To="1047"/>
      <annotation Category="MonthName" __Id="553" __Class="Field" __From="1476" __To="1482"/>
      <annotation Through="DCT" U_Class="4" __Id="554" __Class="Restored" __From="1476" __To="1482"/>
      <annotation Category="Date" Value="2016-08" __Id="555" __Class="TE" __From="1476" __To="1482"/>
      <annotation To="DCT" U_Class="1-DA" __Id="556" __Class="Anchored" __From="1533" __To="1543"/>
      <annotation Category="Month" __Id="557" __Class="Field" __From="1533" __To="1543"/>
      <annotation Category="Date" Value="2016-10" __Id="558" __Class="TE" __From="1533" __To="1543"/>
      <annotation Category="Dur" Value="P9M" __Id="563" __Class="TE" __From="1894" __To="1907"/>
      <annotation Category="Year" __Id="564" __Class="Field" __From="1909" __To="1917"/>
      <annotation Category="Date" Value="2016" __Id="565" __Class="TE" __From="1909" __To="1917"/>
      <annotation Category="Year" __Id="568" __Class="Field" __From="2288" __To="2296"/>
      <annotation Category="Date" Value="2006" __Id="569" __Class="TE" __From="2288" __To="2296"/>
      <annotation To="DCT" U_Class="7-DA" __Id="572" __Class="Anchored" __From="2315" __To="2334"/>
      <annotation Category="ShiftExp" Formula="AFTER,Dur,Anchor" __Id="573" __Class="TE" __From="2315" __To="2334"/>
      <annotation Category="Dur" Value="P15Y" __Id="574" __Class="TE" __From="2321" __To="2334"/>
      <annotation Category="Event" __Id="575" __Class="TE" __From="2370" __To="2376"/>
      <annotation Category="HalfYear" __Id="580" __Class="Field" __From="2751" __To="2766"/>
      <annotation Category="Date" Value="2016-H1" __Id="581" __Class="TE" __From="2751" __To="2776"/>
      <annotation Category="Year" __Id="582" __Class="Field" __From="2768" __To="2776"/>
      <annotation Category="MonthName" __Id="584" __Class="Field" __From="2903" __To="2908"/>
      <annotation Through="DCT" U_Class="4" __Id="585" __Class="Restored" __From="2903" __To="2908"/>
      <annotation Category="Date" Value="2016-04" __Id="586" __Class="TE" __From="2903" __To="2908"/>
      <annotation Category="MonthName" __Id="587" __Class="Field" __From="2912" __To="2915"/>
      <annotation Through="DCT" U_Class="4" __Id="588" __Class="Restored" __From="2912" __To="2915"/>
      <annotation Category="Date" Value="2016-06" __Id="589" __Class="TE" __From="2912" __To="2915"/>
      <annotation Category="Year" __Id="590" __Class="Field" __From="2969" __To="2977"/>
      <annotation Category="Date" Value="2015" __Id="591" __Class="TE" __From="2969" __To="2977"/>
    </annotations>
    <relations>
      <relation __Id="0" __Class="AnchoredTo"><from><annotation __Id="573"/></from><to><annotation __Id="575"/></to></relation>
    </relations>
  </document>
</xml>
