<xml generator="AnnotationTools" format-version="1">
  <document>
    <text>
      <raw> ¶2018-09-25    ¶Бывший премьер-министр Франции Манюэль Вальс решил выставить свою кандидатуру на должность мэра Барселоны на муниципальных выборах в мае 2019 года. Соответствующее заявление экс-глава правительства сделал во вторник.    ¶&quot;Да, я хочу стать следующим мэром Барселоны, и это будет зависеть от жителей Барселоны&quot;, - отметил Вальс. По его словам, каталонская столица является &quot;городом, который цепляет и в который влюбляешься&quot;. &quot;Я из семьи, которая всегда любила Барселону&quot;, - добавил он. &quot;Мы должны восстановить Барселону, улучшив руководство и добившись более высокого уровня безопасности, лучшей мобильности, большей экономической активности и большей поддержки начинающих предприятий и университетов&quot;, - сказал претендент в градоначальники.    ¶&quot;Я - независимый кандидат&quot;, - уточнил Вальс. &quot;Я люблю Францию, - подчеркнул экс-глава правительства. - Эта страна позволила молодому человеку из Барселоны благодаря государственной школе стать мэром, депутатом, министром и премьер-министром&quot;. При этом Вальс пообещал на следующей неделе покинуть пост депутата Национального собрания (нижняя палата парламента) Франции.    ¶В последние месяцы бывший французский премьер все чаще делал заявления на фоне сепаратистских настроений в испанском регионе. В частности, Вальс неоднократно высказывался в поддержку единства Испании и поиск политического решения проблемы.    ¶С 2015 года пост мэра Барселоны занимает Ада Колау.    ¶56-летний Вальс занимал должность премьера Франции с 2014 по 2016 год. С 2012 по 2014 год был министром внутренних дел страны.    ¶https://tass.ru/mezhdunarodnaya-panorama/5604098</raw>
      <annotated> ¶<DocCreationTime><TE>2018-09-25</TE></DocCreationTime>    ¶Бывший премьер-министр Франции Манюэль Вальс решил выставить свою кандидатуру на должность мэра Барселоны на муниципальных выборах в <TE><Field Category="MonthName">мае</Field> <Field Category="Year">2019 года</Field></TE>. Соответствующее заявление экс-глава правительства сделал во <Field Category="DayOfWeek"><Restored Through="DCT"><TE>вторник</TE></Restored></Field>.    ¶&quot;Да, я хочу стать следующим мэром Барселоны, и это будет зависеть от жителей Барселоны&quot;, - отметил Вальс. По его словам, каталонская столица является &quot;городом, который цепляет и в который влюбляешься&quot;. &quot;Я из семьи, которая всегда любила Барселону&quot;, - добавил он. &quot;Мы должны восстановить Барселону, улучшив руководство и добившись более высокого уровня безопасности, лучшей мобильности, большей экономической активности и большей поддержки начинающих предприятий и университетов&quot;, - сказал претендент в градоначальники.    ¶&quot;Я - независимый кандидат&quot;, - уточнил Вальс. &quot;Я люблю Францию, - подчеркнул экс-глава правительства. - Эта страна позволила молодому человеку из Барселоны благодаря государственной школе стать мэром, депутатом, министром и премьер-министром&quot;. При этом Вальс пообещал на <Anchored To="DCT"><Field Category="Week"><TE>следующей неделе</TE></Field></Anchored> покинуть пост депутата Национального собрания (нижняя палата парламента) Франции.    ¶В последние <TE>месяцы</TE> бывший французский премьер все чаще делал заявления на фоне сепаратистских настроений в испанском регионе. В частности, Вальс неоднократно высказывался в поддержку единства Испании и поиск политического решения проблемы.    ¶С <Field Category="Year"><TE>2015 года</TE></Field> пост мэра Барселоны занимает Ада Колау.    ¶56-летний Вальс занимал должность премьера Франции с <Field Category="Year"><TE>2014</TE></Field> по <Field Category="Year"><TE>2016 год</TE></Field>. С <Field Category="Year"><TE>2012</TE></Field> по <Field Category="Year"><TE>2014 год</TE></Field> был министром внутренних дел страны.    ¶https://tass.ru/mezhdunarodnaya-panorama/5604098</annotated>
    </text>
    <annotations>
      <annotation DayOfWeek="2018-W39-2" __Id="293" __Class="DocCreationTime" __From="2" __To="11"/>
      <annotation Category="Date" Value="2018-09-25" __Id="294" __Class="TE" __From="2" __To="11"/>
      <annotation Category="MonthName" __Id="296" __Class="Field" __From="150" __To="152"/>
      <annotation Category="Date" Value="2019-05" __Id="297" __Class="TE" __From="150" __To="162"/>
      <annotation Category="Year" __Id="298" __Class="Field" __From="154" __To="162"/>
      <annotation Category="DayOfWeek" __Id="300" __Class="Field" __From="225" __To="231"/>
      <annotation Through="DCT" U_Class="4" __Id="301" __Class="Restored" __From="225" __To="231"/>
      <annotation Category="Date" Value="2018-W39-2" __Id="302" __Class="TE" __From="225" __To="231"/>
      <annotation To="DCT" U_Class="1-DA" __Id="311" __Class="Anchored" __From="1091" __To="1106"/>
      <annotation Category="Week" __Id="312" __Class="Field" __From="1091" __To="1106"/>
      <annotation Category="Date" Value="2018-W40" __Id="313" __Class="TE" __From="1091" __To="1106"/>
      <annotation Category="Dur" Value="PxM" __Id="315" __Class="TE" __From="1206" __To="1211"/>
      <annotation Category="Year" __Id="318" __Class="Field" __From="1440" __To="1448"/>
      <annotation Category="Date" Value="2015" __Id="319" __Class="TE" __From="1440" __To="1448"/>
      <annotation Category="Year" __Id="321" __Class="Field" __From="1547" __To="1550"/>
      <annotation Category="Date" Value="2014" __Id="322" __Class="TE" __From="1547" __To="1550"/>
      <annotation Category="Year" __Id="323" __Class="Field" __From="1555" __To="1562"/>
      <annotation Category="Date" Value="2016" __Id="324" __Class="TE" __From="1555" __To="1562"/>
      <annotation Category="Year" __Id="326" __Class="Field" __From="1567" __To="1570"/>
      <annotation Category="Date" Value="2012" __Id="327" __Class="TE" __From="1567" __To="1570"/>
      <annotation Category="Year" __Id="328" __Class="Field" __From="1575" __To="1582"/>
      <annotation Category="Date" Value="2014" __Id="329" __Class="TE" __From="1575" __To="1582"/>
    </annotations>
    <relations>
    </relations>
  </document>
</xml>
