<xml generator="AnnotationTools" format="public" version="1">
  <document>
    <text>
      <raw> 2018-09-24    Министерство обороны представило данные, которые, по заявлению официального представителя ведомства Игоря Конашенкова, уже не просто свидетельствуют, а доказывают, что вина за трагедию с российским самолетом Ил-20 в Сирии целиком лежит на ВВС Израиля. Новые сведения он обнародовал на брифинге.    Российский Ил-20 был сбит 17 сентября у побережья Средиземного моря при возвращении на авиабазу Хмеймим. В это же время четыре израильских истребителя F-16 атаковали сирийские объекты в Латакии. По данным Минобороны РФ, Израиль уведомил российскую сторону об авиаударе лишь за минуту до его начала, введя в заблуждение относительно района и не сообщив о местонахождении F-16. Как заявили в МО РФ, прикрываясь российским самолетом, израильские летчики подставили его под удар ПВО Сирии. Погибли 15 российских военнослужащих. Всю полноту ответственности за катастрофу Минобороны РФ возложило на израильские ВВС и тех, кто принимал решение об ударе.    Израиль отрицает свою вину в инциденте. В Тель-Авиве утверждают, что в момент, когда Ил-20 был сбит, израильские самолеты уже находились в израильском воздушном пространстве.    https://ria.ru/syria/20180924/1529254552.html</raw>
      <annotated> <DocCreationTime DayOfWeek="2018-W39-1"><TE Category="Date" Value="2018-09-24">2018-09-24</TE></DocCreationTime>    Министерство обороны представило данные, которые, по заявлению официального представителя ведомства Игоря Конашенкова, уже не просто свидетельствуют, а доказывают, что вина за трагедию с российским самолетом Ил-20 в Сирии целиком лежит на ВВС Израиля. Новые сведения он обнародовал на брифинге.    Российский Ил-20 был сбит <TE Category="Date" Value="2018-09-17"><Field Category="Day">17</Field> <Field Category="MonthName">сентября</Field></TE> у побережья Средиземного моря при возвращении на авиабазу Хмеймим. В это же время четыре израильских истребителя F-16 атаковали сирийские объекты в Латакии. По данным Минобороны РФ, Израиль уведомил российскую сторону об авиаударе лишь за минуту до его начала, введя в заблуждение относительно района и не сообщив о местонахождении F-16. Как заявили в МО РФ, прикрываясь российским самолетом, израильские летчики подставили его под удар ПВО Сирии. Погибли 15 российских военнослужащих. Всю полноту ответственности за катастрофу Минобороны РФ возложило на израильские ВВС и тех, кто принимал решение об ударе.    Израиль отрицает свою вину в инциденте. В Тель-Авиве утверждают, что в момент, когда Ил-20 был сбит, израильские самолеты уже находились в израильском воздушном пространстве.    https://ria.ru/syria/20180924/1529254552.html</annotated>
    </text>
<!-- NOTE: Annotation boundaries below corresponds to text without XHTML-entities encoding. -->
    <annotations>
      <annotation DayOfWeek="2018-W39-1" __Id="227" __Class="DocCreationTime" __From="1" __To="10"/>
      <annotation Category="Date" Value="2018-09-24" __Id="228" __Class="TE" __From="1" __To="10"/>
      <annotation Category="Day" __Id="232" __Class="Field" __From="339" __To="340"/>
      <annotation Category="Date" Value="2018-09-17" __Id="233" __Class="TE" __From="339" __To="349"/>
      <annotation Category="MonthName" __Id="234" __Class="Field" __From="342" __To="349"/>
    </annotations>
    <relations>
    </relations>
  </document>
</xml>
