<xml generator="AnnotationTools" target="public" format-version="1">
  <document>
    <text>
      <raw> 2016-04-06    СБУ увидела в запрете российского кино причину дестабилизации на Украине    Служба безопасности Украины (СБУ) призвала Министерство культуры пересмотреть подход к запрету российских фильмов, произведенных с 1 января 2014 года. Такая мера, по мнению руководства спецслужбы, дестабилизирует ситуацию в стране. Соответствующее обращение главы СБУ Василия Грицака опубликовала пресс-секретарь спецслужбы Елена Гитлянская на своей странице в Facebook.    «Прежде всего, негативную реакцию вызвал способ запрета указанного контента, что отрицательно воспринимается обществом, усиливает в нем раскол и дополнительно дестабилизирует общественно-политическую ситуацию в стране», — говорится в письме.    Глава СБУ также попросил министерство привлечь для изучения запрещенных фильмов специалистов экспертной комиссии Госкино. Это, по мнению Грицака, позволит выделить из общего перечня запрещенных для показа фильмов «действительно вредный контент».    29 марта Верховная Рада Украины поддержала изменения в закон «О кинематографии», касающиеся кинопродукции из России. Запрет затрагивает не только ленты по военной тематике или прославляющие российское государство, но и вообще все фильмы, произведенные или впервые обнародованные после 1 января 2014 года.    Киев после смены власти в начале 2014 года неоднократно принимал меры, защищающие информационное поле от поступления продукции из России. 18 февраля 2016-го Государственное агентство Украины по вопросам кино запретило ряд фильмов российского производства, объяснив решение тем, что участники съемок этих произведений внесены в «перечень лиц, создающих угрозу национальной безопасности».    С августа 2014 года на Украине были запрещены более 400 российских фильмов и сериалов.    https://lenta.ru/news/2016/04/06/nothingtodo/</raw>
      <annotated> <DocCreationTime DayOfWeek="2016-W14-3"><TE Category="Date" Value="2016-04-06">2016-04-06</TE></DocCreationTime>    СБУ увидела в запрете российского кино причину дестабилизации на Украине    Служба безопасности Украины (СБУ) призвала Министерство культуры пересмотреть подход к запрету российских фильмов, произведенных с <TE Category="Date" Value="2014-01-01"><Field Category="Day">1</Field> <Field Category="MonthName">января</Field> <Field Category="Year">2014 года</Field></TE>. Такая мера, по мнению руководства спецслужбы, дестабилизирует ситуацию в стране. Соответствующее обращение главы СБУ Василия Грицака опубликовала пресс-секретарь спецслужбы Елена Гитлянская на своей странице в Facebook.    «Прежде всего, негативную реакцию вызвал способ запрета указанного контента, что отрицательно воспринимается обществом, усиливает в нем раскол и дополнительно дестабилизирует общественно-политическую ситуацию в стране», — говорится в письме.    Глава СБУ также попросил министерство привлечь для изучения запрещенных фильмов специалистов экспертной комиссии Госкино. Это, по мнению Грицака, позволит выделить из общего перечня запрещенных для показа фильмов «действительно вредный контент».    <TE Category="Date" Value="2016-03-29"><Field Category="Day">29</Field> <Field Category="MonthName"><Restored Through="DCT" U_Class="4">марта</Restored></Field></TE> Верховная Рада Украины поддержала изменения в закон «О кинематографии», касающиеся кинопродукции из России. Запрет затрагивает не только ленты по военной тематике или прославляющие российское государство, но и вообще все фильмы, произведенные или впервые обнародованные после <TE Category="Date" Value="2014-01-01"><Field Category="Day">1</Field> <Field Category="MonthName">января</Field> <Field Category="Year">2014 года</Field></TE>.    Киев после смены власти в <TE Category="Date" Value="2014-START"><Field Category="Phase">начале</Field> <Field Category="Year">2014 года</Field></TE> неоднократно принимал меры, защищающие информационное поле от поступления продукции из России. <TE Category="Date" Value="2016-02-18"><Field Category="Day">18</Field> <Field Category="MonthName">февраля</Field> <Field Category="Year">2016-го</Field></TE> Государственное агентство Украины по вопросам кино запретило ряд фильмов российского производства, объяснив решение тем, что участники съемок этих произведений внесены в «перечень лиц, создающих угрозу национальной безопасности».    С <TE Category="Date" Value="2014-08"><Field Category="MonthName">августа</Field> <Field Category="Year">2014 года</Field></TE> на Украине были запрещены более 400 российских фильмов и сериалов.    https://lenta.ru/news/2016/04/06/nothingtodo/</annotated>
    </text>
    <annotations>
      <annotation DayOfWeek="2016-W14-3" __Id="303" __Class="DocCreationTime" __From="1" __To="10"/>
      <annotation Category="Date" Value="2016-04-06" __Id="304" __Class="TE" __From="1" __To="10"/>
      <annotation Category="Day" __Id="307" __Class="Field" __From="222" __To="222"/>
      <annotation Category="Date" Value="2014-01-01" __Id="308" __Class="TE" __From="222" __To="239"/>
      <annotation Category="MonthName" __Id="309" __Class="Field" __From="224" __To="229"/>
      <annotation Category="Year" __Id="310" __Class="Field" __From="231" __To="239"/>
      <annotation Category="Day" __Id="317" __Class="Field" __From="959" __To="960"/>
      <annotation Category="Date" Value="2016-03-29" __Id="318" __Class="TE" __From="959" __To="966"/>
      <annotation Category="MonthName" __Id="319" __Class="Field" __From="962" __To="966"/>
      <annotation Through="DCT" U_Class="4" __Id="320" __Class="Restored" __From="962" __To="966"/>
      <annotation Category="Day" __Id="322" __Class="Field" __From="1244" __To="1244"/>
      <annotation Category="Date" Value="2014-01-01" __Id="323" __Class="TE" __From="1244" __To="1261"/>
      <annotation Category="MonthName" __Id="324" __Class="Field" __From="1246" __To="1251"/>
      <annotation Category="Year" __Id="325" __Class="Field" __From="1253" __To="1261"/>
      <annotation Category="Phase" __Id="327" __Class="Field" __From="1293" __To="1298"/>
      <annotation Category="Date" Value="2014-START" __Id="328" __Class="TE" __From="1293" __To="1308"/>
      <annotation Category="Year" __Id="329" __Class="Field" __From="1300" __To="1308"/>
      <annotation Category="Day" __Id="330" __Class="Field" __From="1405" __To="1406"/>
      <annotation Category="Date" Value="2016-02-18" __Id="332" __Class="TE" __From="1405" __To="1422"/>
      <annotation Category="MonthName" __Id="333" __Class="Field" __From="1408" __To="1414"/>
      <annotation Category="Year" __Id="334" __Class="Field" __From="1416" __To="1422"/>
      <annotation Category="MonthName" __Id="336" __Class="Field" __From="1659" __To="1665"/>
      <annotation Category="Date" Value="2014-08" __Id="337" __Class="TE" __From="1659" __To="1675"/>
      <annotation Category="Year" __Id="338" __Class="Field" __From="1667" __To="1675"/>
    </annotations>
    <relations>
    </relations>
  </document>
</xml>
