<xml generator="AnnotationTools" format-version="1">
  <document>
    <text>
      <raw> ¶2012-11-16  ¶Смольный может отправить в отставку главного транспортника    ¶В Смольном продолжаются громкие отставки. Ключевой комитет администрации Петербурга – по развитию транспортной инфраструктуры – может остаться остался без руководителя.    ¶Первые слухи о том, что Борис Мурашов может покинуть комитет по развитию транспортной инфраструктуры, появились в середине октября. 19 числа этого месяца чиновник неожиданно ушел в отпуск, хотя уже отдыхал в конце августа – начале сентября. Еще больше эти слухи подогревал тот факт, что за два дня до этого – 17 октября – министром регионального развития стал бывший глава Костромской области Игорь Слюняев. Хотя, по информации «Города-812», руководство Петербурга активно звало его на должность вице-губернатора, курирующего транспортную сферу.    ¶Источники «Фонтанки» утверждают, что приход Игоря Слюняева в Смольный упрочил бы позиции Бориса Мурашова в КРТИ. По некоторым данным, они хорошо знакомы – в те годы, когда Мурашов возглавлял Дирекцию по строительству транспортного обхода (ДСТО) и возводил КАД, Слюняев трудился в Минтрансе должности замминистра. А дирекция, как известно, подчинялась именно министерству. Однако Игорь Слюняев в итоге выбрал Белый дом, а не Смольный, а Мурашов неожиданно ушел в отпуск, из которого он вернулся 6 ноября — только для того, чтобы написать заявление об уходе по собственному желанию.    ¶В комитете по развитию транспортной инфраструктуры прокомментировали слухи об отставке своего начальника Бориса Мурашова. Представитель комитета заявил, что «такое имеет место быть» и предложил обратиться за более полной информацией в пресс-службу вице-губернатора Сергея Козырева.    ¶Председатель комитета по развитию транспортной инфраструктуры администрации Петербурга Борис Мурашов официально находится в отпуске. Об этом сообщил журналистам первый заместитель председателя, и.о. Б.Мурашова на время отпуска Владимир Шмидт.    ¶Чиновник не смог прокомментировать информацию о возможной отставке главы комитета. «Про отставку ничего не знаю, Борис Михайлович в отпуске, я более двух недель исполняю его обязанности», — отметил чиновник.    ¶Отметим, недавно свой пост покинул еще один чиновник из команды Валентины Матвиенко — председатель комитета по строительству Вячеслав Семененко. Формально он остался в Смольном, поскольку перешел на должность советника губернатора Георгия Полтавченко. На его место в комитете назначен экс-председатель совета директоров ГК «Единые решения» Андрей Артеев.    ¶Между тем, стало известно о том, что правительство Петербурга отказалось от строительства скоростной магистрали №7, которая должна была соединить Арсенальную набережную с Выборгским шоссе. Причина — поступление большого числа жалоб от населения и депутатов    ¶Согласно генплану Петербурга, седьмая магистраль должна была пройти через Удельный парк, против чего активно выступают градозащитники, а также — по участкам частных жилых домов в районе Озерков, против чего протестуют местные жители. В конце октября предложение исключить магистраль из генплана внесли депутаты Законодательного Собрания Петербурга.    ¶Ранее строительство магистрали планировали начать в 2014 году, а объявить конкурс на проектирование — ближайшей осенью. На эти цели в городском бюджете были заложены 75 млн рублей. Трасса должна была быть сдана к 2017 — 2018 годам и обойтись городу в сумму порядка 100 млрд рублей, ранее заявлял Борис Мурашов. Строить ее планировалось по модели государственно-частного партнерства.    ¶https://pasmi.ru/archive/56964/</raw>
      <annotated> ¶<DocCreationTime><TE>2012-11-16</TE></DocCreationTime>  ¶Смольный может отправить в отставку главного транспортника    ¶В Смольном продолжаются громкие отставки. Ключевой комитет администрации Петербурга – по развитию транспортной инфраструктуры – может остаться остался без руководителя.    ¶Первые слухи о том, что Борис Мурашов может покинуть комитет по развитию транспортной инфраструктуры, появились в <TE><Field Category="Phase">середине</Field> <Field Category="MonthName"><Restored Through="DCT">октября</Restored></Field></TE>. <TE><Field Category="Day">19 числа</Field> <Anchored To="DCT"><Field Category="Month">этого месяца</Field></Anchored></TE> чиновник неожиданно ушел в отпуск, хотя уже отдыхал в <TE><Field Category="Phase">конце</Field> <Field Category="MonthName"><Restored Through="DCT">августа</Restored></Field></TE> – <TE><Field Category="Phase">начале</Field> <Field Category="MonthName"><Restored Through="DCT">сентября</Restored></Field></TE>. Еще больше эти слухи подогревал тот факт, что <Anchored To="Text"><TE>за <TE>два дня</TE></TE></Anchored> до <TE>этого</TE> – <TE><Field Category="Day">17</Field> <Field Category="MonthName"><Restored Through="DCT">октября</Restored></Field></TE> – министром регионального развития стал бывший глава Костромской области Игорь Слюняев. Хотя, по информации «Города-812», руководство Петербурга активно звало его на должность вице-губернатора, курирующего транспортную сферу.    ¶Источники «Фонтанки» утверждают, что приход Игоря Слюняева в Смольный упрочил бы позиции Бориса Мурашова в КРТИ. По некоторым данным, они хорошо знакомы – в те <TE>годы</TE>, когда Мурашов возглавлял Дирекцию по строительству транспортного обхода (ДСТО) и возводил КАД, Слюняев трудился в Минтрансе должности замминистра. А дирекция, как известно, подчинялась именно министерству. Однако Игорь Слюняев в итоге выбрал Белый дом, а не Смольный, а Мурашов неожиданно ушел в отпуск, из которого он вернулся <TE><Field Category="Day">6</Field> <Field Category="MonthName"><Restored Through="DCT">ноября</Restored></Field></TE> — только для того, чтобы написать заявление об уходе по собственному желанию.    ¶В комитете по развитию транспортной инфраструктуры прокомментировали слухи об отставке своего начальника Бориса Мурашова. Представитель комитета заявил, что «такое имеет место быть» и предложил обратиться за более полной информацией в пресс-службу вице-губернатора Сергея Козырева.    ¶Председатель комитета по развитию транспортной инфраструктуры администрации Петербурга Борис Мурашов официально находится в отпуске. Об этом сообщил журналистам первый заместитель председателя, и.о. Б.Мурашова на время отпуска Владимир Шмидт.    ¶Чиновник не смог прокомментировать информацию о возможной отставке главы комитета. «Про отставку ничего не знаю, Борис Михайлович в отпуске, я <TE>более двух недель</TE> исполняю его обязанности», — отметил чиновник.    ¶Отметим, недавно свой пост покинул еще один чиновник из команды Валентины Матвиенко — председатель комитета по строительству Вячеслав Семененко. Формально он остался в Смольном, поскольку перешел на должность советника губернатора Георгия Полтавченко. На его место в комитете назначен экс-председатель совета директоров ГК «Единые решения» Андрей Артеев.    ¶Между тем, стало известно о том, что правительство Петербурга отказалось от строительства скоростной магистрали №7, которая должна была соединить Арсенальную набережную с Выборгским шоссе. Причина — поступление большого числа жалоб от населения и депутатов    ¶Согласно генплану Петербурга, седьмая магистраль должна была пройти через Удельный парк, против чего активно выступают градозащитники, а также — по участкам частных жилых домов в районе Озерков, против чего протестуют местные жители. В <TE><Field Category="Phase">конце</Field> <Field Category="MonthName"><Restored Through="DCT">октября</Restored></Field></TE> предложение исключить магистраль из генплана внесли депутаты Законодательного Собрания Петербурга.    ¶Ранее строительство магистрали планировали начать в <Field Category="Year"><TE>2014 году</TE></Field>, а объявить конкурс на проектирование — <Anchored To="DCT"><Field Category="Season"><TE>ближайшей осенью</TE></Field></Anchored>. На эти цели в городском бюджете были заложены 75 млн рублей. Трасса должна была быть сдана к <Field Category="Year"><TE>2017</TE></Field> — <Field Category="Year"><TE>2018 годам</TE></Field> и обойтись городу в сумму порядка 100 млрд рублей, ранее заявлял Борис Мурашов. Строить ее планировалось по модели государственно-частного партнерства.    ¶https://pasmi.ru/archive/56964/</annotated>
    </text>
    <annotations>
      <annotation DayOfWeek="2012-W46-5" __Id="604" __Class="DocCreationTime" __From="2" __To="11"/>
      <annotation Category="Date" Value="2012-11-16" __Id="605" __Class="TE" __From="2" __To="11"/>
      <annotation Category="Phase" __Id="610" __Class="Field" __From="365" __To="372"/>
      <annotation Category="Date" Value="2012-10-MID" __Id="611" __Class="TE" __From="365" __To="380"/>
      <annotation Category="MonthName" __Id="612" __Class="Field" __From="374" __To="380"/>
      <annotation Through="DCT" U_Class="4" __Id="613" __Class="Restored" __From="374" __To="380"/>
      <annotation Category="Day" __Id="614" __Class="Field" __From="383" __To="390"/>
      <annotation Category="Date" Value="2012-10-19" __Id="616" __Class="TE" __From="383" __To="403"/>
      <annotation To="DCT" U_Class="1-DA" __Id="617" __Class="Anchored" __From="392" __To="403"/>
      <annotation Category="Month" __Id="618" __Class="Field" __From="392" __To="403"/>
      <annotation Category="Phase" __Id="619" __Class="Field" __From="459" __To="463"/>
      <annotation Category="Date" Value="2012-08-END" __Id="620" __Class="TE" __From="459" __To="471"/>
      <annotation Category="MonthName" __Id="621" __Class="Field" __From="465" __To="471"/>
      <annotation Through="DCT" U_Class="4" __Id="622" __Class="Restored" __From="465" __To="471"/>
      <annotation Category="Phase" __Id="623" __Class="Field" __From="475" __To="480"/>
      <annotation Category="Date" Value="2012-09-START" __Id="624" __Class="TE" __From="475" __To="489"/>
      <annotation Category="MonthName" __Id="625" __Class="Field" __From="482" __To="489"/>
      <annotation Through="DCT" U_Class="4" __Id="626" __Class="Restored" __From="482" __To="489"/>
      <annotation To="Text" U_Class="7-A" __Id="628" __Class="Anchored" __From="538" __To="547"/>
      <annotation Category="ShiftExp" Formula="BEFORE,Dur,Anchor" __Id="629" __Class="TE" __From="538" __To="547"/>
      <annotation Category="Dur" Value="P2D" __Id="630" __Class="TE" __From="541" __To="547"/>
      <annotation Category="Event" __Id="631" __Class="TE" __From="552" __To="556"/>
      <annotation Category="Day" __Id="632" __Class="Field" __From="560" __To="561"/>
      <annotation Category="Date" Value="2012-10-17" __Id="633" __Class="TE" __From="560" __To="569"/>
      <annotation Category="MonthName" __Id="634" __Class="Field" __From="563" __To="569"/>
      <annotation Through="DCT" U_Class="4" __Id="635" __Class="Restored" __From="563" __To="569"/>
      <annotation Category="Dur" Value="PxY" __Id="639" __Class="TE" __From="961" __To="964"/>
      <annotation Category="Day" __Id="642" __Class="Field" __From="1295" __To="1295"/>
      <annotation Category="Date" Value="2012-11-06" __Id="643" __Class="TE" __From="1295" __To="1302"/>
      <annotation Category="MonthName" __Id="644" __Class="Field" __From="1297" __To="1302"/>
      <annotation Through="DCT" U_Class="4" __Id="645" __Class="Restored" __From="1297" __To="1302"/>
      <annotation Category="Dur" Value="P2W-More" __Id="652" __Class="TE" __From="2062" __To="2078"/>
      <annotation Category="Phase" __Id="660" __Class="Field" __From="2987" __To="2991"/>
      <annotation Category="Date" Value="2012-10-END" __Id="661" __Class="TE" __From="2987" __To="2999"/>
      <annotation Category="MonthName" __Id="662" __Class="Field" __From="2993" __To="2999"/>
      <annotation Through="DCT" U_Class="4" __Id="663" __Class="Restored" __From="2993" __To="2999"/>
      <annotation Category="Year" __Id="665" __Class="Field" __From="3156" __To="3164"/>
      <annotation Category="Date" Value="2014" __Id="666" __Class="TE" __From="3156" __To="3164"/>
      <annotation To="DCT" U_Class="2-D" __Id="667" __Class="Anchored" __From="3206" __To="3221"/>
      <annotation Category="Season" __Id="668" __Class="Field" __From="3206" __To="3221"/>
      <annotation Category="Date" Value="2012-FA" __Id="669" __Class="TE" __From="3206" __To="3221"/>
      <annotation Category="Year" __Id="672" __Class="Field" __From="3317" __To="3320"/>
      <annotation Category="Date" Value="2017" __Id="673" __Class="TE" __From="3317" __To="3320"/>
      <annotation Category="Year" __Id="674" __Class="Field" __From="3324" __To="3333"/>
      <annotation Category="Date" Value="2018" __Id="675" __Class="TE" __From="3324" __To="3333"/>
    </annotations>
    <relations>
      <relation __Id="0" __Class="AnchoredTo"><from><annotation __Id="629"/></from><to><annotation __Id="631"/></to></relation>
    </relations>
  </document>
</xml>
