<xml generator="AnnotationTools" format-version="1">
  <document>
    <text>
      <raw> 2014-11-12    В Египте трех немцев осудили за кражу из пирамиды Хеопса    Суд Египта приговорил трех граждан Германии и шестерых египтян к пяти годам лишения свободы по обвинению в краже артефактов из пирамиды Хеопса. Об этом сообщает Agence France-Presse со ссылкой на источник в суде.    Как уточняется, суд в Гизе приговорил трех немцев заочно. По версии обвинения, назвавшиеся исследователями граждане Германии украли часть древнего свитка, а также образцы породы пирамиды.    К тюремным срокам были приговорены и египтяне, которых суд посчитал соучастниками преступления. Среди них — три сотрудника министерства по делам древностей, два охранника пирамиды и директор турагенства, клиентами которого являлись приезжие немцы.    Кража была совершена еще в конце 2013 года. В августе этого года власти Египта сообщили, что артефакты были возвращены. Они были нужны немецким исследователям якобы для того, чтобы определить их возраст и подтвердить теорию того, что пирамиды были построены на несколько тысячелетий раньше, чем принято считать.    Пирамида Хеопса является крупнейшей египетской пирамидой, это единственное из семи чудес света, сохранившееся до наших дней. Предполагается, что строительство, продолжавшееся 20 лет, завершилось около 2540 года до нашей эры.    https://lenta.ru/news/2014/11/12/pharaon/</raw>
      <annotated> <DocCreationTime DayOfWeek="2014-W46-3"><TE Category="Date" Value="2014-11-12">2014-11-12</TE></DocCreationTime>    В Египте трех немцев осудили за кражу из пирамиды Хеопса    Суд Египта приговорил трех граждан Германии и шестерых египтян к <TE Category="Dur" Value="P5Y">пяти годам</TE> лишения свободы по обвинению в краже артефактов из пирамиды Хеопса. Об этом сообщает Agence France-Presse со ссылкой на источник в суде.    Как уточняется, суд в Гизе приговорил трех немцев заочно. По версии обвинения, назвавшиеся исследователями граждане Германии украли часть древнего свитка, а также образцы породы пирамиды.    К тюремным срокам были приговорены и египтяне, которых суд посчитал соучастниками преступления. Среди них — три сотрудника министерства по делам древностей, два охранника пирамиды и директор турагенства, клиентами которого являлись приезжие немцы.    Кража была совершена еще в <TE Category="Date" Value="2013-END"><Field Category="Phase">конце</Field> <Field Category="Year">2013 года</Field></TE>. В <TE Category="Date" Value="2014-08"><Field Category="MonthName">августе</Field> <Anchored To="DCT" U_Class="1-DA"><Field Category="Year">этого года</Field></Anchored></TE> власти Египта сообщили, что артефакты были возвращены. Они были нужны немецким исследователям якобы для того, чтобы определить их возраст и подтвердить теорию того, что пирамиды были построены <TE Category="ShiftExp" Formula="BEFORE,Dur,Anchor">на <TE Category="Dur" Value="PSeveralME">несколько тысячелетий</TE> раньше</TE>, чем принято считать.    Пирамида Хеопса является крупнейшей египетской пирамидой, это единственное из семи чудес света, сохранившееся до наших дней. Предполагается, что строительство, продолжавшееся <TE Category="Dur" Value="P20Y">20 лет</TE>, завершилось около <Field Category="Year"><TE Category="Date" Value="BC2540">2540 года</TE></Field> до нашей эры.    https://lenta.ru/news/2014/11/12/pharaon/</annotated>
    </text>
    <annotations>
      <annotation DayOfWeek="2014-W46-3" __Id="247" __Class="DocCreationTime" __From="1" __To="10"/>
      <annotation Category="Date" Value="2014-11-12" __Id="248" __Class="TE" __From="1" __To="10"/>
      <annotation Category="Dur" Value="P5Y" __Id="251" __Class="TE" __From="140" __To="149"/>
      <annotation Category="Phase" __Id="258" __Class="Field" __From="760" __To="764"/>
      <annotation Category="Date" Value="2013-END" __Id="259" __Class="TE" __From="760" __To="774"/>
      <annotation Category="Year" __Id="260" __Class="Field" __From="766" __To="774"/>
      <annotation Category="MonthName" __Id="262" __Class="Field" __From="779" __To="785"/>
      <annotation Category="Date" Value="2014-08" __Id="263" __Class="TE" __From="779" __To="796"/>
      <annotation To="DCT" U_Class="1-DA" __Id="264" __Class="Anchored" __From="787" __To="796"/>
      <annotation Category="Year" __Id="265" __Class="Field" __From="787" __To="796"/>
      <annotation Category="ShiftExp" Formula="BEFORE,Dur,Anchor" __Id="267" __Class="TE" __From="991" __To="1021"/>
      <annotation Category="Dur" Value="PSeveralME" __Id="268" __Class="TE" __From="994" __To="1014"/>
      <annotation Category="Dur" Value="P20Y" __Id="271" __Class="TE" __From="1223" __To="1228"/>
      <annotation Category="Year" __Id="272" __Class="Field" __From="1249" __To="1257"/>
      <annotation Category="Date" Value="BC2540" __Id="273" __Class="TE" __From="1249" __To="1257"/>
    </annotations>
    <relations>
    </relations>
  </document>
</xml>
