<xml generator="AnnotationTools" target="public" format-version="1">
  <document>
    <text>
      <raw> 2018-09-26    Генеральный секретарь ООН Антониу Гутерриш и премьер-министр Великобритании Тереза Мэй в ходе встречи обсудили вопросы повестки Совета Безопасности всемирной организации. Об этом сообщили во вторник в пресс-службе ООН.  &quot;Генеральный секретарь и премьер-министр обменялись мнениями по поводу ряда ситуаций, находящихся в повестке Генассамблеи&quot;, - говорится в пресс-релизе.    &quot;Генеральный секретарь поблагодарил премьер-министра Великобритании за последовательную приверженность мультилатерализму и поддержку ООН&quot;, - добавили в организации.    В среду на полях недели высокого уровня Генассамблеи состоится заседание Совета Безопасности ООН под председательством президента США Дональда Трампа. Повестка заседания подразумевает обсуждение широкого круга вопросов, касающихся нераспространения оружия массового уничтожения. Ожидается, что на нем будет поднята и тема предполагаемого применения химоружия в Солсбери. Генсек ООН планирует присутствовать на заседании, но не в качестве докладчика, а в качестве наблюдателя.    https://tass.ru/mezhdunarodnaya-panorama/5604739</raw>
      <annotated> <DocCreationTime DayOfWeek="2018-W39-3"><TE Category="Date" Value="2018-09-26">2018-09-26</TE></DocCreationTime>    Генеральный секретарь ООН Антониу Гутерриш и премьер-министр Великобритании Тереза Мэй в ходе встречи обсудили вопросы повестки Совета Безопасности всемирной организации. Об этом сообщили во <Field Category="DayOfWeek"><Restored Through="DCT" U_Class="4"><TE Category="Date" Value="2018-W39-2">вторник</TE></Restored></Field> в пресс-службе ООН.  &quot;Генеральный секретарь и премьер-министр обменялись мнениями по поводу ряда ситуаций, находящихся в повестке Генассамблеи&quot;, - говорится в пресс-релизе.    &quot;Генеральный секретарь поблагодарил премьер-министра Великобритании за последовательную приверженность мультилатерализму и поддержку ООН&quot;, - добавили в организации.    В <Field Category="DayOfWeek"><Restored Through="DCT" U_Class="4"><TE Category="Date" Value="2018-W39-3">среду</TE></Restored></Field> на полях <Field Category="Week"><Restored Through="DCT" U_Class="6">недели</Restored></Field> высокого уровня Генассамблеи состоится заседание Совета Безопасности ООН под председательством президента США Дональда Трампа. Повестка заседания подразумевает обсуждение широкого круга вопросов, касающихся нераспространения оружия массового уничтожения. Ожидается, что на нем будет поднята и тема предполагаемого применения химоружия в Солсбери. Генсек ООН планирует присутствовать на заседании, но не в качестве докладчика, а в качестве наблюдателя.    https://tass.ru/mezhdunarodnaya-panorama/5604739</annotated>
    </text>
    <annotations>
      <annotation DayOfWeek="2018-W39-3" __Id="173" __Class="DocCreationTime" __From="1" __To="10"/>
      <annotation Category="Date" Value="2018-09-26" __Id="174" __Class="TE" __From="1" __To="10"/>
      <annotation Category="DayOfWeek" __Id="177" __Class="Field" __From="206" __To="212"/>
      <annotation Through="DCT" U_Class="4" __Id="178" __Class="Restored" __From="206" __To="212"/>
      <annotation Category="Date" Value="2018-W39-2" __Id="179" __Class="TE" __From="206" __To="212"/>
      <annotation Category="DayOfWeek" __Id="183" __Class="Field" __From="580" __To="584"/>
      <annotation Through="DCT" U_Class="4" __Id="184" __Class="Restored" __From="580" __To="584"/>
      <annotation Category="Date" Value="2018-W39-3" __Id="185" __Class="TE" __From="580" __To="584"/>
      <annotation Category="Week" __Id="186" __Class="Field" __From="595" __To="600"/>
      <annotation Through="DCT" U_Class="6" __Id="187" __Class="Restored" __From="595" __To="600"/>
    </annotations>
    <relations>
    </relations>
  </document>
</xml>
