<xml generator="AnnotationTools" format-version="1">
  <document>
    <text>
      <raw> 2008-04-15    Побывавший в плену у пиратов экипаж яхты &quot;Ле Понан&quot; прибыл в Париж    Члены экипажа французской яхты &quot;Ле Понан&quot;, побывавшие в заложниках у сомалийских пиратов, в понедельник днем прибыли в Париж, сообщает AFP.    Правоохранительные органы Франции объявили, что начали предварительное расследование обстоятельств захвата круизной яхты у побережья Сомали, на борту которой находился, по уточненным данным, экипаж из 22 французов, шести филиппинцев, а также камерунца и украинца.    Пираты, захватившие яхту 4 апреля и заставившие судно направиться в контролируемый ими порт на побережье Сомали, отпустили &quot;Ле Понан&quot; и экипаж 11 апреля. Сообщалось, что на переговоры с пиратами в Сомали были отправлены военнослужащие французского элитного контртеррористического подразделения GIGN, однако какую роль они сыграли в освобождении яхты, не уточнялось.    В понедельник стало известно, что за яхту был выплачен выкуп. По неподтвержденным официально данным, пиратам передали два миллиона долларов двумя частями. После того, как заложники оказались в безопасном месте, пиратам была вручена вторая часть выкупа, однако скрыться с деньгами им не удалось. Шесть пиратов были задержаны французским спецназом, а оставшаяся часть выкупа изъята. Собеседники интернет-издания Maritime Global Net, рассказавшие о деталях операции по освобождению &quot;Ле Понан&quot;, подчеркнули, что французские военные действовали с санкции властей Сомали.    https://lenta.ru/news/2008/04/14/yaht/</raw>
      <annotated> <DocCreationTime><TE>2008-04-15</TE></DocCreationTime>    Побывавший в плену у пиратов экипаж яхты &quot;Ле Понан&quot; прибыл в Париж    Члены экипажа французской яхты &quot;Ле Понан&quot;, побывавшие в заложниках у сомалийских пиратов, в <Field Category="DayOfWeek"><Restored Through="DCT"><TE>понедельник</TE></Restored></Field> днем прибыли в Париж, сообщает AFP.    Правоохранительные органы Франции объявили, что начали предварительное расследование обстоятельств захвата круизной яхты у побережья Сомали, на борту которой находился, по уточненным данным, экипаж из 22 французов, шести филиппинцев, а также камерунца и украинца.    Пираты, захватившие яхту <TE><Field Category="Day">4</Field> <Field Category="MonthName"><Restored Through="DCT">апреля</Restored></Field></TE> и заставившие судно направиться в контролируемый ими порт на побережье Сомали, отпустили &quot;Ле Понан&quot; и экипаж <TE><Field Category="Day">11</Field> <Field Category="MonthName"><Restored Through="DCT">апреля</Restored></Field></TE>. Сообщалось, что на переговоры с пиратами в Сомали были отправлены военнослужащие французского элитного контртеррористического подразделения GIGN, однако какую роль они сыграли в освобождении яхты, не уточнялось.    В <Field Category="DayOfWeek"><Restored Through="DCT"><TE>понедельник</TE></Restored></Field> стало известно, что за яхту был выплачен выкуп. По неподтвержденным официально данным, пиратам передали два миллиона долларов двумя частями. После того, как заложники оказались в безопасном месте, пиратам была вручена вторая часть выкупа, однако скрыться с деньгами им не удалось. Шесть пиратов были задержаны французским спецназом, а оставшаяся часть выкупа изъята. Собеседники интернет-издания Maritime Global Net, рассказавшие о деталях операции по освобождению &quot;Ле Понан&quot;, подчеркнули, что французские военные действовали с санкции властей Сомали.    https://lenta.ru/news/2008/04/14/yaht/</annotated>
    </text>
    <annotations>
      <annotation DayOfWeek="2008-W16-2" __Id="272" __Class="DocCreationTime" __From="1" __To="10"/>
      <annotation Category="Date" Value="2008-04-15" __Id="273" __Class="TE" __From="1" __To="10"/>
      <annotation Category="DayOfWeek" __Id="276" __Class="Field" __From="197" __To="207"/>
      <annotation Through="DCT" U_Class="4" __Id="277" __Class="Restored" __From="197" __To="207"/>
      <annotation Category="Date" Value="2008-W16-1" __Id="278" __Class="TE" __From="197" __To="207"/>
      <annotation Category="Day" __Id="281" __Class="Field" __From="540" __To="540"/>
      <annotation Category="Date" Value="2008-04-04" __Id="282" __Class="TE" __From="540" __To="547"/>
      <annotation Category="MonthName" __Id="283" __Class="Field" __From="542" __To="547"/>
      <annotation Through="DCT" U_Class="4" __Id="284" __Class="Restored" __From="542" __To="547"/>
      <annotation Category="Day" __Id="285" __Class="Field" __From="668" __To="669"/>
      <annotation Category="Date" Value="2008-04-11" __Id="286" __Class="TE" __From="668" __To="676"/>
      <annotation Category="MonthName" __Id="287" __Class="Field" __From="671" __To="676"/>
      <annotation Through="DCT" U_Class="4" __Id="288" __Class="Restored" __From="671" __To="676"/>
      <annotation Category="DayOfWeek" __Id="291" __Class="Field" __From="896" __To="906"/>
      <annotation Through="DCT" U_Class="4" __Id="292" __Class="Restored" __From="896" __To="906"/>
      <annotation Category="Date" Value="2008-W16-1" __Id="293" __Class="TE" __From="896" __To="906"/>
    </annotations>
    <relations>
    </relations>
  </document>
</xml>
