<xml generator="AnnotationTools" target="public" format-version="1">
  <document>
    <text>
      <raw> 2016-08-20    Порошенко рассказал Киске о ситуации у границы с Крымом    Президент Украины Петр Порошенко провел телефонные переговоры со своим словацким коллегой Андреем Киской. Об этом в субботу, 20 августа, сообщается на сайте украинского лидера.    В ходе беседы Порошенко рассказал Киске о положении дел в Донбассе, а также о ситуации на границе с Крымом. Кроме того, главы государств обсудили важность «нормандского формата».    «Президент Украины акцентировал [внимание] на эффективности солидарности ЕС против агрессии России и подчеркнул важность соблюдения режима санкций ЕС до полного выполнения Москвой взятых на себя обязательств в рамках минского процесса», — отметили в пресс-службе.    Помимо этого речь шла о двусторонних отношениях и международном сотрудничестве.    11 августа Порошенко поручил министерству иностранных дел страны инициировать разговор с российским лидером Владимиром Путиным. Он также отметил, что ведомство должно «организовать телефонные беседы с руководством Германии и Франции в трехстороннем нормандском формате, а также разговоры с вице-президентом США [Джо Байденом] и президентом Европейского Совета Дональдом Туском».    Это было сделано на следующий день после того, как ФСБ России заявила о предотвращении терактов в Крыму, подготовленных Главным управлением разведки Министерства обороны Украины. После этого Путин сказал, что считает бессмысленной встречу лидеров «нормандской четверки» (Россия, Украина, Германия, Франция).    «Судя по всему, те люди, которые захватили в свое время власть в Киеве и продолжают ее удерживать, (...) вместо того, чтобы искать способы мирного урегулирования, перешли к практике террора», — отметил российский лидер.    В марте 2014 года Крым и Севастополь по результатам всенародного референдума вошли в состав России. Власти Украины и ряд стран Запада, в том числе и США, отказались признавать плебисцит легитимным и ввели санкции. В Москве, в свою очередь, утверждают, что процедура присоединения полуострова соответствовала международному праву.    https://lenta.ru/news/2016/08/20/kiska/</raw>
      <annotated> <DocCreationTime DayOfWeek="2016-W33-6"><TE Category="Date" Value="2016-08-20">2016-08-20</TE></DocCreationTime>    Порошенко рассказал Киске о ситуации у границы с Крымом    Президент Украины Петр Порошенко провел телефонные переговоры со своим словацким коллегой Андреем Киской. Об этом в <Field Category="DayOfWeek"><Restored Through="DCT" U_Class="4"><TE Category="Date" Value="2016-W33-6">субботу</TE></Restored></Field>, <TE Category="Date" Value="2016-08-20"><Field Category="Day">20</Field> <Field Category="MonthName"><Restored Through="DCT" U_Class="4">августа</Restored></Field></TE>, сообщается на сайте украинского лидера.    В ходе беседы Порошенко рассказал Киске о положении дел в Донбассе, а также о ситуации на границе с Крымом. Кроме того, главы государств обсудили важность «нормандского формата».    «Президент Украины акцентировал [внимание] на эффективности солидарности ЕС против агрессии России и подчеркнул важность соблюдения режима санкций ЕС до полного выполнения Москвой взятых на себя обязательств в рамках минского процесса», — отметили в пресс-службе.    Помимо этого речь шла о двусторонних отношениях и международном сотрудничестве.    <TE Category="Date" Value="2016-08-11"><Field Category="Day">11</Field> <Field Category="MonthName"><Restored Through="DCT" U_Class="4">августа</Restored></Field></TE> Порошенко поручил министерству иностранных дел страны инициировать разговор с российским лидером Владимиром Путиным. Он также отметил, что ведомство должно «организовать телефонные беседы с руководством Германии и Франции в трехстороннем нормандском формате, а также разговоры с вице-президентом США [Джо Байденом] и президентом Европейского Совета Дональдом Туском».    Это было сделано на <Anchored To="DCT" U_Class="1-DA"><Field Category="Day"><TE Category="Date" Value="2016-08-11">следующий день</TE></Field></Anchored> после того, как ФСБ России заявила о предотвращении терактов в Крыму, подготовленных Главным управлением разведки Министерства обороны Украины. После этого Путин сказал, что считает бессмысленной встречу лидеров «нормандской четверки» (Россия, Украина, Германия, Франция).    «Судя по всему, те люди, которые захватили в свое время власть в Киеве и продолжают ее удерживать, (...) вместо того, чтобы искать способы мирного урегулирования, перешли к практике террора», — отметил российский лидер.    В <TE Category="Date" Value="2014-03"><Field Category="MonthName">марте</Field> <Field Category="Year">2014 года</Field></TE> Крым и Севастополь по результатам всенародного референдума вошли в состав России. Власти Украины и ряд стран Запада, в том числе и США, отказались признавать плебисцит легитимным и ввели санкции. В Москве, в свою очередь, утверждают, что процедура присоединения полуострова соответствовала международному праву.    https://lenta.ru/news/2016/08/20/kiska/</annotated>
    </text>
    <annotations>
      <annotation DayOfWeek="2016-W33-6" __Id="378" __Class="DocCreationTime" __From="1" __To="10"/>
      <annotation Category="Date" Value="2016-08-20" __Id="379" __Class="TE" __From="1" __To="10"/>
      <annotation Category="DayOfWeek" __Id="383" __Class="Field" __From="190" __To="196"/>
      <annotation Through="DCT" U_Class="4" __Id="384" __Class="Restored" __From="190" __To="196"/>
      <annotation Category="Date" Value="2016-W33-6" __Id="385" __Class="TE" __From="190" __To="196"/>
      <annotation Category="Day" __Id="386" __Class="Field" __From="199" __To="200"/>
      <annotation Category="Date" Value="2016-08-20" __Id="387" __Class="TE" __From="199" __To="208"/>
      <annotation Category="MonthName" __Id="388" __Class="Field" __From="202" __To="208"/>
      <annotation Through="DCT" U_Class="4" __Id="389" __Class="Restored" __From="202" __To="208"/>
      <annotation Category="Day" __Id="395" __Class="Field" __From="786" __To="787"/>
      <annotation Category="Date" Value="2016-08-11" __Id="396" __Class="TE" __From="786" __To="795"/>
      <annotation Category="MonthName" __Id="397" __Class="Field" __From="789" __To="795"/>
      <annotation Through="DCT" U_Class="4" __Id="398" __Class="Restored" __From="789" __To="795"/>
      <annotation To="DCT" U_Class="1-DA" __Id="401" __Class="Anchored" __From="1188" __To="1201"/>
      <annotation Category="Day" __Id="402" __Class="Field" __From="1188" __To="1201"/>
      <annotation Category="Date" Value="2016-08-11" __Id="403" __Class="TE" __From="1188" __To="1201"/>
      <annotation Category="MonthName" __Id="408" __Class="Field" __From="1704" __To="1708"/>
      <annotation Category="Date" Value="2014-03" __Id="409" __Class="TE" __From="1704" __To="1718"/>
      <annotation Category="Year" __Id="410" __Class="Field" __From="1710" __To="1718"/>
    </annotations>
    <relations>
    </relations>
  </document>
</xml>
