<xml generator="AnnotationTools" target="public" format-version="1">
  <document>
    <text>
      <raw> 2018-05-29    США решили повременить с санкциями    США заявили о решении отложить санкции в отношении Северной Кореи, которые должны были затронуть российские и китайские компании. Об этом пишет издание The Wall Street Journal.    По информации СМИ, о новых санкциях должны были объявить во вторник, 29 мая, однако от мер решили отказаться на неопределенный срок. Пакет санкций направлен против порядка 30 лиц. Отмечается, что действия подготавливались в ответ на агрессивную риторику Ким Чен Ына.    24 мая Дональд Трамп отменил встречу с Ким Чен Ыном. Она запланирована на 12 июня в Сингапуре. Отказ от проведения саммита он объяснил открытой враждебностью, проявленной лично северокорейским лидером в его недавних заявлениях в адрес Вашингтона. Несмотря на это, президент США отметил, что в будущем будет готов встретиться с Ким Чен Ыном.    В мае Вашингтон и Пхеньян обменялись резкими заявлениями, в том числе на высшем уровне. Так, Трамп 18 мая предупредил Ким Чен Ына о возможном повторении «ливийского сценария», если им не удастся договориться. За два дня до этого северокорейская сторона, отмечая стремление США заставить КНДР в одностороннем порядке отказаться от ядерного оружия, заговорила о возможности пересмотреть свое участие в саммите в Сингапуре.    https://lenta.ru/news/2018/05/29/usa/</raw>
      <annotated> <DocCreationTime DayOfWeek="2018-W22-2"><TE Category="Date" Value="2018-05-29">2018-05-29</TE></DocCreationTime>    США решили повременить с санкциями    США заявили о решении отложить санкции в отношении Северной Кореи, которые должны были затронуть российские и китайские компании. Об этом пишет издание The Wall Street Journal.    По информации СМИ, о новых санкциях должны были объявить во <Field Category="DayOfWeek"><Restored Through="DCT" U_Class="4"><TE Category="Date" Value="2018-W22-2">вторник</TE></Restored></Field>, <TE Category="Date" Value="2018-05-29"><Field Category="Day">29</Field> <Field Category="MonthName"><Restored Through="DCT" U_Class="4">мая</Restored></Field></TE>, однако от мер решили отказаться на неопределенный срок. Пакет санкций направлен против порядка 30 лиц. Отмечается, что действия подготавливались в ответ на агрессивную риторику Ким Чен Ына.    <TE Category="Date" Value="2018-05-24"><Field Category="Day">24</Field> <Field Category="MonthName"><Restored Through="DCT" U_Class="4">мая</Restored></Field></TE> Дональд Трамп отменил встречу с Ким Чен Ыном. Она запланирована на <TE Category="Date" Value="2018-06-12"><Field Category="Day">12</Field> <Field Category="MonthName"><Restored Through="DCT" U_Class="4">июня</Restored></Field></TE> в Сингапуре. Отказ от проведения саммита он объяснил открытой враждебностью, проявленной лично северокорейским лидером в его недавних заявлениях в адрес Вашингтона. Несмотря на это, президент США отметил, что в будущем будет готов встретиться с Ким Чен Ыном.    В <Field Category="MonthName"><Restored Through="DCT" U_Class="4"><TE Category="Date" Value="2018-05">мае</TE></Restored></Field> Вашингтон и Пхеньян обменялись резкими заявлениями, в том числе на высшем уровне. Так, Трамп <TE Category="Date" Value="2018-05-18"><Field Category="Day">18</Field> <Field Category="MonthName"><Restored Through="DCT" U_Class="4">мая</Restored></Field></TE> предупредил Ким Чен Ына о возможном повторении «ливийского сценария», если им не удастся договориться. <Anchored To="Text" U_Class="7-A"><TE Category="ShiftExp" Formula="BEFORE,Dur,Anchor">За <TE Category="Dur" Value="P2D">два дня</TE></TE></Anchored> до <TE Category="Event">этого</TE> северокорейская сторона, отмечая стремление США заставить КНДР в одностороннем порядке отказаться от ядерного оружия, заговорила о возможности пересмотреть свое участие в саммите в Сингапуре.    https://lenta.ru/news/2018/05/29/usa/</annotated>
    </text>
    <annotations>
      <annotation DayOfWeek="2018-W22-2" __Id="257" __Class="DocCreationTime" __From="1" __To="10"/>
      <annotation Category="Date" Value="2018-05-29" __Id="258" __Class="TE" __From="1" __To="10"/>
      <annotation Category="DayOfWeek" __Id="263" __Class="Field" __From="293" __To="299"/>
      <annotation Through="DCT" U_Class="4" __Id="264" __Class="Restored" __From="293" __To="299"/>
      <annotation Category="Date" Value="2018-W22-2" __Id="265" __Class="TE" __From="293" __To="299"/>
      <annotation Category="Day" __Id="266" __Class="Field" __From="302" __To="303"/>
      <annotation Category="Date" Value="2018-05-29" __Id="267" __Class="TE" __From="302" __To="307"/>
      <annotation Category="MonthName" __Id="268" __Class="Field" __From="305" __To="307"/>
      <annotation Through="DCT" U_Class="4" __Id="269" __Class="Restored" __From="305" __To="307"/>
      <annotation Category="Day" __Id="273" __Class="Field" __From="503" __To="504"/>
      <annotation Category="Date" Value="2018-05-24" __Id="274" __Class="TE" __From="503" __To="508"/>
      <annotation Category="MonthName" __Id="275" __Class="Field" __From="506" __To="508"/>
      <annotation Through="DCT" U_Class="4" __Id="276" __Class="Restored" __From="506" __To="508"/>
      <annotation Category="Day" __Id="278" __Class="Field" __From="577" __To="578"/>
      <annotation Category="Date" Value="2018-06-12" __Id="279" __Class="TE" __From="577" __To="583"/>
      <annotation Category="MonthName" __Id="280" __Class="Field" __From="580" __To="583"/>
      <annotation Through="DCT" U_Class="4" __Id="281" __Class="Restored" __From="580" __To="583"/>
      <annotation Category="MonthName" __Id="285" __Class="Field" __From="849" __To="851"/>
      <annotation Through="DCT" U_Class="4" __Id="286" __Class="Restored" __From="849" __To="851"/>
      <annotation Category="Date" Value="2018-05" __Id="287" __Class="TE" __From="849" __To="851"/>
      <annotation Category="Day" __Id="289" __Class="Field" __From="946" __To="947"/>
      <annotation Category="Date" Value="2018-05-18" __Id="290" __Class="TE" __From="946" __To="951"/>
      <annotation Category="MonthName" __Id="291" __Class="Field" __From="949" __To="951"/>
      <annotation Through="DCT" U_Class="4" __Id="292" __Class="Restored" __From="949" __To="951"/>
      <annotation To="Text" U_Class="7-A" __Id="293" __Class="Anchored" __From="1056" __To="1065"/>
      <annotation Category="ShiftExp" Formula="BEFORE,Dur,Anchor" __Id="295" __Class="TE" __From="1056" __To="1065"/>
      <annotation Category="Dur" Value="P2D" __Id="296" __Class="TE" __From="1059" __To="1065"/>
      <annotation Category="Event" __Id="297" __Class="TE" __From="1070" __To="1074"/>
    </annotations>
    <relations>
      <relation __Id="0" __Class="AnchoredTo"><from><annotation __Id="295"/></from><to><annotation __Id="297"/></to></relation>
    </relations>
  </document>
</xml>
