<xml generator="AnnotationTools" format-version="1">
  <document>
    <text>
      <raw> ¶2013-01-24    ¶Программа сноса &quot;хрущевок&quot; в Москве вновь забуксовала    ¶В Москве снова забуксовала программа сноса панельных пятиэтажных домов (&quot;хрущевок&quot;). Как пишет газета &quot;РБК daily&quot;, причиной, в частности, стали изменения в федеральном и городском законодательствах.    ¶По данным издания, на ходе мероприятия в Мосгордуме, посвященном реализации программы сноса домов первого периода индустриального домостроения, было отмечено, что поправки в Земельный кодекс теперь не позволяют мэрии давать землю под строительство стартовых домов для переселения жителей хрущевок без конкурса. В итоге часть из 23 инвестконтрактов на реконструкцию кварталов с пятиэтажками расторгнута, часть - в стадии расторжения.    ¶Одновременно в городском законодательстве появилась норма, позволяющая переселять жителей в аналогичное по площади жилье без улучшения условий их проживания. Из-за этого пришлось делать перепроектирование и менять квартирографию домов. Раньше в стартовых домах было 50 процентов &quot;двушек&quot;, 25 процентов &quot;однушек&quot; и 25 процентов &quot;трешек&quot;. Сейчас требуется как минимум 70 процентов двухкомнатных квартир.    ¶По данным департамента градостроительной политики Москвы, по состоянию на январь в столице из 1722 хрущевок осталось снести 351 дом общей площадью 1,23 миллиона квадратных метров. То есть программа сноса выполнена на 79,8 процента. За счет городского бюджета планируется снести 216 домов, по инвестиционным контрактам - 135. Больше всего панельных пятиэтажек осталось на за паде столицы (96 домов). В Центральном, Южном и Зеленоградском округах программа сноса завершена.    ¶РБК daily напоминает, что в 2009 году в городе ликвидировали 244 дома, в в 2012 году - лишь 35. В соответствии с городской программой жилище, пишет газета, на начало 2013 года в столице должно было остаться 223 &quot;хрущевки&quot;.    ¶Реализация программы по сносу панельных пятиэтажек в Москве стартовала еще в 1995 году. Первоначально ее планировалось завершить в 2010 году, однако из-за финансовых трудностей сроки окончания неоднократно переносились. Согласно программе &quot;Жилище&quot;, все &quot;хрущевки&quot; в городе должны быть ликвидированы к 2015 году. Однако эксперты считают, что законодательные препоны могут сдвинуть эти сроки еще на год-два.    ¶https://lenta.ru/news/2013/01/24/snos/</raw>
      <annotated> ¶<DocCreationTime><TE>2013-01-24</TE></DocCreationTime>    ¶Программа сноса &quot;хрущевок&quot; в Москве вновь забуксовала    ¶В Москве снова забуксовала программа сноса панельных пятиэтажных домов (&quot;хрущевок&quot;). Как пишет газета &quot;РБК daily&quot;, причиной, в частности, стали изменения в федеральном и городском законодательствах.    ¶По данным издания, на ходе мероприятия в Мосгордуме, посвященном реализации программы сноса домов первого периода индустриального домостроения, было отмечено, что поправки в Земельный кодекс теперь не позволяют мэрии давать землю под строительство стартовых домов для переселения жителей хрущевок без конкурса. В итоге часть из 23 инвестконтрактов на реконструкцию кварталов с пятиэтажками расторгнута, часть - в стадии расторжения.    ¶Одновременно в городском законодательстве появилась норма, позволяющая переселять жителей в аналогичное по площади жилье без улучшения условий их проживания. Из-за этого пришлось делать перепроектирование и менять квартирографию домов. Раньше в стартовых домах было 50 процентов &quot;двушек&quot;, 25 процентов &quot;однушек&quot; и 25 процентов &quot;трешек&quot;. Сейчас требуется как минимум 70 процентов двухкомнатных квартир.    ¶По данным департамента градостроительной политики Москвы, по состоянию на <Field Category="MonthName"><Restored Through="DCT"><TE>январь</TE></Restored></Field> в столице из 1722 хрущевок осталось снести 351 дом общей площадью 1,23 миллиона квадратных метров. То есть программа сноса выполнена на 79,8 процента. За счет городского бюджета планируется снести 216 домов, по инвестиционным контрактам - 135. Больше всего панельных пятиэтажек осталось на за паде столицы (96 домов). В Центральном, Южном и Зеленоградском округах программа сноса завершена.    ¶РБК daily напоминает, что в <Field Category="Year"><TE>2009 году</TE></Field> в городе ликвидировали 244 дома, в в <Field Category="Year"><TE>2012 году</TE></Field> - лишь 35. В соответствии с городской программой жилище, пишет газета, на <TE><Field Category="Phase">начало</Field> <Field Category="Year">2013 года</Field></TE> в столице должно было остаться 223 &quot;хрущевки&quot;.    ¶Реализация программы по сносу панельных пятиэтажек в Москве стартовала еще в <Field Category="Year"><TE>1995 году</TE></Field>. Первоначально ее планировалось завершить в <Field Category="Year"><TE>2010 году</TE></Field>, однако из-за финансовых трудностей сроки окончания неоднократно переносились. Согласно программе &quot;Жилище&quot;, все &quot;хрущевки&quot; в городе должны быть ликвидированы к <Field Category="Year"><TE>2015 году</TE></Field>. Однако эксперты считают, что законодательные препоны могут сдвинуть эти сроки еще на <TE>год-два</TE>.    ¶https://lenta.ru/news/2013/01/24/snos/</annotated>
    </text>
    <annotations>
      <annotation DayOfWeek="2013-W04-4" __Id="418" __Class="DocCreationTime" __From="2" __To="11"/>
      <annotation Category="Date" Value="2013-01-24" __Id="419" __Class="TE" __From="2" __To="11"/>
      <annotation Category="MonthName" __Id="430" __Class="Field" __From="1255" __To="1260"/>
      <annotation Through="DCT" U_Class="4" __Id="431" __Class="Restored" __From="1255" __To="1260"/>
      <annotation Category="Date" Value="2013-01" __Id="432" __Class="TE" __From="1255" __To="1260"/>
      <annotation Category="Year" __Id="438" __Class="Field" __From="1685" __To="1693"/>
      <annotation Category="Date" Value="2009" __Id="439" __Class="TE" __From="1685" __To="1693"/>
      <annotation Category="Year" __Id="440" __Class="Field" __From="1732" __To="1740"/>
      <annotation Category="Date" Value="2012" __Id="441" __Class="TE" __From="1732" __To="1740"/>
      <annotation Category="Phase" __Id="443" __Class="Field" __From="1816" __To="1821"/>
      <annotation Category="Date" Value="2013-START" __Id="444" __Class="TE" __From="1816" __To="1831"/>
      <annotation Category="Year" __Id="445" __Class="Field" __From="1823" __To="1831"/>
      <annotation Category="Year" __Id="447" __Class="Field" __From="1971" __To="1979"/>
      <annotation Category="Date" Value="1995" __Id="448" __Class="TE" __From="1971" __To="1979"/>
      <annotation Category="Year" __Id="450" __Class="Field" __From="2025" __To="2033"/>
      <annotation Category="Date" Value="2010" __Id="451" __Class="TE" __From="2025" __To="2033"/>
      <annotation Category="Year" __Id="453" __Class="Field" __From="2215" __To="2223"/>
      <annotation Category="Date" Value="2015" __Id="454" __Class="TE" __From="2215" __To="2223"/>
      <annotation Category="Dur" Value="P1:2Y" __Id="456" __Class="TE" __From="2311" __To="2317"/>
    </annotations>
    <relations>
    </relations>
  </document>
</xml>
