<xml generator="AnnotationTools" format="public" version="1">
  <document>
    <text>
      <raw> 2008-04-15    Число голодающих уральских шахтеров возросло на 15 человек    Число горняков ОАО &amp;quot;Севуралбокситруда&amp;quot; (СУБР), принимающих участие в бессрочной голодовке, к вечеру понедельника достигло 81, сообщил &amp;quot;Интерфаксу&amp;quot; заместитель председателя Независимого профсоюза горняков ОАО &amp;quot;СУБР&amp;quot; Александр Анисимов.    В воскресенье днем в акции, проходящей в административном здании шахты &amp;quot;Красная шапочка&amp;quot;, приняли участие 66 шахтеров, однако утром в понедельник к ним присоединились восемь человек, а вечером - еще семь. Шахтеры пьют только воду. По словам Анисимова, среди голодающих горняки не только &amp;quot;Красной шапочки&amp;quot;, но и других шахт СУБРа, в частности, шахт &amp;quot;Черемуховская&amp;quot; и &amp;quot;СУБР-строй&amp;quot;.    Участники голодовки требуют от администрации предприятия провести 15 апреля на шахте &amp;quot;Кальинская&amp;quot; общее собрание работников СУБРа по утверждению выдвинутых в адрес работодателя требований. Как сообщил Анисимов, в понедельник проводились переговоры с руководством предприятия, &amp;quot;которые ни к чему не привели, поэтому голодовка продолжается&amp;quot;.    26 марта 107 шахтеров шахты &amp;quot;Красная шапочка&amp;quot; начали забастовку, отказавшись подниматься на поверхность. Их главным требованием было повышение заработной платы на 50 процентов и отмена субботних смен. Вскоре после начала забастовки компания &amp;quot;РусАл&amp;quot; приняла решение временно закрыть все уральские шахты своей компании ОАО &amp;quot;СУБР&amp;quot;. Забастовка продолжалась почти десять суток. 4 апреля компания сообщила, что все участники акции вышли из шахты на поверхность.    После появления информации о начале голодовки, представитель &amp;quot;РусАла&amp;quot; по связям с общественностью в уральском регионе Роман Лукичев заявил, что в компании рассматривают &amp;quot;акцию малочисленной группы горняков как попытку срыва переговорного процесса и начала работы шахт СУБРа&amp;quot;. По его словам, 13 апреля был подписан приказ о порядке возобновления работы отдельных шахт в связи с &amp;quot;неоднократными обращениями большей части трудового коллектива к администрации предприятия с просьбой возобновить работу&amp;quot;. Лукичев также сообщил, что продолжает деятельность рабочая группа из представителей трудового коллектива и администрации СУБРа, созданная для урегулирования сложившейся ситуации.    https://lenta.ru/news/2008/04/14/miners/</raw>
      <annotated> <DocCreationTime DayOfWeek="2008-W16-2"><TE Category="Date" Value="2008-04-15">2008-04-15</TE></DocCreationTime>    Число голодающих уральских шахтеров возросло на 15 человек    Число горняков ОАО &amp;quot;Севуралбокситруда&amp;quot; (СУБР), принимающих участие в бессрочной голодовке, к вечеру <Field Category="DayOfWeek"><TE Category="Date" Value="2008-W16-1">понедельника</TE></Field> достигло 81, сообщил &amp;quot;Интерфаксу&amp;quot; заместитель председателя Независимого профсоюза горняков ОАО &amp;quot;СУБР&amp;quot; Александр Анисимов.    В <Field Category="DayOfWeek"><TE Category="Date" Value="2008-W15-7">воскресенье</TE></Field> днем в акции, проходящей в административном здании шахты &amp;quot;Красная шапочка&amp;quot;, приняли участие 66 шахтеров, однако утром в <Field Category="DayOfWeek"><TE Category="Date" Value="2008-W16-1">понедельник</TE></Field> к ним присоединились восемь человек, а вечером - еще семь. Шахтеры пьют только воду. По словам Анисимова, среди голодающих горняки не только &amp;quot;Красной шапочки&amp;quot;, но и других шахт СУБРа, в частности, шахт &amp;quot;Черемуховская&amp;quot; и &amp;quot;СУБР-строй&amp;quot;.    Участники голодовки требуют от администрации предприятия провести <TE Category="Date" Value="2008-04-15"><Field Category="Day">15</Field> <Field Category="MonthName">апреля</Field></TE> на шахте &amp;quot;Кальинская&amp;quot; общее собрание работников СУБРа по утверждению выдвинутых в адрес работодателя требований. Как сообщил Анисимов, в <Field Category="DayOfWeek"><TE Category="Date" Value="2008-W16-1">понедельник</TE></Field> проводились переговоры с руководством предприятия, &amp;quot;которые ни к чему не привели, поэтому голодовка продолжается&amp;quot;.    <TE Category="Date" Value="2008-03-26"><Field Category="Day">26</Field> <Field Category="MonthName">марта</Field></TE> 107 шахтеров шахты &amp;quot;Красная шапочка&amp;quot; начали забастовку, отказавшись подниматься на поверхность. Их главным требованием было повышение заработной платы на 50 процентов и отмена субботних смен. Вскоре после начала забастовки компания &amp;quot;РусАл&amp;quot; приняла решение временно закрыть все уральские шахты своей компании ОАО &amp;quot;СУБР&amp;quot;. Забастовка продолжалась почти <TE Category="Dur" Value="P10D-Less">десять суток</TE>. <TE Category="Date" Value="2008-04-04"><Field Category="Day">4</Field> <Field Category="MonthName">апреля</Field></TE> компания сообщила, что все участники акции вышли из шахты на поверхность.    После появления информации о начале голодовки, представитель &amp;quot;РусАла&amp;quot; по связям с общественностью в уральском регионе Роман Лукичев заявил, что в компании рассматривают &amp;quot;акцию малочисленной группы горняков как попытку срыва переговорного процесса и начала работы шахт СУБРа&amp;quot;. По его словам, <TE Category="Date" Value="2008-04-13"><Field Category="Day">13</Field> <Field Category="MonthName">апреля</Field></TE> был подписан приказ о порядке возобновления работы отдельных шахт в связи с &amp;quot;неоднократными обращениями большей части трудового коллектива к администрации предприятия с просьбой возобновить работу&amp;quot;. Лукичев также сообщил, что продолжает деятельность рабочая группа из представителей трудового коллектива и администрации СУБРа, созданная для урегулирования сложившейся ситуации.    https://lenta.ru/news/2008/04/14/miners/</annotated>
    </text>
<!-- NOTE: Annotation boundaries below corresponds to text without XHTML-entities encoding. -->
    <annotations>
      <annotation DayOfWeek="2008-W16-2" __Id="395" __Class="DocCreationTime" __From="1" __To="10"/>
      <annotation Category="Date" Value="2008-04-15" __Id="396" __Class="TE" __From="1" __To="10"/>
      <annotation Category="DayOfWeek" __Id="399" __Class="Field" __From="187" __To="198"/>
      <annotation Category="Date" Value="2008-W16-1" __Id="401" __Class="TE" __From="187" __To="198"/>
      <annotation Category="DayOfWeek" __Id="403" __Class="Field" __From="347" __To="357"/>
      <annotation Category="Date" Value="2008-W15-7" __Id="405" __Class="TE" __From="347" __To="357"/>
      <annotation Category="DayOfWeek" __Id="406" __Class="Field" __From="489" __To="499"/>
      <annotation Category="Date" Value="2008-W16-1" __Id="408" __Class="TE" __From="489" __To="499"/>
      <annotation Category="Day" __Id="412" __Class="Field" __From="834" __To="835"/>
      <annotation Category="Date" Value="2008-04-15" __Id="413" __Class="TE" __From="834" __To="842"/>
      <annotation Category="MonthName" __Id="414" __Class="Field" __From="837" __To="842"/>
      <annotation Category="DayOfWeek" __Id="417" __Class="Field" __From="991" __To="1001"/>
      <annotation Category="Date" Value="2008-W16-1" __Id="419" __Class="TE" __From="991" __To="1001"/>
      <annotation Category="Day" __Id="421" __Class="Field" __From="1131" __To="1132"/>
      <annotation Category="Date" Value="2008-03-26" __Id="422" __Class="TE" __From="1131" __To="1138"/>
      <annotation Category="MonthName" __Id="423" __Class="Field" __From="1134" __To="1138"/>
      <annotation Category="Dur" Value="P10D-Less" __Id="428" __Class="TE" __From="1520" __To="1531"/>
      <annotation Category="Day" __Id="429" __Class="Field" __From="1534" __To="1534"/>
      <annotation Category="Date" Value="2008-04-04" __Id="431" __Class="TE" __From="1534" __To="1541"/>
      <annotation Category="MonthName" __Id="432" __Class="Field" __From="1536" __To="1541"/>
      <annotation Category="Day" __Id="436" __Class="Field" __From="1931" __To="1932"/>
      <annotation Category="Date" Value="2008-04-13" __Id="437" __Class="TE" __From="1931" __To="1939"/>
      <annotation Category="MonthName" __Id="438" __Class="Field" __From="1934" __To="1939"/>
    </annotations>
    <relations>
    </relations>
  </document>
</xml>
