<xml generator="AnnotationTools" format-version="1">
  <document>
    <text>
      <raw> 2019-03-17    Кудрин предсказал экономике США ослабление    Глава Счетной палаты России Алексей Кудрин считает, что американская экономика начнет ослабевать через 40 лет.    Руководитель российской Счетной палаты Алексей Кудрин в интервью программе «Москва. Кремль. Путин» высказал предположение, что в мировой экономике лидерство будет оставаться в руках Соединенных Штатов на протяжении ближайших сорока лет, после чего американская экономика ослабнет. При этом, Кудрин заметил, что до тех пор американцы будут проводить эгоистичную экономическую политику, поскольку, по его словам, «новая сфера войны — это экономика». Об этом сообщает газета «Известия».    Напомним, ранее издание CounterPunch опубликовало материал, в котором описало США как государство близкое к банкротству из-за колоссальных расходов на военно-промышленный комплекс, коррупции в правительстве и некомпетентных чиновников.    Однако еще в феврале лидер Белого дома Дональд Трамп в послании Конгрессу рассказал о «стремительном прогрессе» в экономике, в результате чего она как будто бы стала предметом зависти других держав.    https://jpgazeta.ru/kudrin-predskazal-ekonomike-ssha-oslablenie/</raw>
      <annotated> <DocCreationTime DayOfWeek="2019-W11-7"><TE Category="Date" Value="2019-03-17">2019-03-17</TE></DocCreationTime>    Кудрин предсказал экономике США ослабление    Глава Счетной палаты России Алексей Кудрин считает, что американская экономика начнет ослабевать <Anchored To="DCT" U_Class="7-DA"><TE Category="ShiftExp" Formula="AFTER,Dur,DCT">через <TE Category="Dur" Value="P40Y">40 лет</TE></TE></Anchored>.    Руководитель российской Счетной палаты Алексей Кудрин в интервью программе «Москва. Кремль. Путин» высказал предположение, что в мировой экономике лидерство будет оставаться в руках Соединенных Штатов на протяжении ближайших <TE Category="Dur" Value="P40Y">сорока лет</TE>, после чего американская экономика ослабнет. При этом, Кудрин заметил, что до тех пор американцы будут проводить эгоистичную экономическую политику, поскольку, по его словам, «новая сфера войны — это экономика». Об этом сообщает газета «Известия».    Напомним, ранее издание CounterPunch опубликовало материал, в котором описало США как государство близкое к банкротству из-за колоссальных расходов на военно-промышленный комплекс, коррупции в правительстве и некомпетентных чиновников.    Однако еще в <Field Category="MonthName"><Restored Through="DCT" U_Class="4"><TE Category="Date" Value="2019-02">феврале</TE></Restored></Field> лидер Белого дома Дональд Трамп в послании Конгрессу рассказал о «стремительном прогрессе» в экономике, в результате чего она как будто бы стала предметом зависти других держав.    https://jpgazeta.ru/kudrin-predskazal-ekonomike-ssha-oslablenie/</annotated>
    </text>
    <annotations>
      <annotation DayOfWeek="2019-W11-7" __Id="203" __Class="DocCreationTime" __From="1" __To="10"/>
      <annotation Category="Date" Value="2019-03-17" __Id="204" __Class="TE" __From="1" __To="10"/>
      <annotation To="DCT" U_Class="7-DA" __Id="207" __Class="Anchored" __From="158" __To="169"/>
      <annotation Category="ShiftExp" Formula="AFTER,Dur,DCT" __Id="208" __Class="TE" __From="158" __To="169"/>
      <annotation Category="Dur" Value="P40Y" __Id="209" __Class="TE" __From="164" __To="169"/>
      <annotation Category="Dur" Value="P40Y" __Id="213" __Class="TE" __From="400" __To="409"/>
      <annotation Category="MonthName" __Id="218" __Class="Field" __From="914" __To="920"/>
      <annotation Through="DCT" U_Class="4" __Id="219" __Class="Restored" __From="914" __To="920"/>
      <annotation Category="Date" Value="2019-02" __Id="220" __Class="TE" __From="914" __To="920"/>
    </annotations>
    <relations>
    </relations>
  </document>
</xml>
