<xml generator="AnnotationTools" format-version="1">
  <document>
    <text>
      <raw> 2019-03-13    Кто в Одесской области будет больше платить за вывоз мусора     В Одесской области в г. Белгород-Днестровский повышают тариф на вывоз твёрдых бытовых отходов (далее - ТБО). Соответствующее решение приняли на заседании исполкома городского совета 11-го марта.    Стоит отметить, что повышение тарифов на вывоз ТБО оказалось не таким ощутимым, как планировалось ранее.     Для населения стоимость вывоза одного кубометра мусора решено поднять с 97,71 грн до 138,37 грн, для бюджетных учреждений — со 102,36 грн до 152,21 грн, а для других абонентов (ЧП, ООО и другие) — со 120,98 грн до 179,88 грн (при этом планировалось до 156,58 грн; 172,22 грн и 203,54 грн соответственно).    Для упорядоченных домов (многоквартирные и одноквартирные с наличием всех видов благоустройства) стоимость вывоза одного кубометра ТБО подорожает с 17,10 до 21,91 грн на одного человека (планировалось до 24,79 грн), для домов частного сектора с приусадебным участком и наличием всех видов благоустройства — с 21,98 до 28,83 грн на человека (планировалось до 32,62 грн), для домов частного сектора при отсутствии централизованного отопления (использование твёрдого топлива), водоснабжения, канализации — с 22,47 до 29,52 грн на человека (планировалось до 33,4 грн).    Новые тарифы вступят в силу через 15 дней со дня принятия.    http://odessamedia.net/news/v-gorode-pod-odessoi-izmenili-tarif-na-vivoz-musora/</raw>
      <annotated> <DocCreationTime><TE>2019-03-13</TE></DocCreationTime>    Кто в Одесской области будет больше платить за вывоз мусора     В Одесской области в г. Белгород-Днестровский повышают тариф на вывоз твёрдых бытовых отходов (далее - ТБО). Соответствующее решение приняли на заседании исполкома городского совета <TE><Field Category="Day">11-го</Field> <Field Category="MonthName"><Restored Through="DCT">марта</Restored></Field></TE>.    Стоит отметить, что повышение тарифов на вывоз ТБО оказалось не таким ощутимым, как планировалось ранее.     Для населения стоимость вывоза одного кубометра мусора решено поднять с 97,71 грн до 138,37 грн, для бюджетных учреждений — со 102,36 грн до 152,21 грн, а для других абонентов (ЧП, ООО и другие) — со 120,98 грн до 179,88 грн (при этом планировалось до 156,58 грн; 172,22 грн и 203,54 грн соответственно).    Для упорядоченных домов (многоквартирные и одноквартирные с наличием всех видов благоустройства) стоимость вывоза одного кубометра ТБО подорожает с 17,10 до 21,91 грн на одного человека (планировалось до 24,79 грн), для домов частного сектора с приусадебным участком и наличием всех видов благоустройства — с 21,98 до 28,83 грн на человека (планировалось до 32,62 грн), для домов частного сектора при отсутствии централизованного отопления (использование твёрдого топлива), водоснабжения, канализации — с 22,47 до 29,52 грн на человека (планировалось до 33,4 грн).    Новые тарифы вступят в силу <Anchored To="DCT"><TE>через <TE>15 дней</TE></TE></Anchored> со дня <TE>принятия</TE>.    http://odessamedia.net/news/v-gorode-pod-odessoi-izmenili-tarif-na-vivoz-musora/</annotated>
    </text>
    <annotations>
      <annotation DayOfWeek="2019-W11-3" __Id="298" __Class="DocCreationTime" __From="1" __To="10"/>
      <annotation Category="Date" Value="2019-03-13" __Id="299" __Class="TE" __From="1" __To="10"/>
      <annotation Category="Day" __Id="303" __Class="Field" __From="261" __To="265"/>
      <annotation Category="Date" Value="2019-03-11" __Id="304" __Class="TE" __From="261" __To="271"/>
      <annotation Category="MonthName" __Id="305" __Class="Field" __From="267" __To="271"/>
      <annotation Through="DCT" U_Class="4" __Id="306" __Class="Restored" __From="267" __To="271"/>
      <annotation To="DCT" U_Class="7-DA" __Id="311" __Class="Anchored" __From="1290" __To="1302"/>
      <annotation Category="ShiftExp" Formula="AFTER,Dur,Anchor" __Id="312" __Class="TE" __From="1290" __To="1302"/>
      <annotation Category="Dur" Value="P15D" __Id="313" __Class="TE" __From="1296" __To="1302"/>
      <annotation Category="Event" __Id="314" __Class="TE" __From="1311" __To="1318"/>
    </annotations>
    <relations>
      <relation __Id="0" __Class="AnchoredTo"><from><annotation __Id="312"/></from><to><annotation __Id="314"/></to></relation>
    </relations>
  </document>
</xml>
