<xml generator="AnnotationTools" format-version="1">
  <document>
    <text>
      <raw> 2019-03-26    США отрицают отношение к атаке на посольство КНДР в Испании    ВАШИНГТОН, 26 мар - РИА Новости. США никак не связаны с захватом посольства КНДР в Испании, заявил представитель госдепартамента Роберт Палладино.    &quot;Соединенные Штаты не имеют к этому никакого отношения&quot;, - сказал Палладино журналистам на брифинге в ответ на соответствующий вопрос.    По его словам, США всегда призывают к защите посольств и дипломатических миссий по всему миру.    Группа из десяти человек, напавшая на посольство КНДР в Мадриде 22 февраля, действовала по собственной инициативе, после нападения ее лидер отправился в США, где связался с ФБР и рассказал о нападении, говорится в сообщении Национального суда Испании.    В общей сложности в нападении участвовали десять человек – в том числе гражданин Мексики, живущий в США, Адриан Хон Чан (лидер группы), гражданин США Сэм Лю и Республики Корея У Нан Ли.    Спустя пять дней после нападения Адриан Хон Чан вступил в контакт с ФБР в Нью-Йорке, предоставив информацию о нападении, а также полученные в посольстве аудиовизуальные материалы, сообщает суд. Он заявил, что группа действовала по своей собственной инициативе.    Оружие, при помощи которого было совершено нападение, члены группы приобрели в Мадриде. После того как группа оказалась на территории посольства, трое из нападавших увели временного поверенного в делах КНДР в Испании в отдельную комнату. Они представились &quot;членами ассоциации или движения за права человека для освобождения Северной Кореи&quot;. После того как временный поверенный заявил, что &quot;не предаст свою страну&quot;, ему связали руки и надели на голову мешок.    В течение нескольких часов нападавшие удерживали людей, которые находились в посольстве, связав им руки, нанося им удары. Группа нападавших покинула здание, унеся два компьютера, два жестких диска, флеш-накопители и мобильный телефон.  Адриан Хон Чан после нападения направился в Лиссабон. В США он прибыл 23 февраля, а 27 февраля связался с ФБР &quot;с целью предоставить информацию, связанную с инцидентом в посольстве, а также предположительно полученный там аудиовизуальный материал&quot;.    Предполагается, что до нападения Хон Чан контактировал с неустановленным сотрудником посольства. В настоящее время все нападавшие находятся за пределами Испании.    https://ria.ru/20190326/1552138542.html</raw>
      <annotated> <DocCreationTime DayOfWeek="2019-W13-2"><TE Category="Date" Value="2019-03-26">2019-03-26</TE></DocCreationTime>    США отрицают отношение к атаке на посольство КНДР в Испании    ВАШИНГТОН, <TE Category="Date" Value="2019-03-26"><Field Category="Day">26</Field> <Field Category="MonthName"><Restored Through="DCT" U_Class="4">мар</Restored></Field></TE> - РИА Новости. США никак не связаны с захватом посольства КНДР в Испании, заявил представитель госдепартамента Роберт Палладино.    &quot;Соединенные Штаты не имеют к этому никакого отношения&quot;, - сказал Палладино журналистам на брифинге в ответ на соответствующий вопрос.    По его словам, США всегда призывают к защите посольств и дипломатических миссий по всему миру.    Группа из десяти человек, напавшая на посольство КНДР в Мадриде <TE Category="Date" Value="2019-02-22"><Field Category="Day">22</Field> <Field Category="MonthName"><Restored Through="DCT" U_Class="4">февраля</Restored></Field></TE>, действовала по собственной инициативе, после нападения ее лидер отправился в США, где связался с ФБР и рассказал о нападении, говорится в сообщении Национального суда Испании.    В общей сложности в нападении участвовали десять человек – в том числе гражданин Мексики, живущий в США, Адриан Хон Чан (лидер группы), гражданин США Сэм Лю и Республики Корея У Нан Ли.    <Anchored To="DCT" U_Class="7-DA"><TE Category="ShiftExp" Formula="AFTER,Dur,Anchor">Спустя <TE Category="Dur" Value="P5D">пять дней</TE></TE></Anchored> после <TE Category="Event">нападения</TE> Адриан Хон Чан вступил в контакт с ФБР в Нью-Йорке, предоставив информацию о нападении, а также полученные в посольстве аудиовизуальные материалы, сообщает суд. Он заявил, что группа действовала по своей собственной инициативе.    Оружие, при помощи которого было совершено нападение, члены группы приобрели в Мадриде. После того как группа оказалась на территории посольства, трое из нападавших увели временного поверенного в делах КНДР в Испании в отдельную комнату. Они представились &quot;членами ассоциации или движения за права человека для освобождения Северной Кореи&quot;. После того как временный поверенный заявил, что &quot;не предаст свою страну&quot;, ему связали руки и надели на голову мешок.    В течение нескольких часов нападавшие удерживали людей, которые находились в посольстве, связав им руки, нанося им удары. Группа нападавших покинула здание, унеся два компьютера, два жестких диска, флеш-накопители и мобильный телефон.  Адриан Хон Чан после нападения направился в Лиссабон. В США он прибыл <TE Category="Date" Value="2019-02-23"><Field Category="Day">23</Field> <Field Category="MonthName"><Restored Through="DCT" U_Class="4">февраля</Restored></Field></TE>, а <TE Category="Date" Value="2019-02-27"><Field Category="Day">27</Field> <Field Category="MonthName"><Restored Through="DCT" U_Class="4">февраля</Restored></Field></TE> связался с ФБР &quot;с целью предоставить информацию, связанную с инцидентом в посольстве, а также предположительно полученный там аудиовизуальный материал&quot;.    Предполагается, что до нападения Хон Чан контактировал с неустановленным сотрудником посольства. В настоящее время все нападавшие находятся за пределами Испании.    https://ria.ru/20190326/1552138542.html</annotated>
    </text>
    <annotations>
      <annotation DayOfWeek="2019-W13-2" __Id="436" __Class="DocCreationTime" __From="1" __To="10"/>
      <annotation Category="Date" Value="2019-03-26" __Id="437" __Class="TE" __From="1" __To="10"/>
      <annotation Category="Day" __Id="440" __Class="Field" __From="89" __To="90"/>
      <annotation Category="Date" Value="2019-03-26" __Id="441" __Class="TE" __From="89" __To="94"/>
      <annotation Category="MonthName" __Id="442" __Class="Field" __From="92" __To="94"/>
      <annotation Through="DCT" U_Class="4" __Id="443" __Class="Restored" __From="92" __To="94"/>
      <annotation Category="Day" __Id="448" __Class="Field" __From="538" __To="539"/>
      <annotation Category="Date" Value="2019-02-22" __Id="449" __Class="TE" __From="538" __To="547"/>
      <annotation Category="MonthName" __Id="450" __Class="Field" __From="541" __To="547"/>
      <annotation Through="DCT" U_Class="4" __Id="451" __Class="Restored" __From="541" __To="547"/>
      <annotation To="DCT" U_Class="7-DA" __Id="454" __Class="Anchored" __From="918" __To="933"/>
      <annotation Category="ShiftExp" Formula="AFTER,Dur,Anchor" __Id="455" __Class="TE" __From="918" __To="933"/>
      <annotation Category="Dur" Value="P5D" __Id="456" __Class="TE" __From="925" __To="933"/>
      <annotation Category="Event" __Id="457" __Class="TE" __From="941" __To="949"/>
      <annotation Category="Day" __Id="467" __Class="Field" __From="1969" __To="1970"/>
      <annotation Category="Date" Value="2019-02-23" __Id="468" __Class="TE" __From="1969" __To="1978"/>
      <annotation Category="MonthName" __Id="469" __Class="Field" __From="1972" __To="1978"/>
      <annotation Through="DCT" U_Class="4" __Id="470" __Class="Restored" __From="1972" __To="1978"/>
      <annotation Category="Day" __Id="471" __Class="Field" __From="1983" __To="1984"/>
      <annotation Category="Date" Value="2019-02-27" __Id="472" __Class="TE" __From="1983" __To="1992"/>
      <annotation Category="MonthName" __Id="473" __Class="Field" __From="1986" __To="1992"/>
      <annotation Through="DCT" U_Class="4" __Id="474" __Class="Restored" __From="1986" __To="1992"/>
    </annotations>
    <relations>
      <relation __Id="0" __Class="AnchoredTo"><from><annotation __Id="455"/></from><to><annotation __Id="457"/></to></relation>
    </relations>
  </document>
</xml>
