<xml generator="AnnotationTools" format-version="1">
  <document>
    <text>
      <raw> 2019-03-14    Женщина выпила таблетки и оказалась парализована    В Великобритании женщина попала в больницу с инсультом, вызванным побочным эффектом от приема таблеток. Об этом сообщает издание The Mirror.    Исси Фокс (Issy Fox) из английского города Кру, графство Чешир, принимала лекарство на протяжении трех месяцев. 8 февраля она неожиданно лишилась способности говорить, когда проводила время с матерью и сыном Фредди (Freddie). «Я пыталась произнести какое-то слово на букву &quot;п&quot;, но выходило лишь &quot;п-п-п&quot;. Потом, по словам мамы, все мое лицо застыло. Я не могла издать ни единого звука», — вспоминает она.    Спустя время 28-летняя Фокс вновь заговорила и смогла сказать матери, что у нее инсульт. Та немедленно связалась с отделением неотложной помощи и сообщила о состоянии больной. Медики осмотрели пациентку и направили ее в больницу для оказания медицинской помощи. К тому моменту у нее парализовало руку и левую часть лица.    Врачи подтвердили, что причиной инсульта стал прием лекарственных средств, которые ей прописали в ноябре 2018 года. «Обследования крови и сердца не выявили отклонений. Ни у кого из членов моей семьи не было инсульта, — объяснила пациентка. — Единственное, что изменилось в моей жизни, — я начала принимать таблетки. За три месяца до инсульта».    Состояние здоровья Фокс почти восстановилось, однако из-за инсульта она потеряла уверенность в себе. По словам британки, ее лицо периодически искажается, когда она пытается улыбнуться.    В феврале стало известно о женщине, которая заболела бронхитом и оказалась парализована. Спустя три недели ее перевели в реабилитационный центр, где она потратила почти месяц на восстановление.    https://lenta.ru/news/2019/03/14/stroke/</raw>
      <annotated> <DocCreationTime><TE>2019-03-14</TE></DocCreationTime>    Женщина выпила таблетки и оказалась парализована    В Великобритании женщина попала в больницу с инсультом, вызванным побочным эффектом от приема таблеток. Об этом сообщает издание The Mirror.    Исси Фокс (Issy Fox) из английского города Кру, графство Чешир, принимала лекарство на протяжении <TE>трех месяцев</TE>. <TE><Field Category="Day">8</Field> <Field Category="MonthName"><Restored Through="DCT">февраля</Restored></Field></TE> она неожиданно лишилась способности говорить, когда проводила время с матерью и сыном Фредди (Freddie). «Я пыталась произнести какое-то слово на букву &quot;п&quot;, но выходило лишь &quot;п-п-п&quot;. Потом, по словам мамы, все мое лицо застыло. Я не могла издать ни единого звука», — вспоминает она.    Спустя время 28-летняя Фокс вновь заговорила и смогла сказать матери, что у нее инсульт. Та немедленно связалась с отделением неотложной помощи и сообщила о состоянии больной. Медики осмотрели пациентку и направили ее в больницу для оказания медицинской помощи. К тому моменту у нее парализовало руку и левую часть лица.    Врачи подтвердили, что причиной инсульта стал прием лекарственных средств, которые ей прописали в <TE><Field Category="MonthName">ноябре</Field> <Field Category="Year">2018 года</Field></TE>. «Обследования крови и сердца не выявили отклонений. Ни у кого из членов моей семьи не было инсульта, — объяснила пациентка. — Единственное, что изменилось в моей жизни, — я начала принимать таблетки. <Anchored To="Text"><TE>За <TE>три месяца</TE></TE></Anchored> до <TE>инсульта</TE>».    Состояние здоровья Фокс почти восстановилось, однако из-за инсульта она потеряла уверенность в себе. По словам британки, ее лицо периодически искажается, когда она пытается улыбнуться.    В <Field Category="MonthName"><Restored Through="DCT"><TE>феврале</TE></Restored></Field> стало известно о женщине, которая заболела бронхитом и оказалась парализована. <Anchored To="DCT"><TE>Спустя <TE>три недели</TE></TE></Anchored> ее перевели в реабилитационный центр, где она потратила <TE>почти <Field Category="Month"><Restored Through="DCT">месяц</Restored></Field></TE> на восстановление.    https://lenta.ru/news/2019/03/14/stroke/</annotated>
    </text>
    <annotations>
      <annotation DayOfWeek="2019-W11-4" __Id="350" __Class="DocCreationTime" __From="1" __To="10"/>
      <annotation Category="Date" Value="2019-03-14" __Id="351" __Class="TE" __From="1" __To="10"/>
      <annotation Category="Dur" Value="P3M" __Id="356" __Class="TE" __From="309" __To="320"/>
      <annotation Category="Day" __Id="357" __Class="Field" __From="323" __To="323"/>
      <annotation Category="Date" Value="2019-02-08" __Id="359" __Class="TE" __From="323" __To="331"/>
      <annotation Category="MonthName" __Id="360" __Class="Field" __From="325" __To="331"/>
      <annotation Through="DCT" U_Class="4" __Id="361" __Class="Restored" __From="325" __To="331"/>
      <annotation Category="MonthName" __Id="370" __Class="Field" __From="1060" __To="1065"/>
      <annotation Category="Date" Value="2018-11" __Id="371" __Class="TE" __From="1060" __To="1075"/>
      <annotation Category="Year" __Id="372" __Class="Field" __From="1067" __To="1075"/>
      <annotation To="Text" U_Class="7-A" __Id="376" __Class="Anchored" __From="1278" __To="1290"/>
      <annotation Category="ShiftExp" Formula="BEFORE,Dur,Anchor" __Id="378" __Class="TE" __From="1278" __To="1290"/>
      <annotation Category="Dur" Value="P3M" __Id="379" __Class="TE" __From="1281" __To="1290"/>
      <annotation Category="Event" __Id="380" __Class="TE" __From="1295" __To="1302"/>
      <annotation Category="MonthName" __Id="384" __Class="Field" __From="1499" __To="1505"/>
      <annotation Through="DCT" U_Class="4" __Id="385" __Class="Restored" __From="1499" __To="1505"/>
      <annotation Category="Date" Value="2019-02" __Id="386" __Class="TE" __From="1499" __To="1505"/>
      <annotation To="DCT" U_Class="7-DA" __Id="387" __Class="Anchored" __From="1586" __To="1602"/>
      <annotation Category="ShiftExp" Formula="AFTER,Dur,Anchor" __Id="389" __Class="TE" __From="1586" __To="1602"/>
      <annotation Category="Dur" Value="P3W" __Id="390" __Class="TE" __From="1593" __To="1602"/>
      <annotation Category="Dur" Value="P1M-Less" __Id="391" __Class="TE" __From="1660" __To="1670"/>
      <annotation Category="Month" __Id="392" __Class="Field" __From="1666" __To="1670"/>
      <annotation Through="DCT" U_Class="6" __Id="393" __Class="Restored" __From="1666" __To="1670"/>
    </annotations>
    <relations>
      <relation __Id="0" __Class="AnchoredTo"><from><annotation __Id="378"/></from><to><annotation __Id="380"/></to></relation>
    </relations>
  </document>
</xml>
