<xml generator="AnnotationTools" format-version="1">
  <document>
    <text>
      <raw> 2019-03-11    Решение компании Tesla перейти исключительно на онлайн-торговлю оказалось несколько преждевременным. Фирма сообщила, что планы вновь пересмотрены: закроются далеко не все шоурумы, а некоторые из уже закрытых будут открыты вновь.    На сегодняшний день, спустя всего пару недель после принятия решения, Tesla успела закрыть около 10% собственных автосалонов в «непроходных» местах. Однако результат оказался негативным, поэтому шоурумы откроют вновь — правда, с меньшим количеством персонала. Еще 20% автосалонов сейчас проходят аудит, решение об их закрытии или продолжении деятельности будет принято в течение нескольких месяцев. Правда, компания уверяет, что в функции оставшихся автосалонов будет входить лишь быстрое обучение клиентов методам заказа машины на сайте. Однако у дилеров оставят и машины для тест-драйвов, хотя Tesla пытается доказать, что политика возврата электромобиля в течение недели (при пробеге не более 1600 км) исключает необходимость в пробных поездках.    Но раз с полным переходом на онлайн-торговлю не вышло, как возместить упущенную экономию? Разумеется, поднять цены! Tesla сообщает, что все электромобили, за исключением базовой версии седана Model 3, подорожают на 3%. Клиентам предлагают поспешить в кассу: нынешние цены будут действовать только до 18 марта.    Кстати, еще через два дня, с 20 марта, Tesla не сможет использовать в Германии пресловутый расчет «экономии на топливе» — этого потребовала немецкая организация Wettbewerbszentrale, следящая за соблюдением принципов честной конкуренции. По мнению немецких надзирателей, расчет расходов на седаны Tesla Model 3 и BMW третьей серии при одинаковом пробеге 16 тысяч километров в год может сильно зависеть от конкретных цен и стиля езды, а потому противоречит принципам «правильного и актуального ценообразования».    Впрочем, в США Tesla по-прежнему указывает основную цену на Model 3 с учетом гипотетической экономии на топливе и федеральных субсидий, а реальную стоимость, которая выше на восемь с лишним тысяч долларов, можно узнать, лишь перейдя по ссылке в нижней части страницы.    https://autoreview.ru/news/tesla-ne-budet-zakryvat-vse-shou-rumy-no-za-eto-pridetsya-zaplatit</raw>
      <annotated> <DocCreationTime DayOfWeek="2019-W11-1"><TE Category="Date" Value="2019-03-11">2019-03-11</TE></DocCreationTime>    Решение компании Tesla перейти исключительно на онлайн-торговлю оказалось несколько преждевременным. Фирма сообщила, что планы вновь пересмотрены: закроются далеко не все шоурумы, а некоторые из уже закрытых будут открыты вновь.    На <Anchored To="DCT" U_Class="1-D">сегодняшний день</Anchored>, <TE Category="ShiftExp" Formula="AFTER,Dur,Anchor">спустя всего <TE Category="Dur" Value="PCoupleW">пару недель</TE></TE> после принятия <TE Category="Event">решения</TE>, Tesla успела закрыть около 10% собственных автосалонов в «непроходных» местах. Однако результат оказался негативным, поэтому шоурумы откроют вновь — правда, с меньшим количеством персонала. Еще 20% автосалонов сейчас проходят аудит, решение об их закрытии или продолжении деятельности будет принято в течение <TE Category="Dur" Value="PSeveralM">нескольких месяцев</TE>. Правда, компания уверяет, что в функции оставшихся автосалонов будет входить лишь быстрое обучение клиентов методам заказа машины на сайте. Однако у дилеров оставят и машины для тест-драйвов, хотя Tesla пытается доказать, что политика возврата электромобиля в течение <TE Category="Dur" Value="P1W">недели</TE> (при пробеге не более 1600 км) исключает необходимость в пробных поездках.    Но раз с полным переходом на онлайн-торговлю не вышло, как возместить упущенную экономию? Разумеется, поднять цены! Tesla сообщает, что все электромобили, за исключением базовой версии седана Model 3, подорожают на 3%. Клиентам предлагают поспешить в кассу: нынешние цены будут действовать только до <TE Category="Date" Value="2019-03-18"><Field Category="Day">18</Field> <Field Category="MonthName"><Restored Through="DCT" U_Class="4">марта</Restored></Field></TE>.    Кстати, еще <Anchored To="DCT" U_Class="7-DA"><TE Category="ShiftExp" Formula="AFTER,Dur,Anchor">через <TE Category="Dur" Value="P2D">два дня</TE></TE></Anchored>, с <TE Category="Date" Value="2019-03-20"><Field Category="Day">20</Field> <Field Category="MonthName"><Restored Through="DCT" U_Class="4">марта</Restored></Field></TE>, Tesla не сможет использовать в Германии пресловутый расчет «экономии на топливе» — этого потребовала немецкая организация Wettbewerbszentrale, следящая за соблюдением принципов честной конкуренции. По мнению немецких надзирателей, расчет расходов на седаны Tesla Model 3 и BMW третьей серии при одинаковом пробеге 16 тысяч километров в год может сильно зависеть от конкретных цен и стиля езды, а потому противоречит принципам «правильного и актуального ценообразования».    Впрочем, в США Tesla по-прежнему указывает основную цену на Model 3 с учетом гипотетической экономии на топливе и федеральных субсидий, а реальную стоимость, которая выше на восемь с лишним тысяч долларов, можно узнать, лишь перейдя по ссылке в нижней части страницы.    https://autoreview.ru/news/tesla-ne-budet-zakryvat-vse-shou-rumy-no-za-eto-pridetsya-zaplatit</annotated>
    </text>
    <annotations>
      <annotation DayOfWeek="2019-W11-1" __Id="381" __Class="DocCreationTime" __From="1" __To="10"/>
      <annotation Category="Date" Value="2019-03-11" __Id="382" __Class="TE" __From="1" __To="10"/>
      <annotation To="DCT" U_Class="1-D" __Id="386" __Class="Anchored" __From="250" __To="265"/>
      <annotation Category="ShiftExp" Formula="AFTER,Dur,Anchor" __Id="387" __Class="TE" __From="268" __To="291"/>
      <annotation Category="Dur" Value="PCoupleW" __Id="388" __Class="TE" __From="281" __To="291"/>
      <annotation Category="Event" __Id="389" __Class="TE" __From="308" __To="314"/>
      <annotation Category="Dur" Value="PSeveralM" __Id="392" __Class="TE" __From="626" __To="643"/>
      <annotation Category="Dur" Value="P1W" __Id="395" __Class="TE" __From="914" __To="919"/>
      <annotation Category="Day" __Id="400" __Class="Field" __From="1299" __To="1300"/>
      <annotation Category="Date" Value="2019-03-18" __Id="401" __Class="TE" __From="1299" __To="1306"/>
      <annotation Category="MonthName" __Id="402" __Class="Field" __From="1302" __To="1306"/>
      <annotation Through="DCT" U_Class="4" __Id="403" __Class="Restored" __From="1302" __To="1306"/>
      <annotation To="DCT" U_Class="7-DA" __Id="405" __Class="Anchored" __From="1324" __To="1336"/>
      <annotation Category="ShiftExp" Formula="AFTER,Dur,Anchor" __Id="406" __Class="TE" __From="1324" __To="1336"/>
      <annotation Category="Dur" Value="P2D" __Id="407" __Class="TE" __From="1330" __To="1336"/>
      <annotation Category="Day" __Id="408" __Class="Field" __From="1341" __To="1342"/>
      <annotation Category="Date" Value="2019-03-20" __Id="409" __Class="TE" __From="1341" __To="1348"/>
      <annotation Category="MonthName" __Id="410" __Class="Field" __From="1344" __To="1348"/>
      <annotation Through="DCT" U_Class="4" __Id="411" __Class="Restored" __From="1344" __To="1348"/>
    </annotations>
    <relations>
      <relation __Id="0" __Class="AnchoredTo"><from><annotation __Id="387"/></from><to><annotation __Id="389"/></to></relation>
      <relation __Id="1" __Class="AnchoredTo"><from><annotation __Id="406"/></from><to><annotation __Id="401"/></to></relation>
    </relations>
  </document>
</xml>
