<xml generator="AnnotationTools" target="public" format-version="1">
  <document>
    <text>
      <raw> 2019-03-21    В Новой Зеландии запретили полуавтоматические и штурмовые винтовки    Джасинда Ардерн, премьер-министр Новой Зеландии, запретила на территории страны оборот и эксплуатацию полуавтоматических и штурмовых винтовок.    Пересмотр закона об оружии начался уже спустя 72 часа после трагедии в Крайстчерче, рассказала она в своем заявлении. Спустя шесть дней после нападения вводится запрет &quot;на все полуавтоматические и штурмовые винтовки военного образца&quot;, цитирует премьера ТАСС.    15 марта 28-летний австралиец устроил бойню в двух мечетях новозеландского Крайстчерча. В результате погибли 50 человек, еще 50 получили ранения.    https://www.vesti.ru/doc.html?id=3128539&amp;utm source=yxnews&amp;utm medium=desktop</raw>
      <annotated> <DocCreationTime DayOfWeek="2019-W12-4"><TE Category="Date" Value="2019-03-21">2019-03-21</TE></DocCreationTime>    В Новой Зеландии запретили полуавтоматические и штурмовые винтовки    Джасинда Ардерн, премьер-министр Новой Зеландии, запретила на территории страны оборот и эксплуатацию полуавтоматических и штурмовых винтовок.    Пересмотр закона об оружии начался уже спустя 72 часа после трагедии в Крайстчерче, рассказала она в своем заявлении. <Anchored To="DCT" U_Class="7-DA"><TE Category="ShiftExp" Formula="AFTER,Dur,Anchor">Спустя <TE Category="Dur" Value="P6D">шесть дней</TE></TE></Anchored> после <TE Category="Event">нападения</TE> вводится запрет &quot;на все полуавтоматические и штурмовые винтовки военного образца&quot;, цитирует премьера ТАСС.    <TE Category="Date" Value="2019-03-15"><Field Category="Day">15</Field> <Field Category="MonthName">марта</Field></TE> <Field Category="Year">28</Field>-летний австралиец устроил бойню в двух мечетях новозеландского Крайстчерча. В результате погибли 50 человек, еще 50 получили ранения.    https://www.vesti.ru/doc.html?id=3128539&amp;utm source=yxnews&amp;utm medium=desktop</annotated>
    </text>
    <annotations>
      <annotation DayOfWeek="2019-W12-4" __Id="141" __Class="DocCreationTime" __From="1" __To="10"/>
      <annotation Category="Date" Value="2019-03-21" __Id="142" __Class="TE" __From="1" __To="10"/>
      <annotation To="DCT" U_Class="7-DA" __Id="146" __Class="Anchored" __From="349" __To="365"/>
      <annotation Category="ShiftExp" Formula="AFTER,Dur,Anchor" __Id="148" __Class="TE" __From="349" __To="365"/>
      <annotation Category="Dur" Value="P6D" __Id="149" __Class="TE" __From="356" __To="365"/>
      <annotation Category="Event" __Id="150" __Class="TE" __From="373" __To="381"/>
      <annotation Category="Day" __Id="152" __Class="Field" __From="503" __To="504"/>
      <annotation Category="Date" Value="2019-03-15" __Id="153" __Class="TE" __From="503" __To="510"/>
      <annotation Category="MonthName" __Id="154" __Class="Field" __From="506" __To="510"/>
      <annotation Category="Year" __Id="155" __Class="Field" __From="512" __To="513"/>
    </annotations>
    <relations>
      <relation __Id="0" __Class="AnchoredTo"><from><annotation __Id="148"/></from><to><annotation __Id="150"/></to></relation>
    </relations>
  </document>
</xml>
