<xml generator="AnnotationTools" format="public" version="1">
  <document>
    <text>
      <raw> 2019-02-25    Бывший милиционер Мстиславского РОВД избивал задержанных. Теперь он под следствием    Благодаря блогеру возбуждено уголовное дело за превышение служебных полномочий в отношении уже бывшего участкового милиционера в Мстиславском районе. По предварительным данным, он в здании РОВД избил двух задержанных.    Фото оперативной милицейской сводки для внутреннего пользования за 18 февраля опубликовал телеграм-канал NEXTA. В тексте указано также, что 32-летнего участкового инспектора милиции Раева уволили из ОВД 6 февраля «за совершение проступка, предусмотренного контрактом о службе в качестве основания для его досрочного расторжения». А за 2,5 месяца до этого, 16 ноября, Раев, по предварительным данным, избил в здании Мстиславского РОВД двоих мужчин — жителей деревни Коробчино.    “В отношении бывшего участкового Раева действительно возбуждено уголовное дело по ч. 3 ст. 426 УК РБ”, — подтвердили порталу TUT.BY в областном управлении Следственного комитета.    Если вина бывшего милиционера будет доказана, то ему, согласно данной статье, грозит от 3 до 10 лет тюрьмы.    По информации с сайта УВД Могоблисполкома, в марте 2017 года Николай Раев, тогда еще старшина милиции и милиционер-водитель оперативно-дежурной службы Мстиславского РОВД, получил звание и погоны прапорщика милиции. В ноябре 2018-го Раев стал младшим лейтенантом.    https://spektr.by/archives/69965</raw>
      <annotated> <DocCreationTime DayOfWeek="2019-W09-1"><TE Category="Date" Value="2019-02-25">2019-02-25</TE></DocCreationTime>    Бывший милиционер Мстиславского РОВД избивал задержанных. Теперь он под следствием    Благодаря блогеру возбуждено уголовное дело за превышение служебных полномочий в отношении уже бывшего участкового милиционера в Мстиславском районе. По предварительным данным, он в здании РОВД избил двух задержанных.    Фото оперативной милицейской сводки для внутреннего пользования за <TE Category="Date" Value="2019-02-18"><Field Category="Day">18</Field> <Field Category="MonthName">февраля</Field></TE> опубликовал телеграм-канал NEXTA. В тексте указано также, что 32-летнего участкового инспектора милиции Раева уволили из ОВД <TE Category="Date" Value="2019-02-06"><Field Category="Day">6</Field> <Field Category="MonthName">февраля</Field></TE> «за совершение проступка, предусмотренного контрактом о службе в качестве основания для его досрочного расторжения». А <TE Category="ShiftExp" Formula="BEFORE,Dur,Anchor">за <TE Category="Dur" Value="P2.5M">2,5 месяца</TE></TE> до <TE Category="Event">этого</TE>, <TE Category="Date" Value="2018-11-16"><Field Category="Day">16</Field> <Field Category="MonthName">ноября</Field></TE>, Раев, по предварительным данным, избил в здании Мстиславского РОВД двоих мужчин — жителей деревни Коробчино.    “В отношении бывшего участкового Раева действительно возбуждено уголовное дело по ч. 3 ст. 426 УК РБ”, — подтвердили порталу TUT.BY в областном управлении Следственного комитета.    Если вина бывшего милиционера будет доказана, то ему, согласно данной статье, грозит <TE Category="Dur" Value="P3:10Y">от 3 до 10 лет</TE> тюрьмы.    По информации с сайта УВД Могоблисполкома, в <TE Category="Date" Value="2017-03"><Field Category="MonthName">марте</Field> <Field Category="Year">2017 года</Field></TE> Николай Раев, тогда еще старшина милиции и милиционер-водитель оперативно-дежурной службы Мстиславского РОВД, получил звание и погоны прапорщика милиции. В <TE Category="Date" Value="2018-11"><Field Category="MonthName">ноябре</Field> <Field Category="Year">2018-го</Field></TE> Раев стал младшим лейтенантом.    https://spektr.by/archives/69965</annotated>
    </text>
<!-- NOTE: Annotation boundaries below corresponds to text without XHTML-entities encoding. -->
    <annotations>
      <annotation DayOfWeek="2019-W09-1" __Id="258" __Class="DocCreationTime" __From="1" __To="10"/>
      <annotation Category="Date" Value="2019-02-25" __Id="259" __Class="TE" __From="1" __To="10"/>
      <annotation Category="Day" __Id="265" __Class="Field" __From="389" __To="390"/>
      <annotation Category="Date" Value="2019-02-18" __Id="266" __Class="TE" __From="389" __To="398"/>
      <annotation Category="MonthName" __Id="267" __Class="Field" __From="392" __To="398"/>
      <annotation Category="Day" __Id="270" __Class="Field" __From="525" __To="525"/>
      <annotation Category="Date" Value="2019-02-06" __Id="271" __Class="TE" __From="525" __To="533"/>
      <annotation Category="MonthName" __Id="272" __Class="Field" __From="527" __To="533"/>
      <annotation Category="ShiftExp" Formula="BEFORE,Dur,Anchor" __Id="276" __Class="TE" __From="654" __To="666"/>
      <annotation Category="Dur" Value="P2.5M" __Id="277" __Class="TE" __From="657" __To="666"/>
      <annotation Category="Event" __Id="278" __Class="TE" __From="671" __To="675"/>
      <annotation Category="Day" __Id="279" __Class="Field" __From="678" __To="679"/>
      <annotation Category="Date" Value="2018-11-16" __Id="280" __Class="TE" __From="678" __To="686"/>
      <annotation Category="MonthName" __Id="281" __Class="Field" __From="681" __To="686"/>
      <annotation Category="Dur" Value="P3:10Y" __Id="286" __Class="TE" __From="1068" __To="1081"/>
      <annotation Category="MonthName" __Id="288" __Class="Field" __From="1139" __To="1143"/>
      <annotation Category="Date" Value="2017-03" __Id="289" __Class="TE" __From="1139" __To="1153"/>
      <annotation Category="Year" __Id="290" __Class="Field" __From="1145" __To="1153"/>
      <annotation Category="MonthName" __Id="292" __Class="Field" __From="1311" __To="1316"/>
      <annotation Category="Date" Value="2018-11" __Id="293" __Class="TE" __From="1311" __To="1324"/>
      <annotation Category="Year" __Id="294" __Class="Field" __From="1318" __To="1324"/>
    </annotations>
    <relations>
      <relation __Id="0" __Class="AnchoredTo"><from><annotation __Id="276"/></from><to><annotation __Id="278"/></to></relation>
    </relations>
  </document>
</xml>
