<xml generator="AnnotationTools" format="public" version="1">
  <document>
    <text>
      <raw> 2019-03-14    В России участились добровольные отказы от пенсии    Жители РФ стали в два раза чаще добровольно отказываться от пенсии. Об этом сообщает News.ru со ссылкой на данные Пенсионного фонда России.    В 2015-м году пенсию стали получать 12,5 тысячи россиян, которые прежде отложили оформление выплат на срок от 12 месяцев. В 2016-м таких граждан было 18,1 тысячи, а в 2017-м – 25,4 тысячи.    По закону те, кто отказался от пенсии на срок от года до 10 лет, могут увеличить ее размер в последующие годы на определенный коэффициент. При этом растет как фиксированная выплата, так и страховая часть.    Если любой россиянин обратится за назначением пенсии через пять лет после достижения необходимого возраста, то фиксированная выплата вырастет на коэффициент 1,36, а страховая пенсия – на 1,45.    Как отметил доктор экономических наук Андрей Гудков, чаще всего от пенсий отказываются работающие люди со стабильным доходом. Эксперт не считает, что это массовое явление.    &amp;quot;Можно быть неработающим пенсионером и получать пенсию и все индексации или продолжать работать и получать страховую пенсию, но тогда никаких индексаций ждать не стоит. И можно продолжать работать и отказаться от страховой пенсии. Когда же вы оставите работу, вам будет выплачена очень большая индексация&amp;quot;, – пояснил Гудков.    Ранее члены &amp;quot;Единой России&amp;quot; внесли в Госдуму поправку к проекту о повышении пенсий сверх прожиточного минимума. Ожидается, что изменения защитят граждан от манипуляций при расчете надбавок.    https://www.m24.ru/news/obshchestvo/14032019/69018</raw>
      <annotated> <DocCreationTime DayOfWeek="2019-W11-4"><TE Category="Date" Value="2019-03-14">2019-03-14</TE></DocCreationTime>    В России участились добровольные отказы от пенсии    Жители РФ стали в два раза чаще добровольно отказываться от пенсии. Об этом сообщает News.ru со ссылкой на данные Пенсионного фонда России.    В <Field Category="Year"><TE Category="Date" Value="2015">2015-м году</TE></Field> пенсию стали получать 12,5 тысячи россиян, которые прежде отложили оформление выплат на срок <TE Category="Dur" Value="P12M-EqMore">от 12 месяцев</TE>. В <Field Category="Year"><TE Category="Date" Value="2016">2016-м</TE></Field> таких граждан было 18,1 тысячи, а в <Field Category="Year"><TE Category="Date" Value="2017">2017-м</TE></Field> – 25,4 тысячи.    По закону те, кто отказался от пенсии на срок <TE Category="Dur" Value="P1:10Y">от года до 10 лет</TE>, могут увеличить ее размер в последующие <TE Category="Dur" Value="PxY">годы</TE> на определенный коэффициент. При этом растет как фиксированная выплата, так и страховая часть.    Если любой россиянин обратится за назначением пенсии <TE Category="ShiftExp" Formula="AFTER,Dur,Anchor">через <TE Category="Dur" Value="P5Y">пять лет</TE></TE> после <TE Category="Event">достижения</TE> необходимого возраста, то фиксированная выплата вырастет на коэффициент 1,36, а страховая пенсия – на 1,45.    Как отметил доктор экономических наук Андрей Гудков, чаще всего от пенсий отказываются работающие люди со стабильным доходом. Эксперт не считает, что это массовое явление.    &amp;quot;Можно быть неработающим пенсионером и получать пенсию и все индексации или продолжать работать и получать страховую пенсию, но тогда никаких индексаций ждать не стоит. И можно продолжать работать и отказаться от страховой пенсии. Когда же вы оставите работу, вам будет выплачена очень большая индексация&amp;quot;, – пояснил Гудков.    Ранее члены &amp;quot;Единой России&amp;quot; внесли в Госдуму поправку к проекту о повышении пенсий сверх прожиточного минимума. Ожидается, что изменения защитят граждан от манипуляций при расчете надбавок.    https://www.m24.ru/news/obshchestvo/14032019/69018</annotated>
    </text>
<!-- NOTE: Annotation boundaries below corresponds to text without XHTML-entities encoding. -->
    <annotations>
      <annotation DayOfWeek="2019-W11-4" __Id="319" __Class="DocCreationTime" __From="1" __To="10"/>
      <annotation Category="Date" Value="2019-03-14" __Id="320" __Class="TE" __From="1" __To="10"/>
      <annotation Category="Year" __Id="325" __Class="Field" __From="213" __To="223"/>
      <annotation Category="Date" Value="2015" __Id="326" __Class="TE" __From="213" __To="223"/>
      <annotation Category="Dur" Value="P12M-EqMore" __Id="327" __Class="TE" __From="318" __To="330"/>
      <annotation Category="Year" __Id="329" __Class="Field" __From="335" __To="340"/>
      <annotation Category="Date" Value="2016" __Id="330" __Class="TE" __From="335" __To="340"/>
      <annotation Category="Year" __Id="331" __Class="Field" __From="378" __To="383"/>
      <annotation Category="Date" Value="2017" __Id="332" __Class="TE" __From="378" __To="383"/>
      <annotation Category="Dur" Value="P1:10Y" __Id="334" __Class="TE" __From="449" __To="465"/>
      <annotation Category="Dur" Value="PxY" __Id="335" __Class="TE" __From="508" __To="511"/>
      <annotation Category="ShiftExp" Formula="AFTER,Dur,Anchor" __Id="339" __Class="TE" __From="664" __To="677"/>
      <annotation Category="Dur" Value="P5Y" __Id="340" __Class="TE" __From="670" __To="677"/>
      <annotation Category="Event" __Id="341" __Class="TE" __From="685" __To="694"/>
    </annotations>
    <relations>
      <relation __Id="0" __Class="AnchoredTo"><from><annotation __Id="339"/></from><to><annotation __Id="341"/></to></relation>
    </relations>
  </document>
</xml>
