<xml generator="AnnotationTools" format-version="1">
  <document>
    <text>
      <raw> 2019-03-25    Европейский Airbus поставит в Китай 300 самолетов на €30 млрд    Airbus заключил сделку с Китаем по поставке 300 A320 и A350 на общую сумму €30 млрд. Контракт подписан на фоне отказа большинства стран от основного конкурента этой машины — лайнера Boeing Max 8    Airbus заключил сделку по продаже 300 самолетов китайскому холдингу China Aviation Supplies на сумму €30 млрд. Об этом сообщил президент Франции Эмманюэль Макрон в ходе совместного выступления с председателем КНР Си Цзиньпином в Париже, передает Reuters. Французскому холдингу SOGEPA принадлежит 11,1% акций материнской компании Airbus Group (еще 11% у немецкой GZBV, 4,2% у испанской SEPI, остальные акции торгуются на биржах).    Контракт предусматривает поставки 290 самолетов модели A320 и десять — A350, передает агентство. «Заключение крупного (авиационного) контракта &lt;...&gt; это важный шаг вперед», — прокомментировал Макрон. «Я уверен, что выбор XXI века за сильным европейско-китайским партнерством, основанным на ясной, требовательной и амбициозной основе», — добавил он. Соглашение подписано в ходе визита Си Цзиньпина во Францию.    В сообщении Airbus не указаны сроки поставок. О том, что Китай намерен закупить новейшие модели Airbus, стало известно в январе 2018 года в ходе визита французского президента в Китай. Но тогда речь шла о поставках в 2019–2020 годах 184 машин семейства Airbus A320 для 13 китайских авиакомпаний. Тогда французский президент заметил, что Китай пообещал сохранить равное соотношение доли рынка между Airbus и Boeing.    По оценкам европейской компании, Китаю в ближайшие 20 лет (в 2018–2037 годах) понадобится закупить 7,4 тыс. новых самолетов. По данным Airbus на январь 2019 года, у китайских авиакомпаний было более 1,7 тыс. самолетов этого производителя.    Заключение крупной сделки проходит на фоне введения временного запрета на эксплуатацию Boeing Max 8 по всему миру после катастрофы в Эфиопии. Жертвами крушения, произошедшего 10 марта, стали 157 человек. 29 октября 2018 года такой же лайнер разбился в Индонезии, тогда погибли 189 человек. Китай ввел временный запрет на использование Boeing 737 Max 8 на всех внутренних национальных авиалиниях 11 марта.    22 марта авиакомпания Garuda Indonesia первой аннулировала контракт на $35 млрд с Boeing на покупку 49 пассажирских 737 Max 8. Спустя три дня об отказе от эксплуатации Boeing в пользу Airbus 330-900NEO сообщила индонезийская Lion Air. Представитель авиакомпании отметил, что в этом году ожидается поставка двух самолетов этой модели. В России официальных отказов от самолетов Boeing еще не последовало, пока полеты на этой модели приостановил единственный эксплуатант — группа S7 (у перевозчика два таких лайнера).    Позднее в Boeing сообщили о разработке нового программного обеспечения для модели 737 MAX. Обновление, как отмечали в компании, затронет маневренные характеристики, дисплей пилота и реакцию на ошибочные данные об угле атаки.    https://www.rbc.ru/business/25/03/2019/5c990c319a7947770b8857ef</raw>
      <annotated> <DocCreationTime DayOfWeek="2019-W13-1"><TE Category="Date" Value="2019-03-25">2019-03-25</TE></DocCreationTime>    Европейский Airbus поставит в Китай 300 самолетов на €30 млрд    Airbus заключил сделку с Китаем по поставке 300 A320 и A350 на общую сумму €30 млрд. Контракт подписан на фоне отказа большинства стран от основного конкурента этой машины — лайнера Boeing Max 8    Airbus заключил сделку по продаже 300 самолетов китайскому холдингу China Aviation Supplies на сумму €30 млрд. Об этом сообщил президент Франции Эмманюэль Макрон в ходе совместного выступления с председателем КНР Си Цзиньпином в Париже, передает Reuters. Французскому холдингу SOGEPA принадлежит 11,1% акций материнской компании Airbus Group (еще 11% у немецкой GZBV, 4,2% у испанской SEPI, остальные акции торгуются на биржах).    Контракт предусматривает поставки 290 самолетов модели A320 и десять — A350, передает агентство. «Заключение крупного (авиационного) контракта &lt;...&gt; это важный шаг вперед», — прокомментировал Макрон. «Я уверен, что выбор <Field Category="Century"><TE Category="Date" Value="20">XXI века</TE></Field> за сильным европейско-китайским партнерством, основанным на ясной, требовательной и амбициозной основе», — добавил он. Соглашение подписано в ходе визита Си Цзиньпина во Францию.    В сообщении Airbus не указаны сроки поставок. О том, что Китай намерен закупить новейшие модели Airbus, стало известно в <TE Category="Date" Value="2018-01"><Field Category="MonthName">январе</Field> <Field Category="Year">2018 года</Field></TE> в ходе визита французского президента в Китай. Но тогда речь шла о поставках в <Field Category="Year"><TE Category="Date" Value="2019">2019</TE></Field>–<Field Category="Year"><TE Category="Date" Value="2020">2020 годах</TE></Field> 184 машин семейства Airbus A320 для 13 китайских авиакомпаний. Тогда французский президент заметил, что Китай пообещал сохранить равное соотношение доли рынка между Airbus и Boeing.    По оценкам европейской компании, Китаю в ближайшие <TE Category="Dur" Value="P20Y">20 лет</TE> (в <Field Category="Year"><TE Category="Date" Value="2018">2018</TE></Field>–<Field Category="Year"><TE Category="Date" Value="2037">2037 годах</TE></Field>) понадобится закупить 7,4 тыс. новых самолетов. По данным Airbus на <TE Category="Date" Value="2019-01"><Field Category="MonthName">январь</Field> <Field Category="Year">2019 года</Field></TE>, у китайских авиакомпаний было более 1,7 тыс. самолетов этого производителя.    Заключение крупной сделки проходит на фоне введения временного запрета на эксплуатацию Boeing Max 8 по всему миру после катастрофы в Эфиопии. Жертвами крушения, произошедшего <TE Category="Date" Value="2019-03-10"><Field Category="Day">10</Field> <Field Category="MonthName"><Restored Through="DCT" U_Class="4">марта</Restored></Field></TE>, стали 157 человек. <TE Category="Date" Value="2018-10-29"><Field Category="Day">29</Field> <Field Category="MonthName">октября</Field> <Field Category="Year">2018 года</Field></TE> такой же лайнер разбился в Индонезии, тогда погибли 189 человек. Китай ввел временный запрет на использование Boeing 737 Max 8 на всех внутренних национальных авиалиниях <TE Category="Date" Value="2019-03-11"><Field Category="Day">11</Field> <Field Category="MonthName"><Restored Through="DCT" U_Class="4">марта</Restored></Field></TE>.    <TE Category="Date" Value="2019-03-22"><Field Category="Day">22</Field> <Field Category="MonthName"><Restored Through="DCT" U_Class="4">марта</Restored></Field></TE> авиакомпания Garuda Indonesia первой аннулировала контракт на $35 млрд с Boeing на покупку 49 пассажирских 737 Max 8. <Anchored To="DCT" U_Class="7-DA"><TE Category="ShiftExp" Formula="AFTER,Dur,Anchor">Спустя <TE Category="Dur" Value="P3D">три дня</TE></TE></Anchored> об отказе от эксплуатации Boeing в пользу Airbus 330-900NEO сообщила индонезийская Lion Air. Представитель авиакомпании отметил, что в <Anchored To="DCT" U_Class="1-DA"><Field Category="Year"><TE Category="Date" Value="2019">этом году</TE></Field></Anchored> ожидается поставка двух самолетов этой модели. В России официальных отказов от самолетов Boeing еще не последовало, пока полеты на этой модели приостановил единственный эксплуатант — группа S7 (у перевозчика два таких лайнера).    Позднее в Boeing сообщили о разработке нового программного обеспечения для модели 737 MAX. Обновление, как отмечали в компании, затронет маневренные характеристики, дисплей пилота и реакцию на ошибочные данные об угле атаки.    https://www.rbc.ru/business/25/03/2019/5c990c319a7947770b8857ef</annotated>
    </text>
    <annotations>
      <annotation DayOfWeek="2019-W13-1" __Id="583" __Class="DocCreationTime" __From="1" __To="10"/>
      <annotation Category="Date" Value="2019-03-25" __Id="584" __Class="TE" __From="1" __To="10"/>
      <annotation Category="Century" __Id="593" __Class="Field" __From="937" __To="944"/>
      <annotation Category="Date" Value="20" __Id="594" __Class="TE" __From="937" __To="944"/>
      <annotation Category="MonthName" __Id="598" __Class="Field" __From="1249" __To="1254"/>
      <annotation Category="Date" Value="2018-01" __Id="599" __Class="TE" __From="1249" __To="1264"/>
      <annotation Category="Year" __Id="600" __Class="Field" __From="1256" __To="1264"/>
      <annotation Category="Year" __Id="602" __Class="Field" __From="1345" __To="1348"/>
      <annotation Category="Date" Value="2019" __Id="603" __Class="TE" __From="1345" __To="1348"/>
      <annotation Category="Year" __Id="604" __Class="Field" __From="1350" __To="1359"/>
      <annotation Category="Date" Value="2020" __Id="605" __Class="TE" __From="1350" __To="1359"/>
      <annotation Category="Dur" Value="P20Y" __Id="608" __Class="TE" __From="1597" __To="1602"/>
      <annotation Category="Year" __Id="609" __Class="Field" __From="1607" __To="1610"/>
      <annotation Category="Date" Value="2018" __Id="610" __Class="TE" __From="1607" __To="1610"/>
      <annotation Category="Year" __Id="611" __Class="Field" __From="1612" __To="1621"/>
      <annotation Category="Date" Value="2037" __Id="612" __Class="TE" __From="1612" __To="1621"/>
      <annotation Category="MonthName" __Id="614" __Class="Field" __From="1691" __To="1696"/>
      <annotation Category="Date" Value="2019-01" __Id="615" __Class="TE" __From="1691" __To="1706"/>
      <annotation Category="Year" __Id="616" __Class="Field" __From="1698" __To="1706"/>
      <annotation Category="Day" __Id="619" __Class="Field" __From="1963" __To="1964"/>
      <annotation Category="Date" Value="2019-03-10" __Id="620" __Class="TE" __From="1963" __To="1970"/>
      <annotation Category="MonthName" __Id="621" __Class="Field" __From="1966" __To="1970"/>
      <annotation Through="DCT" U_Class="4" __Id="622" __Class="Restored" __From="1966" __To="1970"/>
      <annotation Category="Day" __Id="623" __Class="Field" __From="1992" __To="1993"/>
      <annotation Category="Date" Value="2018-10-29" __Id="625" __Class="TE" __From="1992" __To="2011"/>
      <annotation Category="MonthName" __Id="626" __Class="Field" __From="1995" __To="2001"/>
      <annotation Category="Year" __Id="627" __Class="Field" __From="2003" __To="2011"/>
      <annotation Category="Day" __Id="629" __Class="Field" __From="2183" __To="2184"/>
      <annotation Category="Date" Value="2019-03-11" __Id="630" __Class="TE" __From="2183" __To="2190"/>
      <annotation Category="MonthName" __Id="631" __Class="Field" __From="2186" __To="2190"/>
      <annotation Through="DCT" U_Class="4" __Id="632" __Class="Restored" __From="2186" __To="2190"/>
      <annotation Category="Day" __Id="634" __Class="Field" __From="2196" __To="2197"/>
      <annotation Category="Date" Value="2019-03-22" __Id="635" __Class="TE" __From="2196" __To="2203"/>
      <annotation Category="MonthName" __Id="636" __Class="Field" __From="2199" __To="2203"/>
      <annotation Through="DCT" U_Class="4" __Id="637" __Class="Restored" __From="2199" __To="2203"/>
      <annotation To="DCT" U_Class="7-DA" __Id="638" __Class="Anchored" __From="2323" __To="2336"/>
      <annotation Category="ShiftExp" Formula="AFTER,Dur,Anchor" __Id="640" __Class="TE" __From="2323" __To="2336"/>
      <annotation Category="Dur" Value="P3D" __Id="641" __Class="TE" __From="2330" __To="2336"/>
      <annotation To="DCT" U_Class="1-DA" __Id="643" __Class="Anchored" __From="2473" __To="2481"/>
      <annotation Category="Year" __Id="644" __Class="Field" __From="2473" __To="2481"/>
      <annotation Category="Date" Value="2019" __Id="645" __Class="TE" __From="2473" __To="2481"/>
    </annotations>
    <relations>
      <relation __Id="0" __Class="AnchoredTo"><from><annotation __Id="640"/></from><to><annotation __Id="635"/></to></relation>
    </relations>
  </document>
</xml>
