<xml generator="AnnotationTools" format="public" version="1">
  <document>
    <text>
      <raw> 2019-03-09    Экс-замглавы &amp;quot;Росгеологии&amp;quot; Горрингу предъявили обвинение в особо крупном мошенничестве  По словам адвоката, он проходит по делу восьмилетней давности, которое недавно было возобновлено    Домодедовский городской суд в закрытом режиме рассмотрит вопрос об аресте бывшего первого замглавы &amp;quot;Росгеологии&amp;quot; Руслана Горринга, обвиняемого в особо крупном мошенничестве, передает корреспондент &amp;quot;Интерфакса&amp;quot;.    &amp;quot;Суд постановил: провести рассмотрение ходатайства органов следствия об избрании меры пресечения в отношении обвиняемого Горринга в закрытом режиме&amp;quot;, - огласил решение судья Александр Скрипст.    О закрытии слушания суд попросила защита Горринга.    &amp;quot;Ввиду того, что в материалах дела имеются сведения как о самом моем доверителе, так и о его несовершеннолетних детях, мы просим провести заседание в закрытом режиме. Кроме того, мы радеем за тайну следствия, поскольку расследование возобновлено спустя восемь лет, и позиция ни следствия, ни стороны защиты еще не сформирована&amp;quot;, - сказал адвокат Николай Казанцев, обращаясь к суду.    Согласно материалам суда, Горрингу предъявлено обвинение в особо крупном мошенничестве (ч. 4 ст. 159 УК РФ).    До закрытия заседания адвокат успел пояснить, что Горринг не признает себя виновным. &amp;quot;Мы не считаем себя причастными к какому-либо преступлению&amp;quot;, - пояснил Казанцев.    Спецслужбы задержали бывшего первого замглавы госхолдинга &amp;quot;Росгеология&amp;quot; Руслана Горринга накануне. Представитель подмосковного главка Следственного комитета Ольга Врадий сообщила в пятницу, что он был задержан в столичном аэропорту &amp;quot;Внуково&amp;quot;.    Руслан Горринг был уволен 29 января решением главы Минприроды Дмитрия Кобылкина после того, как в интернете был опубликован ролик, где Горринг общается с другими пользователями стримингового сервиса.    Ролик изобиловал нецензурной лексикой, содержал угрозы физической расправы, рассказы о связях с сотрудниками компании. Первый замглавы госкомпании подчеркивал свой высокий статус тем, что уволил сотрудницу &amp;quot;Росгеологии&amp;quot; за то, что она заказала ему билет не первого, а бизнес-класса (затем &amp;quot;помиловал&amp;quot;, отправив работать в филиал), а также рассказом об участии в предстоящей встрече с фигурантом списка Forbes.    После скандала Минприроды начало проверку деятельности &amp;quot;Росгеологии&amp;quot; по поручению вице-премьера Алексея Гордеева. Кобылкин сообщил журналистам, что итоги проверки будут готовы в течение месяца.    https://www.interfax.ru/russia/653557</raw>
      <annotated> <DocCreationTime DayOfWeek="2019-W10-6"><TE Category="Date" Value="2019-03-09">2019-03-09</TE></DocCreationTime>    Экс-замглавы &amp;quot;Росгеологии&amp;quot; Горрингу предъявили обвинение в особо крупном мошенничестве  По словам адвоката, он проходит по делу восьмилетней давности, которое недавно было возобновлено    Домодедовский городской суд в закрытом режиме рассмотрит вопрос об аресте бывшего первого замглавы &amp;quot;Росгеологии&amp;quot; Руслана Горринга, обвиняемого в особо крупном мошенничестве, передает корреспондент &amp;quot;Интерфакса&amp;quot;.    &amp;quot;Суд постановил: провести рассмотрение ходатайства органов следствия об избрании меры пресечения в отношении обвиняемого Горринга в закрытом режиме&amp;quot;, - огласил решение судья Александр Скрипст.    О закрытии слушания суд попросила защита Горринга.    &amp;quot;Ввиду того, что в материалах дела имеются сведения как о самом моем доверителе, так и о его несовершеннолетних детях, мы просим провести заседание в закрытом режиме. Кроме того, мы радеем за тайну следствия, поскольку расследование возобновлено <TE Category="ShiftExp" Formula="AFTER,Dur,Anchor">спустя <TE Category="Dur" Value="P8Y">восемь лет</TE></TE>, и позиция ни следствия, ни стороны защиты еще не сформирована&amp;quot;, - сказал адвокат Николай Казанцев, обращаясь к суду.    Согласно материалам суда, Горрингу предъявлено обвинение в особо крупном мошенничестве (ч. 4 ст. 159 УК РФ).    До закрытия заседания адвокат успел пояснить, что Горринг не признает себя виновным. &amp;quot;Мы не считаем себя причастными к какому-либо преступлению&amp;quot;, - пояснил Казанцев.    Спецслужбы задержали бывшего первого замглавы госхолдинга &amp;quot;Росгеология&amp;quot; Руслана Горринга <Field Category="Day"><TE Category="Date" Value="2019-03-08">накануне</TE></Field>. Представитель подмосковного главка Следственного комитета Ольга Врадий сообщила в <Field Category="DayOfWeek"><TE Category="Date" Value="2019-W10-5">пятницу</TE></Field>, что он был задержан в столичном аэропорту &amp;quot;Внуково&amp;quot;.    Руслан Горринг был уволен <TE Category="Date" Value="2019-01-29"><Field Category="Day">29</Field> <Field Category="MonthName">января</Field></TE> решением главы Минприроды Дмитрия Кобылкина после того, как в интернете был опубликован ролик, где Горринг общается с другими пользователями стримингового сервиса.    Ролик изобиловал нецензурной лексикой, содержал угрозы физической расправы, рассказы о связях с сотрудниками компании. Первый замглавы госкомпании подчеркивал свой высокий статус тем, что уволил сотрудницу &amp;quot;Росгеологии&amp;quot; за то, что она заказала ему билет не первого, а бизнес-класса (затем &amp;quot;помиловал&amp;quot;, отправив работать в филиал), а также рассказом об участии в предстоящей встрече с фигурантом списка Forbes.    После скандала Минприроды начало проверку деятельности &amp;quot;Росгеологии&amp;quot; по поручению вице-премьера Алексея Гордеева. Кобылкин сообщил журналистам, что итоги проверки будут готовы в течение <TE Category="Dur" Value="P1M">месяца</TE>.    https://www.interfax.ru/russia/653557</annotated>
    </text>
<!-- NOTE: Annotation boundaries below corresponds to text without XHTML-entities encoding. -->
    <annotations>
      <annotation DayOfWeek="2019-W10-6" __Id="430" __Class="DocCreationTime" __From="1" __To="10"/>
      <annotation Category="Date" Value="2019-03-09" __Id="431" __Class="TE" __From="1" __To="10"/>
      <annotation Category="ShiftExp" Formula="AFTER,Dur,Anchor" __Id="440" __Class="TE" __From="958" __To="974"/>
      <annotation Category="Dur" Value="P8Y" __Id="441" __Class="TE" __From="965" __To="974"/>
      <annotation Category="Day" __Id="447" __Class="Field" __From="1492" __To="1499"/>
      <annotation Category="Date" Value="2019-03-08" __Id="448" __Class="TE" __From="1492" __To="1499"/>
      <annotation Category="DayOfWeek" __Id="450" __Class="Field" __From="1584" __To="1590"/>
      <annotation Category="Date" Value="2019-W10-5" __Id="452" __Class="TE" __From="1584" __To="1590"/>
      <annotation Category="Day" __Id="454" __Class="Field" __From="1685" __To="1686"/>
      <annotation Category="Date" Value="2019-01-29" __Id="455" __Class="TE" __From="1685" __To="1693"/>
      <annotation Category="MonthName" __Id="456" __Class="Field" __From="1688" __To="1693"/>
      <annotation Category="Dur" Value="P1M" __Id="462" __Class="TE" __From="2491" __To="2496"/>
    </annotations>
    <relations>
    </relations>
  </document>
</xml>
