<xml generator="AnnotationTools" format-version="1">
  <document>
    <text>
      <raw> 2019-03-21    Владелец «Морского старта» отменил заказ на украинские ракеты «Зенит»    Заказ на ракеты «Зенит» на Украине, размещенный два года назад российской частной компанией S7 Space, будет отменен. Об этом сообщает «РИА Новости» в четверг, 21 марта.    «Руководство S7 Space проинформировало украинское производственное объединение «Южмаш» о приостановке и планируемом в дальнейшем расторжении контракта», — цитирует агентство неназванный источник в отрасли.    S7 Space владеет плавучим космодромом «Морской старт», для которого на Украине были заказаны 12 ракет-носителей «Зенит».    https://iz.ru/858874/2019-03-21/vladeletc-morskogo-starta-otmenil-zakaz-na-rakety-zenit-na-ukraine?utm source=yxnews&amp;utm medium=desktop</raw>
      <annotated> <DocCreationTime DayOfWeek="2019-W12-4"><TE Category="Date" Value="2019-03-21">2019-03-21</TE></DocCreationTime>    Владелец «Морского старта» отменил заказ на украинские ракеты «Зенит»    Заказ на ракеты «Зенит» на Украине, размещенный <Anchored To="DCT" U_Class="7-D"><TE Category="ShiftExp" Formula="BEFORE,Dur,DCT"><TE Category="Dur" Value="P2Y">два года</TE> назад</TE></Anchored> российской частной компанией S7 Space, будет отменен. Об этом сообщает «РИА Новости» в <Field Category="DayOfWeek"><Restored Through="DCT" U_Class="4"><TE Category="Date" Value="2019-W12-4">четверг</TE></Restored></Field>, <TE Category="Date" Value="2019-03-21"><Field Category="Day">21</Field> <Field Category="MonthName"><Restored Through="DCT" U_Class="4">марта</Restored></Field></TE>.    «Руководство S7 Space проинформировало украинское производственное объединение «Южмаш» о приостановке и планируемом в дальнейшем расторжении контракта», — цитирует агентство неназванный источник в отрасли.    S7 Space владеет плавучим космодромом «Морской старт», для которого на Украине были заказаны 12 ракет-носителей «Зенит».    https://iz.ru/858874/2019-03-21/vladeletc-morskogo-starta-otmenil-zakaz-na-rakety-zenit-na-ukraine?utm source=yxnews&amp;utm medium=desktop</annotated>
    </text>
    <annotations>
      <annotation DayOfWeek="2019-W12-4" __Id="148" __Class="DocCreationTime" __From="1" __To="10"/>
      <annotation Category="Date" Value="2019-03-21" __Id="149" __Class="TE" __From="1" __To="10"/>
      <annotation To="DCT" U_Class="7-D" __Id="152" __Class="Anchored" __From="136" __To="149"/>
      <annotation Category="ShiftExp" Formula="BEFORE,Dur,DCT" __Id="153" __Class="TE" __From="136" __To="149"/>
      <annotation Category="Dur" Value="P2Y" __Id="154" __Class="TE" __From="136" __To="143"/>
      <annotation Category="DayOfWeek" __Id="156" __Class="Field" __From="238" __To="244"/>
      <annotation Through="DCT" U_Class="4" __Id="157" __Class="Restored" __From="238" __To="244"/>
      <annotation Category="Date" Value="2019-W12-4" __Id="158" __Class="TE" __From="238" __To="244"/>
      <annotation Category="Day" __Id="159" __Class="Field" __From="247" __To="248"/>
      <annotation Category="Date" Value="2019-03-21" __Id="160" __Class="TE" __From="247" __To="254"/>
      <annotation Category="MonthName" __Id="161" __Class="Field" __From="250" __To="254"/>
      <annotation Through="DCT" U_Class="4" __Id="162" __Class="Restored" __From="250" __To="254"/>
    </annotations>
    <relations>
    </relations>
  </document>
</xml>
