<xml generator="AnnotationTools" format-version="1">
  <document>
    <text>
      <raw> 2019-03-26    Абызов «категорически» не признает вину    Бывший министр по делам «Открытого правительства» Михаил Абызов «вины не признает категорически», сообщил его адвокат Александр Аснис. По его словам, решение об избрании меры пресечения будет принято Басманный судом в среду.    О предъявлении обвинения в организации преступного сообщества с использованием служебного положения и мошенничества (ч.3 ст. 210 и ч.4 ст. 159 УК ) господину Абызову сообщил вечером, 26 марта, Следственный комитет РФ. Его подозревают в хищении и выводе за рубеж 4 млрд руб. После допроса он был задержан и ночь проведет в изоляторе временного содержания.    Источники «Интерфакса» сообщают, что экс-министр приехал в Россию неделю назад из-за рубежа на день рождения одного из своих бывших коллег. «Возвращение экс-министра «стало результатом комбинации оперативников»,— сказал собеседник агентства.    Другой источник агентства рассказал, что господин Абызов был задержан сегодня, 26 марта, по дороге из терминала бизнес-авиации «Внуково-3», куда он приехал частным самолетом из Италии. Один из собеседников агентства уточнил, что господин Абызов в последнее время жил в Италии и США. «Оперативники выманили его в Россию, после чего экс-министр был задержан»,— сообщал источник.    Альфа-банк и кипрская Redeliaco Holdings Ltd (кредиторы «Группы Е4»), которые 20 марта текущего года потребовали через суд взыскать 33,6 млрд руб. с лиц, контролировавших обанкротившуюся крупную инжиниринговую компанию «Группа Е4», среди которых господин Абызов и его бывшая жена Екатерина Сиротенко, отказал «РИА Новости» в комментарии.    https://www.kommersant.ru/doc/3924343</raw>
      <annotated> <DocCreationTime><TE>2019-03-26</TE></DocCreationTime>    Абызов «категорически» не признает вину    Бывший министр по делам «Открытого правительства» Михаил Абызов «вины не признает категорически», сообщил его адвокат Александр Аснис. По его словам, решение об избрании меры пресечения будет принято Басманный судом в <Field Category="DayOfWeek"><Restored Through="DCT"><TE>среду</TE></Restored></Field>.    О предъявлении обвинения в организации преступного сообщества с использованием служебного положения и мошенничества (ч.3 ст. 210 и ч.4 ст. 159 УК ) господину Абызову сообщил вечером, <TE><Field Category="Day">26</Field> <Field Category="MonthName"><Restored Through="DCT">марта</Restored></Field></TE>, Следственный комитет РФ. Его подозревают в хищении и выводе за рубеж 4 млрд руб. После допроса он был задержан и ночь проведет в изоляторе временного содержания.    Источники «Интерфакса» сообщают, что экс-министр приехал в Россию <Anchored To="DCT"><TE><TE>неделю</TE> назад</TE></Anchored> из-за рубежа на день рождения одного из своих бывших коллег. «Возвращение экс-министра «стало результатом комбинации оперативников»,— сказал собеседник агентства.    Другой источник агентства рассказал, что господин Абызов был задержан <Anchored To="DCT"><Field Category="Day"><TE>сегодня</TE></Field></Anchored>, <TE><Field Category="Day">26</Field> <Field Category="MonthName"><Restored Through="DCT">марта</Restored></Field></TE>, по дороге из терминала бизнес-авиации «Внуково-3», куда он приехал частным самолетом из Италии. Один из собеседников агентства уточнил, что господин Абызов в последнее время жил в Италии и США. «Оперативники выманили его в Россию, после чего экс-министр был задержан»,— сообщал источник.    Альфа-банк и кипрская Redeliaco Holdings Ltd (кредиторы «Группы Е4»), которые <TE><Field Category="Day">20</Field> <Field Category="MonthName">марта</Field> <Anchored To="DCT"><Field Category="Year">текущего года</Field></Anchored></TE> потребовали через суд взыскать 33,6 млрд руб. с лиц, контролировавших обанкротившуюся крупную инжиниринговую компанию «Группа Е4», среди которых господин Абызов и его бывшая жена Екатерина Сиротенко, отказал «РИА Новости» в комментарии.    https://www.kommersant.ru/doc/3924343</annotated>
    </text>
    <annotations>
      <annotation DayOfWeek="2019-W13-2" __Id="324" __Class="DocCreationTime" __From="1" __To="10"/>
      <annotation Category="Date" Value="2019-03-26" __Id="325" __Class="TE" __From="1" __To="10"/>
      <annotation Category="DayOfWeek" __Id="329" __Class="Field" __From="276" __To="280"/>
      <annotation Through="DCT" U_Class="4" __Id="330" __Class="Restored" __From="276" __To="280"/>
      <annotation Category="Date" Value="2019-W13-3" __Id="331" __Class="TE" __From="276" __To="280"/>
      <annotation Category="Day" __Id="333" __Class="Field" __From="469" __To="470"/>
      <annotation Category="Date" Value="2019-03-26" __Id="334" __Class="TE" __From="469" __To="476"/>
      <annotation Category="MonthName" __Id="335" __Class="Field" __From="472" __To="476"/>
      <annotation Through="DCT" U_Class="4" __Id="336" __Class="Restored" __From="472" __To="476"/>
      <annotation To="DCT" U_Class="7-D" __Id="339" __Class="Anchored" __From="710" __To="721"/>
      <annotation Category="ShiftExp" Formula="BEFORE,Dur,DCT" __Id="340" __Class="TE" __From="710" __To="721"/>
      <annotation Category="Dur" Value="P1W" __Id="341" __Class="TE" __From="710" __To="715"/>
      <annotation To="DCT" U_Class="1-D" __Id="344" __Class="Anchored" __From="959" __To="965"/>
      <annotation Category="Day" __Id="345" __Class="Field" __From="959" __To="965"/>
      <annotation Category="Date" Value="2019-03-26" __Id="346" __Class="TE" __From="959" __To="965"/>
      <annotation Category="Day" __Id="347" __Class="Field" __From="968" __To="969"/>
      <annotation Category="Date" Value="2019-03-26" __Id="348" __Class="TE" __From="968" __To="975"/>
      <annotation Category="MonthName" __Id="349" __Class="Field" __From="971" __To="975"/>
      <annotation Through="DCT" U_Class="4" __Id="350" __Class="Restored" __From="971" __To="975"/>
      <annotation Category="Day" __Id="354" __Class="Field" __From="1347" __To="1348"/>
      <annotation Category="Date" Value="2019-03-20" __Id="355" __Class="TE" __From="1347" __To="1368"/>
      <annotation Category="MonthName" __Id="356" __Class="Field" __From="1350" __To="1354"/>
      <annotation To="DCT" U_Class="1-D" __Id="357" __Class="Anchored" __From="1356" __To="1368"/>
      <annotation Category="Year" __Id="358" __Class="Field" __From="1356" __To="1368"/>
    </annotations>
    <relations>
    </relations>
  </document>
</xml>
