<xml generator="AnnotationTools" format="public" version="1">
  <document>
    <text>
      <raw>2012-09-12    Арбитраж 3 декабря рассмотрит вопрос о банкротстве &amp;quot;Инногаранта&amp;quot;    Арбитражный суд Москвы отложил на 3 декабря рассмотрение дела о банкротстве компании &amp;quot;Инногарант&amp;quot;, страховавшей ответственность скандально известного туроператора &amp;quot;Капитал тур&amp;quot;, сообщили РАПСИ в суде.    В среду суд отложил рассмотрение дела по просьбе представителя временного управляющего, который отметил, что собрание кредиторов еще не проведено, а также не рассмотрены требования ряда кредиторов.    Ранее суд утвердил временным управляющим Александра Еремина.    Арбитражный суд Москвы 7 февраля ввел наблюдение в отношении страховой компании &amp;quot;Инногарант&amp;quot;. Такое решение суд принял, рассмотрев заявление одного из кредиторов компании Ивана Чижаковского о признании &amp;quot;Инногаранта&amp;quot; банкротом. Требования Чижаковского на сумму 105,2 тысячи рублей суд включил в третью очередь реестра кредиторов.    Федеральная служба по финансовым рынкам (ФСФР) РФ в мае 2011 года отозвала у страховщика лицензию, так как тот не устранил в срок нарушения страхового законодательства. Компания обжаловала приказ службы в суде, однако в январе иск компании был отклонен.    Выплаты клиентам &amp;quot;Капитал тура&amp;quot;    &amp;quot;Инногарант&amp;quot; страховал гражданскую ответственность за неисполнение или ненадлежащее исполнение обязательств по договору о реализации туристского продукта ООО &amp;quot;Капитал тур&amp;quot;, ООО &amp;quot;Компания &amp;quot;Капитал тур&amp;quot;, ООО &amp;quot;Капитал тур Санкт-Петербург&amp;quot;.    &amp;quot;Капитал Тур&amp;quot; 16 ноября 2010 года объявил о временной приостановке отправки туристов. В середине декабря 2010 года компания &amp;quot;Инногарант&amp;quot;, застраховавшая ответственность туроператора, объявила, что будет выплачивать возмещения клиентам туроператора пропорционально (не в полном объеме), так как общий ущерб превышает 100 миллионов рублей (по данным страховщика, на такую сумму застрахован туроператор).    В то же время в феврале 2011 года Федеральная служба страхового надзора (Росстрахнадзор) сообщила, что к ним поступают жалобы о невыплатах &amp;quot;Инногарантом&amp;quot; ответственности туроператора ООО &amp;quot;Капитал тур&amp;quot;. Десятого февраля у страховой организации была ограничена лицензия в части ОСАГО и КАСКО, а в мае лицензия была отозвана. Арбитражный суд подтвердил законность приказов об ограничении и отзыве лицензии у страховой компании.    Кроме того, весной 2011 года арбитраж Москвы ввел процедуры наблюдения в отношении двух компаний, оказывавших услуги под брендом &amp;quot;Капитал Тур&amp;quot; - ООО &amp;quot;Капитал тур&amp;quot; и ООО &amp;quot;Компания &amp;quot;Капитал тур&amp;quot;. А в декабре суд признал банкротом ООО &amp;quot;Капитал тур&amp;quot;.    Как сообщалось еще в августе, руководство страховой компании утверждает, что не может начать выплаты клиентам обанкротившегося туроператора до того, как будут собраны все заявления. Компания &amp;quot;Инногарант&amp;quot; собрала на тот момент 2,4 тысячи заявлений, притом, что официально подтвержденное руководством &amp;quot;Капитал Тура&amp;quot; число пострадавших туристов составляет более 8 тысяч.    &amp;quot;Инногарант&amp;quot; работала на рынке страховых услуг с 2000 года. Уставный капитал компании составляет 1,65 миллиарда рублей. Согласно данным Росстрахнадзора, по итогам 2010 года премии компании по ОСАГО составили 731,022 миллиона рублей, выплаты - 510,95 миллиона рублей.    Компанией в рассматриваемый период было заключено 231,258 тысячи договоров по автогражданке, заявлено 28,496 тысячи страховых случаев, урегулировано - 21,419 тысячи.      http://rapsinews.ru/judicial news/20120912/264643323.html</raw>
      <annotated><DocCreationTime DayOfWeek="2012-W37-3"><TE Category="Date" Value="2012-09-12">2012-09-12</TE></DocCreationTime>    Арбитраж <TE Category="Date" Value="2012-12-03"><Field Category="Day">3</Field> <Field Category="MonthName">декабря</Field></TE> рассмотрит вопрос о банкротстве &amp;quot;Инногаранта&amp;quot;    Арбитражный суд Москвы отложил на <TE Category="Date" Value="2012-12-03"><Field Category="Day">3</Field> <Field Category="MonthName">декабря</Field></TE> рассмотрение дела о банкротстве компании &amp;quot;Инногарант&amp;quot;, страховавшей ответственность скандально известного туроператора &amp;quot;Капитал тур&amp;quot;, сообщили РАПСИ в суде.    В <Field Category="DayOfWeek"><TE Category="Date" Value="2012-W37-3">среду</TE></Field> суд отложил рассмотрение дела по просьбе представителя временного управляющего, который отметил, что собрание кредиторов еще не проведено, а также не рассмотрены требования ряда кредиторов.    Ранее суд утвердил временным управляющим Александра Еремина.    Арбитражный суд Москвы <TE Category="Date" Value="2012-02-07"><Field Category="Day">7</Field> <Field Category="MonthName">февраля</Field></TE> ввел наблюдение в отношении страховой компании &amp;quot;Инногарант&amp;quot;. Такое решение суд принял, рассмотрев заявление одного из кредиторов компании Ивана Чижаковского о признании &amp;quot;Инногаранта&amp;quot; банкротом. Требования Чижаковского на сумму 105,2 тысячи рублей суд включил в третью очередь реестра кредиторов.    Федеральная служба по финансовым рынкам (ФСФР) РФ в <TE Category="Date" Value="2011-05"><Field Category="MonthName">мае</Field> <Field Category="Year">2011 года</Field></TE> отозвала у страховщика лицензию, так как тот не устранил в срок нарушения страхового законодательства. Компания обжаловала приказ службы в суде, однако в <Field Category="MonthName"><TE Category="Date" Value="2012-01">январе</TE></Field> иск компании был отклонен.    Выплаты клиентам &amp;quot;Капитал тура&amp;quot;    &amp;quot;Инногарант&amp;quot; страховал гражданскую ответственность за неисполнение или ненадлежащее исполнение обязательств по договору о реализации туристского продукта ООО &amp;quot;Капитал тур&amp;quot;, ООО &amp;quot;Компания &amp;quot;Капитал тур&amp;quot;, ООО &amp;quot;Капитал тур Санкт-Петербург&amp;quot;.    &amp;quot;Капитал Тур&amp;quot; <TE Category="Date" Value="2010-11-16"><Field Category="Day">16</Field> <Field Category="MonthName">ноября</Field> <Field Category="Year">2010 года</Field></TE> объявил о временной приостановке отправки туристов. В <TE Category="Date" Value="2010-12-MID"><Field Category="Phase">середине</Field> <Field Category="MonthName">декабря</Field> <Field Category="Year">2010 года</Field></TE> компания &amp;quot;Инногарант&amp;quot;, застраховавшая ответственность туроператора, объявила, что будет выплачивать возмещения клиентам туроператора пропорционально (не в полном объеме), так как общий ущерб превышает 100 миллионов рублей (по данным страховщика, на такую сумму застрахован туроператор).    В то же время в <TE Category="Date" Value="2011-02"><Field Category="MonthName">феврале</Field> <Field Category="Year">2011 года</Field></TE> Федеральная служба страхового надзора (Росстрахнадзор) сообщила, что к ним поступают жалобы о невыплатах &amp;quot;Инногарантом&amp;quot; ответственности туроператора ООО &amp;quot;Капитал тур&amp;quot;. <TE Category="Date" Value="2011-02-10"><Field Category="Day">Десятого</Field> <Field Category="MonthName">февраля</Field></TE> у страховой организации была ограничена лицензия в части ОСАГО и КАСКО, а в <Field Category="MonthName"><TE Category="Date" Value="2011-05">мае</TE></Field> лицензия была отозвана. Арбитражный суд подтвердил законность приказов об ограничении и отзыве лицензии у страховой компании.    Кроме того, <TE Category="Date" Value="2011-SP"><Field Category="Season">весной</Field> <Field Category="Year">2011 года</Field></TE> арбитраж Москвы ввел процедуры наблюдения в отношении двух компаний, оказывавших услуги под брендом &amp;quot;Капитал Тур&amp;quot; - ООО &amp;quot;Капитал тур&amp;quot; и ООО &amp;quot;Компания &amp;quot;Капитал тур&amp;quot;. А в <Field Category="MonthName"><TE Category="Date" Value="2011-12">декабре</TE></Field> суд признал банкротом ООО &amp;quot;Капитал тур&amp;quot;.    Как сообщалось еще в <Field Category="MonthName"><TE Category="Date" Value="2011-08">августе</TE></Field>, руководство страховой компании утверждает, что не может начать выплаты клиентам обанкротившегося туроператора до того, как будут собраны все заявления. Компания &amp;quot;Инногарант&amp;quot; собрала на тот момент 2,4 тысячи заявлений, притом, что официально подтвержденное руководством &amp;quot;Капитал Тура&amp;quot; число пострадавших туристов составляет более 8 тысяч.    &amp;quot;Инногарант&amp;quot; работала на рынке страховых услуг с <Field Category="Year"><TE Category="Date" Value="2000">2000 года</TE></Field>. Уставный капитал компании составляет 1,65 миллиарда рублей. Согласно данным Росстрахнадзора, по итогам <Field Category="Year"><TE Category="Date" Value="2010">2010 года</TE></Field> премии компании по ОСАГО составили 731,022 миллиона рублей, выплаты - 510,95 миллиона рублей.    Компанией в рассматриваемый период было заключено 231,258 тысячи договоров по автогражданке, заявлено 28,496 тысячи страховых случаев, урегулировано - 21,419 тысячи.      http://rapsinews.ru/judicial news/20120912/264643323.html</annotated>
    </text>
<!-- NOTE: Annotation boundaries below corresponds to text without XHTML-entities encoding. -->
    <annotations>
      <annotation DayOfWeek="2012-W37-3" __Id="608" __Class="DocCreationTime" __From="0" __To="9"/>
      <annotation Category="Date" Value="2012-09-12" __Id="609" __Class="TE" __From="0" __To="9"/>
      <annotation Category="Day" __Id="611" __Class="Field" __From="23" __To="23"/>
      <annotation Category="Date" Value="2012-12-03" __Id="612" __Class="TE" __From="23" __To="31"/>
      <annotation Category="MonthName" __Id="613" __Class="Field" __From="25" __To="31"/>
      <annotation Category="Day" __Id="616" __Class="Field" __From="126" __To="126"/>
      <annotation Category="Date" Value="2012-12-03" __Id="617" __Class="TE" __From="126" __To="134"/>
      <annotation Category="MonthName" __Id="618" __Class="Field" __From="128" __To="134"/>
      <annotation Category="DayOfWeek" __Id="621" __Class="Field" __From="318" __To="322"/>
      <annotation Category="Date" Value="2012-W37-3" __Id="623" __Class="TE" __From="318" __To="322"/>
      <annotation Category="Day" __Id="626" __Class="Field" __From="604" __To="604"/>
      <annotation Category="Date" Value="2012-02-07" __Id="627" __Class="TE" __From="604" __To="612"/>
      <annotation Category="MonthName" __Id="628" __Class="Field" __From="606" __To="612"/>
      <annotation Category="MonthName" __Id="633" __Class="Field" __From="985" __To="987"/>
      <annotation Category="Date" Value="2011-05" __Id="634" __Class="TE" __From="985" __To="997"/>
      <annotation Category="Year" __Id="635" __Class="Field" __From="989" __To="997"/>
      <annotation Category="MonthName" __Id="637" __Class="Field" __From="1153" __To="1158"/>
      <annotation Category="Date" Value="2012-01" __Id="639" __Class="TE" __From="1153" __To="1158"/>
      <annotation Category="Day" __Id="643" __Class="Field" __From="1544" __To="1545"/>
      <annotation Category="Date" Value="2010-11-16" __Id="644" __Class="TE" __From="1544" __To="1562"/>
      <annotation Category="MonthName" __Id="645" __Class="Field" __From="1547" __To="1552"/>
      <annotation Category="Year" __Id="646" __Class="Field" __From="1554" __To="1562"/>
      <annotation Category="Phase" __Id="648" __Class="Field" __From="1618" __To="1625"/>
      <annotation Category="Date" Value="2010-12-MID" __Id="649" __Class="TE" __From="1618" __To="1643"/>
      <annotation Category="MonthName" __Id="650" __Class="Field" __From="1627" __To="1633"/>
      <annotation Category="Year" __Id="651" __Class="Field" __From="1635" __To="1643"/>
      <annotation Category="MonthName" __Id="653" __Class="Field" __From="1961" __To="1967"/>
      <annotation Category="Date" Value="2011-02" __Id="654" __Class="TE" __From="1961" __To="1977"/>
      <annotation Category="Year" __Id="655" __Class="Field" __From="1969" __To="1977"/>
      <annotation Category="Day" __Id="656" __Class="Field" __From="2167" __To="2174"/>
      <annotation Category="Date" Value="2011-02-10" __Id="658" __Class="TE" __From="2167" __To="2182"/>
      <annotation Category="MonthName" __Id="659" __Class="Field" __From="2176" __To="2182"/>
      <annotation Category="MonthName" __Id="661" __Class="Field" __From="2260" __To="2262"/>
      <annotation Category="Date" Value="2011-05" __Id="663" __Class="TE" __From="2260" __To="2262"/>
      <annotation Category="Season" __Id="666" __Class="Field" __From="2405" __To="2410"/>
      <annotation Category="Date" Value="2011-SP" __Id="667" __Class="TE" __From="2405" __To="2420"/>
      <annotation Category="Year" __Id="668" __Class="Field" __From="2412" __To="2420"/>
      <annotation Category="MonthName" __Id="670" __Class="Field" __From="2626" __To="2632"/>
      <annotation Category="Date" Value="2011-12" __Id="672" __Class="TE" __From="2626" __To="2632"/>
      <annotation Category="MonthName" __Id="674" __Class="Field" __From="2709" __To="2715"/>
      <annotation Category="Date" Value="2011-08" __Id="676" __Class="TE" __From="2709" __To="2715"/>
      <annotation Category="Year" __Id="679" __Class="Field" __From="3138" __To="3146"/>
      <annotation Category="Date" Value="2000" __Id="680" __Class="TE" __From="3138" __To="3146"/>
      <annotation Category="Year" __Id="683" __Class="Field" __From="3252" __To="3260"/>
      <annotation Category="Date" Value="2010" __Id="684" __Class="TE" __From="3252" __To="3260"/>
    </annotations>
    <relations>
    </relations>
  </document>
</xml>
