<xml generator="AnnotationTools" format="public" version="1">
  <document>
    <text>
      <raw> 2019-03-07    Найдены пропавшие век назад артефакты Тутанхамона     В Египте в хранилище Луксорского музея научный сотрудник неожиданно обнаружил недостающие детали миниатюрной модели лодки, которую нашли в захоронении Тутанхамона и потеряли около столетия назад.    Об открытии рассказывает Live Science. Речь идет об артефактах, которые упаковал в ящик британский археолог Говард Картер. Произошло это еще в 1922 году. Именно Картер открыл гробницу фараона Нового царства Тутанхамона (1341-1323 гг до н.э.).    Однако часть обнаруженных им и упакованных артефактов почти столетие считалась утерянной. Некоторые из них в кладовой Луксорского музея неожиданно нашел археолог Мохамед Атва.    Речь идет о деталях миниатюрных лодок, которые были обнаружены в гробнице Тутанхамона. Так, в коробке оказалась деревянная мачта, такелажный набор и другие элементы.    Подобные суда - не редкость для древнеегипетских захоронений. В гробницы верховенства их укладывали для того, чтобы усопший в загробном мире мог кататься по Нилу и даже рыбачить.    &amp;quot;Это самое захватывающее открытие в моей карьере, - говорит Мохамед Атва. - Удивительно, что после множества прошедших лет у нас все еще есть возможность совершать открытия и раскрывать новые секреты, связанные с Тутанхамоном&amp;quot;.    https://rg.ru/2019/03/07/artefakty-tutanhamona.html</raw>
      <annotated> <DocCreationTime DayOfWeek="2019-W10-4"><TE Category="Date" Value="2019-03-07">2019-03-07</TE></DocCreationTime>    Найдены пропавшие <TE Category="ShiftExp" Formula="BEFORE,Dur,DCT"><TE Category="Dur" Value="P1CE">век</TE> назад</TE> артефакты Тутанхамона     В Египте в хранилище Луксорского музея научный сотрудник неожиданно обнаружил недостающие детали миниатюрной модели лодки, которую нашли в захоронении Тутанхамона и потеряли <TE Category="ShiftExp" Formula="BEFORE,Dur,DCT"><TE Category="Dur" Value="P1CE-Approx">около столетия</TE> назад</TE>.    Об открытии рассказывает Live Science. Речь идет об артефактах, которые упаковал в ящик британский археолог Говард Картер. Произошло это еще в <Field Category="Year"><TE Category="Date" Value="1922">1922 году</TE></Field>. Именно Картер открыл гробницу фараона Нового царства Тутанхамона (<Field Category="Year"><TE Category="Date" Value="BC1341">1341</TE></Field>-<TE Category="Date" Value="BC1323"><Field Category="Year">1323 гг</Field> до н.э.</TE>).    Однако часть обнаруженных им и упакованных артефактов <TE Category="Dur" Value="P1CE-Less">почти <Field Category="Century">столетие</Field></TE> считалась утерянной. Некоторые из них в кладовой Луксорского музея неожиданно нашел археолог Мохамед Атва.    Речь идет о деталях миниатюрных лодок, которые были обнаружены в гробнице Тутанхамона. Так, в коробке оказалась деревянная мачта, такелажный набор и другие элементы.    Подобные суда - не редкость для древнеегипетских захоронений. В гробницы верховенства их укладывали для того, чтобы усопший в загробном мире мог кататься по Нилу и даже рыбачить.    &amp;quot;Это самое захватывающее открытие в моей карьере, - говорит Мохамед Атва. - Удивительно, что после множества прошедших лет у нас все еще есть возможность совершать открытия и раскрывать новые секреты, связанные с Тутанхамоном&amp;quot;.    https://rg.ru/2019/03/07/artefakty-tutanhamona.html</annotated>
    </text>
<!-- NOTE: Annotation boundaries below corresponds to text without XHTML-entities encoding. -->
    <annotations>
      <annotation DayOfWeek="2019-W10-4" __Id="251" __Class="DocCreationTime" __From="1" __To="10"/>
      <annotation Category="Date" Value="2019-03-07" __Id="252" __Class="TE" __From="1" __To="10"/>
      <annotation Category="ShiftExp" Formula="BEFORE,Dur,DCT" __Id="255" __Class="TE" __From="33" __To="41"/>
      <annotation Category="Dur" Value="P1CE" __Id="256" __Class="TE" __From="33" __To="35"/>
      <annotation Category="ShiftExp" Formula="BEFORE,Dur,DCT" __Id="259" __Class="TE" __From="243" __To="262"/>
      <annotation Category="Dur" Value="P1CE-Approx" __Id="260" __Class="TE" __From="243" __To="256"/>
      <annotation Category="Year" __Id="264" __Class="Field" __From="411" __To="419"/>
      <annotation Category="Date" Value="1922" __Id="265" __Class="TE" __From="411" __To="419"/>
      <annotation Category="Year" __Id="267" __Class="Field" __From="488" __To="491"/>
      <annotation Category="Date" Value="BC1341" __Id="268" __Class="TE" __From="488" __To="491"/>
      <annotation Category="Year" __Id="269" __Class="Field" __From="493" __To="499"/>
      <annotation Category="Date" Value="BC1323" __Id="270" __Class="TE" __From="493" __To="507"/>
      <annotation Category="Dur" Value="P1CE-Less" __Id="272" __Class="TE" __From="568" __To="581"/>
      <annotation Category="Century" __Id="273" __Class="Field" __From="574" __To="581"/>
    </annotations>
    <relations>
    </relations>
  </document>
</xml>
