<xml generator="AnnotationTools" target="public" format-version="1">
  <document>
    <text>
      <raw> 2019-03-07    Актер Сергей Фролов пожаловался, что его с семьей выселили из квартиры    МОСКВА, 7 мар — РИА Новости. Российского актера Сергея Фролова вместе с женой и ребенком насильно выселили из квартиры в Москве. Об этом друзья артиста рассказали в Facebook.    В среду неизвестные вырезали замки в квартире, после чего судебные приставы описали все имущество. По словам Фролова, его семью выставили на лестничную площадку без денег и документов.     Как пояснил актер порталу &quot;Дружи с финансами&quot;, квартира, в которой он сейчас живет, принадлежала его умершей матери. Некоторое время назад выяснилось, что женщина взяла кредит на 600 тысяч рублей под 28% годовых. Она не смогла погасить долг и взяла новый под залог квартиры — уже на 1,2 миллиона. Через два месяца после подписания договора она умерла.  Актер узнал, что квартира выставлена на торги, из записки в дверном проеме. Мужчина нанял юриста и обратился в суд с требованием признать кредитный договор недействительным, однако проиграл. Квартиру продали жительнице Нижнего Новгорода. Новая собственница пришла вместе с приставами и не дала забрать из квартиры даже теплые вещи и ценности.     По мнению Фролова, его мать стала жертвой мошенников: незадолго до истории с кредитами она почти перестала общаться с семьей, у нее появились странные друзья, которые регулярно занимали у нее деньги. Кроме того, после ее смерти актер нашел в квартире пакет с психотропными препаратами.    Актер сообщил, что написал заявление в полицию и надеется на возбуждение уголовного дела.    https://ria.ru/20190307/1551611585.html</raw>
      <annotated> <DocCreationTime DayOfWeek="2019-W10-4"><TE Category="Date" Value="2019-03-07">2019-03-07</TE></DocCreationTime>    Актер Сергей Фролов пожаловался, что его с семьей выселили из квартиры    МОСКВА, <TE Category="Date" Value="2019-03-07"><Field Category="Day">7</Field> <Field Category="MonthName"><Restored Through="DCT" U_Class="4">мар</Restored></Field></TE> — РИА Новости. Российского актера Сергея Фролова вместе с женой и ребенком насильно выселили из квартиры в Москве. Об этом друзья артиста рассказали в Facebook.    В <Field Category="DayOfWeek"><Restored Through="DCT" U_Class="4"><TE Category="Date" Value="2019-W10-3">среду</TE></Restored></Field> неизвестные вырезали замки в квартире, после чего судебные приставы описали все имущество. По словам Фролова, его семью выставили на лестничную площадку без денег и документов.     Как пояснил актер порталу &quot;Дружи с финансами&quot;, квартира, в которой он сейчас живет, принадлежала его умершей матери. Некоторое время назад выяснилось, что женщина взяла кредит на 600 тысяч рублей под 28% годовых. Она не смогла погасить долг и взяла новый под залог квартиры — уже на 1,2 миллиона. <Anchored To="DCT" U_Class="7-DA"><TE Category="ShiftExp" Formula="AFTER,Dur,Anchor">Через <TE Category="Dur" Value="P2M">два месяца</TE></TE></Anchored> после <TE Category="Event">подписания</TE> договора она умерла.  Актер узнал, что квартира выставлена на торги, из записки в дверном проеме. Мужчина нанял юриста и обратился в суд с требованием признать кредитный договор недействительным, однако проиграл. Квартиру продали жительнице Нижнего Новгорода. Новая собственница пришла вместе с приставами и не дала забрать из квартиры даже теплые вещи и ценности.     По мнению Фролова, его мать стала жертвой мошенников: незадолго до истории с кредитами она почти перестала общаться с семьей, у нее появились странные друзья, которые регулярно занимали у нее деньги. Кроме того, после ее смерти актер нашел в квартире пакет с психотропными препаратами.    Актер сообщил, что написал заявление в полицию и надеется на возбуждение уголовного дела.    https://ria.ru/20190307/1551611585.html</annotated>
    </text>
    <annotations>
      <annotation DayOfWeek="2019-W10-4" __Id="312" __Class="DocCreationTime" __From="1" __To="10"/>
      <annotation Category="Date" Value="2019-03-07" __Id="313" __Class="TE" __From="1" __To="10"/>
      <annotation Category="Day" __Id="316" __Class="Field" __From="97" __To="97"/>
      <annotation Category="Date" Value="2019-03-07" __Id="317" __Class="TE" __From="97" __To="101"/>
      <annotation Category="MonthName" __Id="318" __Class="Field" __From="99" __To="101"/>
      <annotation Through="DCT" U_Class="4" __Id="319" __Class="Restored" __From="99" __To="101"/>
      <annotation Category="DayOfWeek" __Id="323" __Class="Field" __From="269" __To="273"/>
      <annotation Through="DCT" U_Class="4" __Id="324" __Class="Restored" __From="269" __To="273"/>
      <annotation Category="Date" Value="2019-W10-3" __Id="325" __Class="TE" __From="269" __To="273"/>
      <annotation To="DCT" U_Class="7-DA" __Id="330" __Class="Anchored" __From="763" __To="778"/>
      <annotation Category="ShiftExp" Formula="AFTER,Dur,Anchor" __Id="332" __Class="TE" __From="763" __To="778"/>
      <annotation Category="Dur" Value="P2M" __Id="333" __Class="TE" __From="769" __To="778"/>
      <annotation Category="Event" __Id="334" __Class="TE" __From="786" __To="795"/>
    </annotations>
    <relations>
      <relation __Id="0" __Class="AnchoredTo"><from><annotation __Id="332"/></from><to><annotation __Id="334"/></to></relation>
    </relations>
  </document>
</xml>
