<xml generator="AnnotationTools" format-version="1">
  <document>
    <text>
      <raw> 2019-03-23    Спецназ Росгвардии устроил шоу с задержанием в Лужниках    Желающим показали боевое оружие и накормили солдатской кашей    Финал культурно-спортивного фестиваля Росгвардии прошел в субботу в Лужниках в Москве накануне профессионального праздника войск Национальной гвардии, отмечаемого 27 марта. Своих представителей в столицу прислали части Центрального округа Росгвардии. Прошли спортивные соревнования, показательные учения спецназа и выставка спецтехники. Корреспондент «МК» наблюдал за ходом праздника.    Еще за месяц до мероприятия, командующий войсками Центрального округа Росгвардии генерал-полковник Игорь Голлоев рассказал, что для ведомства очень важно информировать граждан о своей деятельности. Удалось ли это сделать на фестивале в Лужниках? Пожалуй, что да.    Программу фестиваля открыли бойцы подразделений ОМОН и СОБР. Они продемонстрировали бойцовские навыки, а также технические возможности войск. Он выстрелов (холостых, конечно же) закладывает уши, гремят взрывы, дымятся декорации.    Следующий «номер» программы мог бы стать эпизодом приключенческого фильма: классическая сцена погони. По «сценарию», грабители останавливают машину инкассатором, взрывом вышибают дверь машины и скрываются с места преступления. На перехват выдвигается автомобиль Росгвардии, блокирует машину похитителей, спецназ нейтрализует налетчиков.    А дальше - выступление кинологов. На первый взгляд, ощущение, будто попал в цирк: собаки ходят на задних лапах и выполняют другие приказы. Натренированные звери не боятся выстрелов и взрывов и бросаются на перехват преступникам.    После учений зрители перемещаются к выставке военной техники. И если взрослые мужчины остаются у стендов со стрелковым оружием (попробовать, как ходит затвор, оценить прицел), то дети облюбовывают специальные машины. Один из юных посетителей и вовсе решает припарковать свой самокат в ряду бронетехники.    Дети забираются в машины и через громкоговорители сообщают друг другу:    - Преследую опасного преступника!    - На нашу базу напали, нужна помощь!    - Как слышно, прием?    Как-то совершенно буднично проходит то, что недавно казалось нам научной фантастикой: боевые роботы играют в салки с детьми. Вы не ослышались. Радиоуправляемые машины гоняются за маленькими гостями выставки, а потом стараются от них убежать. Предназначенные для выноса взрывоопасных предметов из публичных мест, машины оснащены камерами, с помощью которых оператор видит всех вокруг.    Заключительная часть экспозиции - импровизированная выставка-ярмарка. Каждое управление Росгвардии по Центральному округу представляет свой регион. Тут и тульские пряники, и выкопанные на Курской дуге артефакты времен войны и многое еще что.    Рядом проходят соревнования бойцов в разных дисциплинах - от поднятия тяжестей и армреслинга до дартса.    Ну, и какой же праздник без соревнования военных поваров?! Если вы думаете, что гречка с тушенкой из полевой кухни - вещь неоригинальная, то, попробовав ее в стольких вариациях, вы бы изменили свою точку зрения.    Под конец мероприятия гости отправляются на концерт.    Над Лужниками громкоговорители разносят эхо детских голосов: «Преследую преступника», «Прием-прием! Не слышу вас!..» Вряд ли играющие в полицию дети понимают, зачем это все вокруг нужно - роботы, бронемашины, собаки, выстрелы, дымовые завесы и взрывы. На самом деле, все просто: бойцы, оружие и техника Росгвардии – это наша с вами безопасность. Именно об этом и напомнил фестиваль в Лужниках.    https://www.mk.ru/politics/2019/03/23/specnaz-rosgvardii-ustroil-shou-s-zaderzhaniem-v-luzhnikakh.html</raw>
      <annotated> <DocCreationTime><TE>2019-03-23</TE></DocCreationTime>    Спецназ Росгвардии устроил шоу с задержанием в Лужниках    Желающим показали боевое оружие и накормили солдатской кашей    Финал культурно-спортивного фестиваля Росгвардии прошел в <Field Category="DayOfWeek"><Restored Through="DCT"><TE>субботу</TE></Restored></Field> в Лужниках в Москве <Anchored To="Text">накануне</Anchored> профессионального праздника войск Национальной гвардии, отмечаемого <TE><Field Category="Day">27</Field> <Field Category="MonthName"><Restored Through="DCT">марта</Restored></Field></TE>. Своих представителей в столицу прислали части Центрального округа Росгвардии. Прошли спортивные соревнования, показательные учения спецназа и выставка спецтехники. Корреспондент «МК» наблюдал за ходом праздника.    Еще <Anchored To="Text"><TE>за <TE>месяц</TE></TE></Anchored> до <TE>мероприятия</TE>, командующий войсками Центрального округа Росгвардии генерал-полковник Игорь Голлоев рассказал, что для ведомства очень важно информировать граждан о своей деятельности. Удалось ли это сделать на фестивале в Лужниках? Пожалуй, что да.    Программу фестиваля открыли бойцы подразделений ОМОН и СОБР. Они продемонстрировали бойцовские навыки, а также технические возможности войск. Он выстрелов (холостых, конечно же) закладывает уши, гремят взрывы, дымятся декорации.    Следующий «номер» программы мог бы стать эпизодом приключенческого фильма: классическая сцена погони. По «сценарию», грабители останавливают машину инкассатором, взрывом вышибают дверь машины и скрываются с места преступления. На перехват выдвигается автомобиль Росгвардии, блокирует машину похитителей, спецназ нейтрализует налетчиков.    А дальше - выступление кинологов. На первый взгляд, ощущение, будто попал в цирк: собаки ходят на задних лапах и выполняют другие приказы. Натренированные звери не боятся выстрелов и взрывов и бросаются на перехват преступникам.    После учений зрители перемещаются к выставке военной техники. И если взрослые мужчины остаются у стендов со стрелковым оружием (попробовать, как ходит затвор, оценить прицел), то дети облюбовывают специальные машины. Один из юных посетителей и вовсе решает припарковать свой самокат в ряду бронетехники.    Дети забираются в машины и через громкоговорители сообщают друг другу:    - Преследую опасного преступника!    - На нашу базу напали, нужна помощь!    - Как слышно, прием?    Как-то совершенно буднично проходит то, что недавно казалось нам научной фантастикой: боевые роботы играют в салки с детьми. Вы не ослышались. Радиоуправляемые машины гоняются за маленькими гостями выставки, а потом стараются от них убежать. Предназначенные для выноса взрывоопасных предметов из публичных мест, машины оснащены камерами, с помощью которых оператор видит всех вокруг.    Заключительная часть экспозиции - импровизированная выставка-ярмарка. Каждое управление Росгвардии по Центральному округу представляет свой регион. Тут и тульские пряники, и выкопанные на Курской дуге артефакты времен войны и многое еще что.    Рядом проходят соревнования бойцов в разных дисциплинах - от поднятия тяжестей и армреслинга до дартса.    Ну, и какой же праздник без соревнования военных поваров?! Если вы думаете, что гречка с тушенкой из полевой кухни - вещь неоригинальная, то, попробовав ее в стольких вариациях, вы бы изменили свою точку зрения.    Под конец мероприятия гости отправляются на концерт.    Над Лужниками громкоговорители разносят эхо детских голосов: «Преследую преступника», «Прием-прием! Не слышу вас!..» Вряд ли играющие в полицию дети понимают, зачем это все вокруг нужно - роботы, бронемашины, собаки, выстрелы, дымовые завесы и взрывы. На самом деле, все просто: бойцы, оружие и техника Росгвардии – это наша с вами безопасность. Именно об этом и напомнил фестиваль в Лужниках.    https://www.mk.ru/politics/2019/03/23/specnaz-rosgvardii-ustroil-shou-s-zaderzhaniem-v-luzhnikakh.html</annotated>
    </text>
    <annotations>
      <annotation DayOfWeek="2019-W12-6" __Id="648" __Class="DocCreationTime" __From="1" __To="10"/>
      <annotation Category="Date" Value="2019-03-23" __Id="649" __Class="TE" __From="1" __To="10"/>
      <annotation Category="DayOfWeek" __Id="653" __Class="Field" __From="196" __To="202"/>
      <annotation Through="DCT" U_Class="4" __Id="654" __Class="Restored" __From="196" __To="202"/>
      <annotation Category="Date" Value="2019-W12-6" __Id="655" __Class="TE" __From="196" __To="202"/>
      <annotation To="Text" U_Class="7-A" __Id="656" __Class="Anchored" __From="224" __To="231"/>
      <annotation Category="Day" __Id="657" __Class="Field" __From="301" __To="302"/>
      <annotation Category="Date" Value="2019-03-27" __Id="658" __Class="TE" __From="301" __To="308"/>
      <annotation Category="MonthName" __Id="659" __Class="Field" __From="304" __To="308"/>
      <annotation Through="DCT" U_Class="4" __Id="660" __Class="Restored" __From="304" __To="308"/>
      <annotation To="Text" U_Class="7-A" __Id="665" __Class="Anchored" __From="530" __To="537"/>
      <annotation Category="ShiftExp" Formula="BEFORE,Dur,Anchor" __Id="666" __Class="TE" __From="530" __To="537"/>
      <annotation Category="Dur" Value="P1M" __Id="667" __Class="TE" __From="533" __To="537"/>
      <annotation Category="Event" __Id="668" __Class="TE" __From="542" __To="552"/>
    </annotations>
    <relations>
      <relation __Id="0" __Class="AnchoredTo"><from><annotation __Id="666"/></from><to><annotation __Id="668"/></to></relation>
    </relations>
  </document>
</xml>
