<xml generator="AnnotationTools" format="public" version="1">
  <document>
    <text>
      <raw> 2019-03-13    Привлекался восемь раз: екатеринбуржец арестован на 12 суток за тонировку    Екатеринбуржец привлечен к административному аресту на 12 суток. Ранее мужчина восемь раз привлекался за тонировку передних стекол автомобиля.    У дома №1 на ул. Бахчиванджи сотрудники Госавтоинспекции остановили автомобиль марки Chevrolet. Передние стекла транспортного средства были затонированы. Правоохранители с помощью спецприбора установили, что светопропускаемость стекол составляет 60%, что является нарушением требований техрегламента.    Екатеринбуржец отказался убирать со стекол пленку, в связи с чем сотрудники ГИБДД отвезли правонарушителя в райсуд уральской столицы. В ходе разбирательства выяснилось, что водитель восемь раз получал наказание за подобное нарушение и два дня назад освободился из-под ареста на пять суток.    Таким образом, на мужчину снова был заведен административный протокол, мера наказания за повторное правонарушение составила 12 суток, информирует пропаганда ОГИБДД УМВД РФ по Екатеринбургу.     https://tagilcity.ru/news/transport/13-03-2019/privlekalsya-vosem-raz-ekaterinburzhets-arestovan-na-12-sutok-za-tonirovku</raw>
      <annotated> <DocCreationTime DayOfWeek="2019-W11-3"><TE Category="Date" Value="2019-03-13">2019-03-13</TE></DocCreationTime>    Привлекался восемь раз: екатеринбуржец арестован на <TE Category="Dur" Value="P12D">12 суток</TE> за тонировку    Екатеринбуржец привлечен к административному аресту на <TE Category="Dur" Value="P12D">12 суток</TE>. Ранее мужчина восемь раз привлекался за тонировку передних стекол автомобиля.    У дома №1 на ул. Бахчиванджи сотрудники Госавтоинспекции остановили автомобиль марки Chevrolet. Передние стекла транспортного средства были затонированы. Правоохранители с помощью спецприбора установили, что светопропускаемость стекол составляет 60%, что является нарушением требований техрегламента.    Екатеринбуржец отказался убирать со стекол пленку, в связи с чем сотрудники ГИБДД отвезли правонарушителя в райсуд уральской столицы. В ходе разбирательства выяснилось, что водитель восемь раз получал наказание за подобное нарушение и <TE Category="ShiftExp" Formula="BEFORE,Dur,DCT"><TE Category="Dur" Value="P2D">два дня</TE> назад</TE> освободился из-под ареста на <TE Category="Dur" Value="P5D">пять суток</TE>.    Таким образом, на мужчину снова был заведен административный протокол, мера наказания за повторное правонарушение составила <TE Category="Dur" Value="P12D">12 суток</TE>, информирует пропаганда ОГИБДД УМВД РФ по Екатеринбургу.     https://tagilcity.ru/news/transport/13-03-2019/privlekalsya-vosem-raz-ekaterinburzhets-arestovan-na-12-sutok-za-tonirovku</annotated>
    </text>
<!-- NOTE: Annotation boundaries below corresponds to text without XHTML-entities encoding. -->
    <annotations>
      <annotation DayOfWeek="2019-W11-3" __Id="192" __Class="DocCreationTime" __From="1" __To="10"/>
      <annotation Category="Date" Value="2019-03-13" __Id="193" __Class="TE" __From="1" __To="10"/>
      <annotation Category="Dur" Value="P12D" __Id="195" __Class="TE" __From="67" __To="74"/>
      <annotation Category="Dur" Value="P12D" __Id="197" __Class="TE" __From="147" __To="154"/>
      <annotation Category="ShiftExp" Formula="BEFORE,Dur,DCT" __Id="205" __Class="TE" __From="777" __To="789"/>
      <annotation Category="Dur" Value="P2D" __Id="206" __Class="TE" __From="777" __To="783"/>
      <annotation Category="Dur" Value="P5D" __Id="207" __Class="TE" __From="820" __To="829"/>
      <annotation Category="Dur" Value="P12D" __Id="209" __Class="TE" __From="959" __To="966"/>
    </annotations>
    <relations>
    </relations>
  </document>
</xml>
