<xml generator="AnnotationTools" format-version="1">
  <document>
    <text>
      <raw> ¶2019-03-06    ¶Послу Германии в Венесуэле отвели на сборы 48 часов    ¶Спустя двое суток Даниэль Кринер должен покинуть республику.    ¶Такое решение приняли власти Венесуэлы, обвинив его во вмешательстве во внутренние дела страны. Официальный Каракас утверждает, что посол «играл роль политика, связанного с оппозицией». Это явное нарушение норм дипломатических отношений, заявили в МИДе.    ¶Германия, как и многие страны Европы, признала полномочия спикера парламента Хуана Гуайдо в качестве временного президента. Россия настаивает, что законный глава республики — Николас Мадуро.      ¶https://govoritmoskva.ru/news/190788/</raw>
      <annotated> ¶<DocCreationTime><TE>2019-03-06</TE></DocCreationTime>    ¶Послу Германии в Венесуэле отвели на сборы 48 часов    ¶<Anchored To="DCT"><ShiftExp>Спустя двое суток</ShiftExp></Anchored> Даниэль Кринер должен покинуть республику.    ¶Такое решение приняли власти Венесуэлы, обвинив его во вмешательстве во внутренние дела страны. Официальный Каракас утверждает, что посол «играл роль политика, связанного с оппозицией». Это явное нарушение норм дипломатических отношений, заявили в МИДе.    ¶Германия, как и многие страны Европы, признала полномочия спикера парламента Хуана Гуайдо в качестве временного президента. Россия настаивает, что законный глава республики — Николас Мадуро.      ¶https://govoritmoskva.ru/news/190788/</annotated>
    </text>
    <annotations>
      <annotation DayOfWeek="2019-W10-3" __Id="123" __Class="DocCreationTime" __From="2" __To="11"/>
      <annotation __Id="124" __Class="TE" __From="2" __To="11"/>
      <annotation To="DCT" U_Class="7-DA" __Id="127" __Class="Anchored" __From="73" __To="89"/>
      <annotation __Id="128" __Class="ShiftExp" __From="73" __To="89"/>
    </annotations>
    <relations>
    </relations>
  </document>
</xml>
