<xml generator="AnnotationTools" format-version="1">
  <document>
    <text>
      <raw> 2019-03-18    Екатерина Малышева и принц Ганноверский стали родителями во второй раз.    Пока в британской королевской семье ждут первенца принца Гарри и Меган Маркл, в Ганновере празднуют рождение очередного наследника. Дизайнер Екатерина Малышева и ее супруг принц Эрнст стали родителями во второй раз.    В 2017 году уроженка Апатитов Екатерина Малышева стала принцессой Ганноверской, выйдя замуж за наследного принца Эрнста Августа. С момента их знакомства до пышного торжества прошло восемь лет. Через восемь месяцев на свет появилась дочка Елизавета, а в марте этого года — сын.    Роды планировались на апрель, но случились на месяц раньше. Представители Ганноверского двора пока не делила официального заявления, но ожидается, что имя наследника будет объявлено в ближайшие дни.    http://www.woman.ru/stars/medley1/article/228017/</raw>
      <annotated> <DocCreationTime><TE>2019-03-18</TE></DocCreationTime>    Екатерина Малышева и принц Ганноверский стали родителями во второй раз.    Пока в британской королевской семье ждут первенца принца Гарри и Меган Маркл, в Ганновере празднуют рождение очередного наследника. Дизайнер Екатерина Малышева и ее супруг принц Эрнст стали родителями во второй раз.    В <Field Category="Year"><TE>2017 году</TE></Field> уроженка Апатитов Екатерина Малышева стала принцессой Ганноверской, выйдя замуж за наследного принца Эрнста <Field Category="MonthName"><Restored Through="DCT">Августа</Restored></Field>. С момента их знакомства до пышного торжества прошло <TE>восемь лет</TE>. <Anchored To="DCT"><TE>Через <TE>восемь месяцев</TE></TE></Anchored> на свет появилась дочка Елизавета, а в <TE><Field Category="MonthName">марте</Field> <Anchored To="DCT"><Field Category="Year">этого года</Field></Anchored></TE> — сын.    Роды планировались на <Field Category="MonthName"><Restored Through="DCT"><TE>апрель</TE></Restored></Field>, но случились <Anchored To="Text"><TE>на <TE>месяц</TE> раньше</TE></Anchored>. Представители Ганноверского двора пока не делила официального заявления, но ожидается, что имя наследника будет объявлено в ближайшие дни.    http://www.woman.ru/stars/medley1/article/228017/</annotated>
    </text>
    <annotations>
      <annotation DayOfWeek="2019-W12-1" __Id="165" __Class="DocCreationTime" __From="1" __To="10"/>
      <annotation Category="Date" Value="2019-03-18" __Id="166" __Class="TE" __From="1" __To="10"/>
      <annotation Category="Year" __Id="171" __Class="Field" __From="311" __To="319"/>
      <annotation Category="Date" Value="2017" __Id="172" __Class="TE" __From="311" __To="319"/>
      <annotation Category="MonthName" __Id="173" __Class="Field" __From="429" __To="435"/>
      <annotation Through="DCT" U_Class="4" __Id="174" __Class="Restored" __From="429" __To="435"/>
      <annotation Category="Dur" Value="P8Y" __Id="176" __Class="TE" __From="490" __To="499"/>
      <annotation To="DCT" U_Class="7-DA" __Id="177" __Class="Anchored" __From="502" __To="521"/>
      <annotation Category="ShiftExp" Formula="AFTER,Dur,Anchor" __Id="179" __Class="TE" __From="502" __To="521"/>
      <annotation Category="Dur" Value="P8M" __Id="180" __Class="TE" __From="508" __To="521"/>
      <annotation Category="MonthName" __Id="181" __Class="Field" __From="562" __To="566"/>
      <annotation Category="Date" Value="2019-03" __Id="182" __Class="TE" __From="562" __To="577"/>
      <annotation To="DCT" U_Class="1-DA" __Id="183" __Class="Anchored" __From="568" __To="577"/>
      <annotation Category="Year" __Id="184" __Class="Field" __From="568" __To="577"/>
      <annotation Category="MonthName" __Id="186" __Class="Field" __From="611" __To="616"/>
      <annotation Through="DCT" U_Class="4" __Id="187" __Class="Restored" __From="611" __To="616"/>
      <annotation Category="Date" Value="2019-04" __Id="188" __Class="TE" __From="611" __To="616"/>
      <annotation To="Text" U_Class="7-A" __Id="189" __Class="Anchored" __From="632" __To="646"/>
      <annotation Category="ShiftExp" Formula="BEFORE,Dur,Anchor" __Id="190" __Class="TE" __From="632" __To="646"/>
      <annotation Category="Dur" Value="P1M" __Id="191" __Class="TE" __From="635" __To="639"/>
    </annotations>
    <relations>
      <relation __Id="0" __Class="AnchoredTo"><from><annotation __Id="190"/></from><to><annotation __Id="188"/></to></relation>
    </relations>
  </document>
</xml>
