<xml generator="AnnotationTools" format-version="1">
  <document>
    <text>
      <raw> 2019-03-23    Двое за сутки: Су-27 сопроводили бомбардировщики США    Российские Су-27 дважды сопроводили бомбардировщики США над Балтикой    Российские истребители два раза за сутки поднялись в небо для сопровождения американских бомбардировщиков, выполняющих полеты над нейтральными водами. Это делается для контроля воздушного пространства на значительном удалении от границ РФ. В последнее время самолеты ВВС США замечают рядом с территорией России довольно часто. В Кремле обратили внимание, что это не ведет к укреплению атмосферы безопасности.    Российские истребители Су-27 второй раз за сутки сопровождали бомбардировщики B-52H ВВС США над Балтийским морем, сообщает РИА «Новости» со ссылкой на Национальный центр управления обороны России.    «Два американских самолета были обнаружены российскими средствами контроля воздушного пространства на значительном удалении от государственной границы Российской Федерации и взяты на сопровождение», — указано в сообщении. Американские самолеты пролетали над нейтральными водами, а Су-27 не допустили их приближение к российской границе, отметил там.    В центре уточнили, что с 14 марта самолеты ВВС США выполнили уже семь полетов над Балтийским морем.    Ранее в этот день «Взгляд.ру» со ссылкой на данные авиационных ресурсов сообщил о пролете трех американских бомбардировщиков B-52H недалеко от границ Калининградской области. Самолеты пролетели с разницей в несколько часов, отмечает издание.    Во время полетов бомбардировщики находились на расстоянии 160-170 километров от морской границы России. Уточняется, что такие самолеты могут нести ядерное оружие.    В последнее время полеты американских бомбардировщиков рядом с границами России стали регулярными. Всего двумя днями ранее Министерство обороны опубликовало на своем YouTube-канале видеозапись, на которой видно, как российские истребители Су-27 сопровождают бомбардировщик B-52 над Балтийским морем.    В описании к ролику указано, что самолет ВВС США обнаружили средства контроля воздушного пространства. Тогда в воздух поднялись два Су-27 и сопроводили американский самолет.    Оба российских самолета вернулись на аэродром только после того, как бомбардировщик изменил траекторию полета и начал отдаляться от границ России, отмечается в сообщении.    Политолог Владимир Соловейчик уверен, что в данном случае российская сторона сделала все правильно, поскольку страна должна демонстрировать решительность в вопросе защиты своей территориальной целостности, не подпуская самолеты стран НАТО.    Эксперт подчеркнул, что небо РФ не полигон для отработки навыков летного состава военной авиации США. Он сказал ФАН, что действия российских боевых самолетов Су-27 и системы противовоздушной обороны (ПВО) в целом не просто оправданны, но и профессионально выполнены.    «Я сам три десятилетия тому назад проходил срочную службу в частях ПВО. Солдатом, потом сержантом. И прекрасно помню, насколько сложен был механизм контроля за приграничным воздушным пространством, как ответственна была реакция на приближение к нему самолетов стран НАТО, как сразу шел доклад наверх о возможной угрозе, насколько это было ответственно», — рассказал Соловейчик, отметив, что, судя по всему, нынешние военные только увеличили эти навыки.    Он отметил важность такого развития на фоне «наращивания военной угрозы вблизи границ РФ со стороны стран НАТО».    До этого стратегический бомбардировщик B-52H Stratofortress был замечен у границ Ленинградской области 18 марта. В ходе того полета американские пилоты сымитировали бомбардировку базы Балтийского флота и приблизились к Петербургу на 191 километр.    Тремя днями ранее стратегический бомбардировщик ВВС США снова приблизился к российским границам. По данным РИА «Новости», американский Boeing B-52H Stratofortress заметили в районе Балтики. Бомбардировщик пролетел у границ Польши и приблизился к Калининградской области.    На увеличение активности иностранных разведывательных самолетов и беспилотников у рубежей России обратила внимание газета «Красная звезда». По данным издания, только за прошедшую неделю воздушную разведку вдоль российских границ провел 21 летательный аппарат.    Газета сообщила, что истребителям дежурных сил ПВО пришлось четыре раза подниматься в воздух, благодаря чему они не допустили нарушения воздушного пространства России.    За неделю до этого российские военные замечали у своих границ 17 иностранных летательных аппаратов, проводивших разведывательную деятельность, также сообщала газета «Красная звезда» со ссылкой на данные Минобороны России.    Судя по опубликованной инфографике, дежурные силы ПВО за ту неделю выполнили три вылета для перехвата и сопровождения иностранных самолетов-разведчиков. В оборонном ведомстве также обратили внимание, что нарушений воздушного пространства России допущено не было.    В Кремле выразили сожаление из-за таких действий американской стороны. Пресс-секретарь российского президента Дмитрий Песков указал, что все это не ведет к укреплению атмосферы безопасности и стабильности в непосредственной близости от границ России.    https://www.gazeta.ru/army/2019/03/23/12261253.shtml</raw>
      <annotated> <DocCreationTime DayOfWeek="2019-W12-6"><TE Category="Date" Value="2019-03-23">2019-03-23</TE></DocCreationTime>    Двое за <TE Category="Dur" Value="P1D">сутки</TE>: Су-27 сопроводили бомбардировщики США    Российские Су-27 дважды сопроводили бомбардировщики США над Балтикой    Российские истребители два раза за <TE Category="Dur" Value="P1D">сутки</TE> поднялись в небо для сопровождения американских бомбардировщиков, выполняющих полеты над нейтральными водами. Это делается для контроля воздушного пространства на значительном удалении от границ РФ. В последнее время самолеты ВВС США замечают рядом с территорией России довольно часто. В Кремле обратили внимание, что это не ведет к укреплению атмосферы безопасности.    Российские истребители Су-27 второй раз за <TE Category="Dur" Value="P1D">сутки</TE> сопровождали бомбардировщики B-52H ВВС США над Балтийским морем, сообщает РИА «Новости» со ссылкой на Национальный центр управления обороны России.    «Два американских самолета были обнаружены российскими средствами контроля воздушного пространства на значительном удалении от государственной границы Российской Федерации и взяты на сопровождение», — указано в сообщении. Американские самолеты пролетали над нейтральными водами, а Су-27 не допустили их приближение к российской границе, отметил там.    В центре уточнили, что с <TE Category="Date" Value="2019-03-14"><Field Category="Day">14</Field> <Field Category="MonthName"><Restored Through="DCT" U_Class="4">марта</Restored></Field></TE> самолеты ВВС США выполнили уже семь полетов над Балтийским морем.    Ранее в <Anchored To="DCT" U_Class="1-DA"><Field Category="Day"><TE Category="Date" Value="2019-03-23">этот день</TE></Field></Anchored> «Взгляд.ру» со ссылкой на данные авиационных ресурсов сообщил о пролете трех американских бомбардировщиков B-52H недалеко от границ Калининградской области. Самолеты пролетели с разницей в несколько часов, отмечает издание.    Во время полетов бомбардировщики находились на расстоянии 160-170 километров от морской границы России. Уточняется, что такие самолеты могут нести ядерное оружие.    В последнее время полеты американских бомбардировщиков рядом с границами России стали регулярными. Всего <Anchored To="Text" U_Class="7-A"><TE Category="ShiftExp" Formula="BEFORE,Dur,DCT"><TE Category="Dur" Value="P2D">двумя днями</TE> ранее</TE></Anchored> Министерство обороны опубликовало на своем YouTube-канале видеозапись, на которой видно, как российские истребители Су-27 сопровождают бомбардировщик B-52 над Балтийским морем.    В описании к ролику указано, что самолет ВВС США обнаружили средства контроля воздушного пространства. Тогда в воздух поднялись два Су-27 и сопроводили американский самолет.    Оба российских самолета вернулись на аэродром только после того, как бомбардировщик изменил траекторию полета и начал отдаляться от границ России, отмечается в сообщении.    Политолог Владимир Соловейчик уверен, что в данном случае российская сторона сделала все правильно, поскольку страна должна демонстрировать решительность в вопросе защиты своей территориальной целостности, не подпуская самолеты стран НАТО.    Эксперт подчеркнул, что небо РФ не полигон для отработки навыков летного состава военной авиации США. Он сказал ФАН, что действия российских боевых самолетов Су-27 и системы противовоздушной обороны (ПВО) в целом не просто оправданны, но и профессионально выполнены.    «Я сам <TE Category="ShiftExp" Formula="BEFORE,Dur,DCT"><TE Category="Dur" Value="P3DE">три десятилетия</TE> тому назад</TE> проходил срочную службу в частях ПВО. Солдатом, потом сержантом. И прекрасно помню, насколько сложен был механизм контроля за приграничным воздушным пространством, как ответственна была реакция на приближение к нему самолетов стран НАТО, как сразу шел доклад наверх о возможной угрозе, насколько это было ответственно», — рассказал Соловейчик, отметив, что, судя по всему, нынешние военные только увеличили эти навыки.    Он отметил важность такого развития на фоне «наращивания военной угрозы вблизи границ РФ со стороны стран НАТО».    До этого стратегический бомбардировщик B-52H Stratofortress был замечен у границ Ленинградской области <TE Category="Date" Value="2019-03-18"><Field Category="Day">18</Field> <Field Category="MonthName"><Restored Through="DCT" U_Class="4">марта</Restored></Field></TE>. В ходе того полета американские пилоты сымитировали бомбардировку базы Балтийского флота и приблизились к Петербургу на 191 километр.    <Anchored To="Text" U_Class="7-A"><TE Category="ShiftExp" Formula="BEFORE,Dur,Anchor"><TE Category="Dur" Value="P3D">Тремя днями</TE> ранее</TE></Anchored> стратегический бомбардировщик ВВС США снова приблизился к российским границам. По данным РИА «Новости», американский Boeing B-52H Stratofortress заметили в районе Балтики. Бомбардировщик пролетел у границ Польши и приблизился к Калининградской области.    На увеличение активности иностранных разведывательных самолетов и беспилотников у рубежей России обратила внимание газета «Красная звезда». По данным издания, только за <Anchored To="DCT" U_Class="2-D"><Field Category="Week"><TE Category="Date" Value="2019-W12">прошедшую неделю</TE></Field></Anchored> воздушную разведку вдоль российских границ провел 21 летательный аппарат.    Газета сообщила, что истребителям дежурных сил ПВО пришлось четыре раза подниматься в воздух, благодаря чему они не допустили нарушения воздушного пространства России.    <Anchored To="Text" U_Class="7-A"><TE Category="ShiftExp" Formula="BEFORE,Dur,Anchor">За <TE Category="Dur" Value="P1W">неделю</TE></TE></Anchored> до <TE Category="Event">этого</TE> российские военные замечали у своих границ 17 иностранных летательных аппаратов, проводивших разведывательную деятельность, также сообщала газета «Красная звезда» со ссылкой на данные Минобороны России.    Судя по опубликованной инфографике, дежурные силы ПВО за <Anchored To="DCT" U_Class="1-DA"><Field Category="Week"><TE Category="Date" Value="2019-W11">ту неделю</TE></Field></Anchored> выполнили три вылета для перехвата и сопровождения иностранных самолетов-разведчиков. В оборонном ведомстве также обратили внимание, что нарушений воздушного пространства России допущено не было.    В Кремле выразили сожаление из-за таких действий американской стороны. Пресс-секретарь российского президента Дмитрий Песков указал, что все это не ведет к укреплению атмосферы безопасности и стабильности в непосредственной близости от границ России.    https://www.gazeta.ru/army/2019/03/23/12261253.shtml</annotated>
    </text>
    <annotations>
      <annotation DayOfWeek="2019-W12-6" __Id="875" __Class="DocCreationTime" __From="1" __To="10"/>
      <annotation Category="Date" Value="2019-03-23" __Id="876" __Class="TE" __From="1" __To="10"/>
      <annotation Category="Dur" Value="P1D" __Id="878" __Class="TE" __From="23" __To="27"/>
      <annotation Category="Dur" Value="P1D" __Id="881" __Class="TE" __From="178" __To="182"/>
      <annotation Category="Dur" Value="P1D" __Id="886" __Class="TE" __From="598" __To="602"/>
      <annotation Category="Day" __Id="890" __Class="Field" __From="1133" __To="1134"/>
      <annotation Category="Date" Value="2019-03-14" __Id="891" __Class="TE" __From="1133" __To="1140"/>
      <annotation Category="MonthName" __Id="892" __Class="Field" __From="1136" __To="1140"/>
      <annotation Through="DCT" U_Class="4" __Id="893" __Class="Restored" __From="1136" __To="1140"/>
      <annotation To="DCT" U_Class="1-DA" __Id="895" __Class="Anchored" __From="1219" __To="1227"/>
      <annotation Category="Day" __Id="896" __Class="Field" __From="1219" __To="1227"/>
      <annotation Category="Date" Value="2019-03-23" __Id="897" __Class="TE" __From="1219" __To="1227"/>
      <annotation To="Text" U_Class="7-A" __Id="904" __Class="Anchored" __From="1727" __To="1743"/>
      <annotation Category="ShiftExp" Formula="BEFORE,Dur,DCT" __Id="905" __Class="TE" __From="1727" __To="1743"/>
      <annotation Category="Dur" Value="P2D" __Id="906" __Class="TE" __From="1727" __To="1737"/>
      <annotation Category="ShiftExp" Formula="BEFORE,Dur,DCT" __Id="914" __Class="TE" __From="2796" __To="2821"/>
      <annotation Category="Dur" Value="P3DE" __Id="915" __Class="TE" __From="2796" __To="2810"/>
      <annotation Category="Day" __Id="920" __Class="Field" __From="3464" __To="3465"/>
      <annotation Category="Date" Value="2019-03-18" __Id="921" __Class="TE" __From="3464" __To="3471"/>
      <annotation Category="MonthName" __Id="922" __Class="Field" __From="3467" __To="3471"/>
      <annotation Through="DCT" U_Class="4" __Id="923" __Class="Restored" __From="3467" __To="3471"/>
      <annotation To="Text" U_Class="7-A" __Id="926" __Class="Anchored" __From="3611" __To="3627"/>
      <annotation Category="ShiftExp" Formula="BEFORE,Dur,Anchor" __Id="927" __Class="TE" __From="3611" __To="3627"/>
      <annotation Category="Dur" Value="P3D" __Id="928" __Class="TE" __From="3611" __To="3621"/>
      <annotation To="DCT" U_Class="2-D" __Id="933" __Class="Anchored" __From="4054" __To="4069"/>
      <annotation Category="Week" __Id="934" __Class="Field" __From="4054" __To="4069"/>
      <annotation Category="Date" Value="2019-W12" __Id="935" __Class="TE" __From="4054" __To="4069"/>
      <annotation To="Text" U_Class="7-A" __Id="938" __Class="Anchored" __From="4319" __To="4327"/>
      <annotation Category="ShiftExp" Formula="BEFORE,Dur,Anchor" __Id="939" __Class="TE" __From="4319" __To="4327"/>
      <annotation Category="Dur" Value="P1W" __Id="940" __Class="TE" __From="4322" __To="4327"/>
      <annotation Category="Event" __Id="941" __Class="TE" __From="4332" __To="4336"/>
      <annotation To="DCT" U_Class="1-DA" __Id="943" __Class="Anchored" __From="4601" __To="4609"/>
      <annotation Category="Week" __Id="944" __Class="Field" __From="4601" __To="4609"/>
      <annotation Category="Date" Value="2019-W11" __Id="945" __Class="TE" __From="4601" __To="4609"/>
    </annotations>
    <relations>
      <relation __Id="0" __Class="AnchoredTo"><from><annotation __Id="927"/></from><to><annotation __Id="921"/></to></relation>
      <relation __Id="1" __Class="AnchoredTo"><from><annotation __Id="939"/></from><to><annotation __Id="941"/></to></relation>
    </relations>
  </document>
</xml>
