<xml generator="AnnotationTools" target="public" format-version="1">
  <document>
    <text>
      <raw> 2019-03-06    Эксперты: число мультимиллионеров в России вырастет за пять лет на четверть    МОСКВА, 6 мар - РИА Недвижимость. Число сверхбогатых людей в России увеличится на четверть в течение ближайших пяти лет, рассказала в среду журналистам директор по зарубежной недвижимости и частным инвестициям консалтинговой компании Knight Frank Марина Шалаева.    К сверхбогатым (&quot;ультрахайнетам&quot;) компания относит тех, чье личное состояние превышает 30 миллионов долларов.    Она уточнила, в течение ближайших пяти лет количество сверхбогатых в России вырастет на 24% - до 1,86 тысячи человек, 1,24 тысячи из них будут будут проживать в Москве, 130 – в Санкт-Петербурге.  По ее словам, по итогам 2018 года Россия лидирует по темпам роста числа сверхбогатых людей, их количество увеличилось на 7%. Аналогичные показатели только у Индии (7%) и Замбии (6%).    По числу долларовых миллиардеров Россия заняла в 2018 году, по данным Knight Frank, пятое место в мире. Компания прогнозирует, что их число в стране в 2023 году достигнет 124, увеличившись на 23%.  По количеству миллиардеров по итогам прошлого года в мире лидируют США (585 человек), Китай (373 человека) и Индия (119 человек). Предполагается, что активный прирост миллиардеров продолжится по всему миру и через пять лет их количество увеличится на 21% – до 2696 человек, добавила Шалаева.    https://realty.ria.ru/20190306/1551584830.html</raw>
      <annotated> <DocCreationTime DayOfWeek="2019-W10-3"><TE Category="Date" Value="2019-03-06">2019-03-06</TE></DocCreationTime>    Эксперты: число мультимиллионеров в России вырастет за <TE Category="Dur" Value="P5Y">пять лет</TE> на четверть    МОСКВА, <TE Category="Date" Value="2019-03-06"><Field Category="Day">6</Field> <Field Category="MonthName"><Restored Through="DCT" U_Class="4">мар</Restored></Field></TE> - РИА Недвижимость. Число сверхбогатых людей в России увеличится на четверть в течение ближайших <TE Category="Dur" Value="P5Y">пяти лет</TE>, рассказала в <Field Category="DayOfWeek"><Restored Through="DCT" U_Class="4"><TE Category="Date" Value="2019-W10-3">среду</TE></Restored></Field> журналистам директор по зарубежной недвижимости и частным инвестициям консалтинговой компании Knight Frank Марина Шалаева.    К сверхбогатым (&quot;ультрахайнетам&quot;) компания относит тех, чье личное состояние превышает 30 миллионов долларов.    Она уточнила, в течение ближайших <TE Category="Dur" Value="P5Y">пяти лет</TE> количество сверхбогатых в России вырастет на 24% - до 1,86 тысячи человек, 1,24 тысячи из них будут будут проживать в Москве, 130 – в Санкт-Петербурге.  По ее словам, по итогам <Field Category="Year"><TE Category="Date" Value="2018">2018 года</TE></Field> Россия лидирует по темпам роста числа сверхбогатых людей, их количество увеличилось на 7%. Аналогичные показатели только у Индии (7%) и Замбии (6%).    По числу долларовых миллиардеров Россия заняла в <Field Category="Year"><TE Category="Date" Value="2018">2018 году</TE></Field>, по данным Knight Frank, пятое место в мире. Компания прогнозирует, что их число в стране в <Field Category="Year"><TE Category="Date" Value="2023">2023 году</TE></Field> достигнет 124, увеличившись на 23%.  По количеству миллиардеров по итогам <Anchored To="DCT" U_Class="1-D"><Field Category="Year"><TE Category="Date" Value="2018">прошлого года</TE></Field></Anchored> в мире лидируют США (585 человек), Китай (373 человека) и Индия (119 человек). Предполагается, что активный прирост миллиардеров продолжится по всему миру и <Anchored To="DCT" U_Class="7-DA"><TE Category="ShiftExp" Formula="AFTER,Dur,DCT">через <TE Category="Dur" Value="P5Y">пять лет</TE></TE></Anchored> их количество увеличится на 21% – до 2696 человек, добавила Шалаева.    https://realty.ria.ru/20190306/1551584830.html</annotated>
    </text>
    <annotations>
      <annotation DayOfWeek="2019-W10-3" __Id="290" __Class="DocCreationTime" __From="1" __To="10"/>
      <annotation Category="Date" Value="2019-03-06" __Id="291" __Class="TE" __From="1" __To="10"/>
      <annotation Category="Dur" Value="P5Y" __Id="293" __Class="TE" __From="70" __To="77"/>
      <annotation Category="Day" __Id="295" __Class="Field" __From="102" __To="102"/>
      <annotation Category="Date" Value="2019-03-06" __Id="296" __Class="TE" __From="102" __To="106"/>
      <annotation Category="MonthName" __Id="297" __Class="Field" __From="104" __To="106"/>
      <annotation Through="DCT" U_Class="4" __Id="298" __Class="Restored" __From="104" __To="106"/>
      <annotation Category="Dur" Value="P5Y" __Id="300" __Class="TE" __From="205" __To="212"/>
      <annotation Category="DayOfWeek" __Id="301" __Class="Field" __From="228" __To="232"/>
      <annotation Through="DCT" U_Class="4" __Id="302" __Class="Restored" __From="228" __To="232"/>
      <annotation Category="Date" Value="2019-W10-3" __Id="303" __Class="TE" __From="228" __To="232"/>
      <annotation Category="Dur" Value="P5Y" __Id="306" __Class="TE" __From="517" __To="524"/>
      <annotation Category="Year" __Id="308" __Class="Field" __From="703" __To="711"/>
      <annotation Category="Date" Value="2018" __Id="309" __Class="TE" __From="703" __To="711"/>
      <annotation Category="Year" __Id="312" __Class="Field" __From="914" __To="922"/>
      <annotation Category="Date" Value="2018" __Id="313" __Class="TE" __From="914" __To="922"/>
      <annotation Category="Year" __Id="315" __Class="Field" __From="1016" __To="1024"/>
      <annotation Category="Date" Value="2023" __Id="316" __Class="TE" __From="1016" __To="1024"/>
      <annotation To="DCT" U_Class="1-D" __Id="318" __Class="Anchored" __From="1100" __To="1112"/>
      <annotation Category="Year" __Id="319" __Class="Field" __From="1100" __To="1112"/>
      <annotation Category="Date" Value="2018" __Id="320" __Class="TE" __From="1100" __To="1112"/>
      <annotation To="DCT" U_Class="7-DA" __Id="322" __Class="Anchored" __From="1271" __To="1284"/>
      <annotation Category="ShiftExp" Formula="AFTER,Dur,DCT" __Id="323" __Class="TE" __From="1271" __To="1284"/>
      <annotation Category="Dur" Value="P5Y" __Id="324" __Class="TE" __From="1277" __To="1284"/>
    </annotations>
    <relations>
    </relations>
  </document>
</xml>
