<xml generator="AnnotationTools" format="public" version="1">
  <document>
    <text>
      <raw> 2019-03-14    Чёрные ящики разбившегося в Эфиопии Boeing доставили во Францию    Бортовые устройства регистрации 737 MAX8 будут направлены на расшифровку.    Ранее Росавиация запретила полёты самолётов этой модели в воздушном пространстве России. Накануне компания Boeing призвала приостановить полёты лайнеров 737 MAX по всему миру.    10 марта Boeing потерпел крушение в Эфиопии. Погибли 157 человек. Полгода назад такой же самолёт разбился в Индонезии.    https://govoritmoskva.ru/news/191586/</raw>
      <annotated> <DocCreationTime DayOfWeek="2019-W11-4"><TE Category="Date" Value="2019-03-14">2019-03-14</TE></DocCreationTime>    Чёрные ящики разбившегося в Эфиопии Boeing доставили во Францию    Бортовые устройства регистрации 737 MAX8 будут направлены на расшифровку.    Ранее Росавиация запретила полёты самолётов этой модели в воздушном пространстве России. <Field Category="Day"><TE Category="Date" Value="2019-03-13">Накануне</TE></Field> компания Boeing призвала приостановить полёты лайнеров 737 MAX по всему миру.    <TE Category="Date" Value="2019-03-10"><Field Category="Day">10</Field> <Field Category="MonthName">марта</Field></TE> Boeing потерпел крушение в Эфиопии. Погибли 157 человек. <TE Category="ShiftExp" Formula="BEFORE,Dur,DCT"><TE Category="Dur" Value="P0.5Y">Полгода</TE> назад</TE> такой же самолёт разбился в Индонезии.    https://govoritmoskva.ru/news/191586/</annotated>
    </text>
<!-- NOTE: Annotation boundaries below corresponds to text without XHTML-entities encoding. -->
    <annotations>
      <annotation DayOfWeek="2019-W11-4" __Id="99" __Class="DocCreationTime" __From="1" __To="10"/>
      <annotation Category="Date" Value="2019-03-14" __Id="100" __Class="TE" __From="1" __To="10"/>
      <annotation Category="Day" __Id="105" __Class="Field" __From="248" __To="255"/>
      <annotation Category="Date" Value="2019-03-13" __Id="107" __Class="TE" __From="248" __To="255"/>
      <annotation Category="Day" __Id="109" __Class="Field" __From="338" __To="339"/>
      <annotation Category="Date" Value="2019-03-10" __Id="110" __Class="TE" __From="338" __To="345"/>
      <annotation Category="MonthName" __Id="111" __Class="Field" __From="341" __To="345"/>
      <annotation Category="ShiftExp" Formula="BEFORE,Dur,DCT" __Id="116" __Class="TE" __From="404" __To="416"/>
      <annotation Category="Dur" Value="P0.5Y" __Id="117" __Class="TE" __From="404" __To="410"/>
    </annotations>
    <relations>
    </relations>
  </document>
</xml>
