<xml generator="AnnotationTools" target="public" format-version="1">
  <document>
    <text>
      <raw> 2019-03-25    Дональд Трамп подписал декларацию о признании Голанских высот частью Израиля.     Территория принадлежала Сирии с 1944 по 1967 год, а затем была захвачена в ходе Шестидневной войны еврейским государством. Позиция ЕС и Великобритании неизменна — суверенитет над территорией не признается, МИД РФ не поддерживает изменение статуса Голан в обход Совета Безопасности ООН, критикует решение и Турция. Символический жест американского президента накануне выборов в Кнессет стал как будто подарок для премьер-министра Биньямина Нетаньяху. Но агитационное выступление и визит в США пришлось прервать из-за обострения в регионе.    Утром из южной части сектора Газа была выпущена ракета, которая попала в поселок к северу от Тель-Авива. Ни палестинское движение «Хамас», ни группировка «Исламский джихад» не взяли на себя ответственность за обстрел. Тем не менее эксперты не исключают, что «Хамас» выгодно использовать ситуацию, чтобы отвлечь внимание от социальных протестов, которые жестко разгонялись. Десять дней назад Иерусалим ответил на две палестинские ракеты, выпущенные по Тель-Авиву, атаковав почти сто объектов «Хамаса» в секторе Газа. Сейчас приняты меры, в долгосрочной перспективе грозящие блокадой.    Главный политический соперник Нетаньяху на выборах, один из лидеров центристского блока «Кахоль-Лаван» и бывший начальник Генштаба Бенни Ганц обвинил его в неспособности обеспечить безопасность израильтян. Дополнительное давление на его позиции оказывают попытки предъявить обвинения в коррупции.    https://www.kommersant.ru/doc/3854145</raw>
      <annotated> <DocCreationTime DayOfWeek="2019-W13-1"><TE Category="Date" Value="2019-03-25">2019-03-25</TE></DocCreationTime>    Дональд Трамп подписал декларацию о признании Голанских высот частью Израиля.     Территория принадлежала Сирии с <Field Category="Year"><TE Category="Date" Value="1944">1944</TE></Field> по <Field Category="Year"><TE Category="Date" Value="1967">1967 год</TE></Field>, а затем была захвачена в ходе Шестидневной войны еврейским государством. Позиция ЕС и Великобритании неизменна — суверенитет над территорией не признается, МИД РФ не поддерживает изменение статуса Голан в обход Совета Безопасности ООН, критикует решение и Турция. Символический жест американского президента <Anchored To="Text" U_Class="7-A">накануне</Anchored> выборов в Кнессет стал как будто подарок для премьер-министра Биньямина Нетаньяху. Но агитационное выступление и визит в США пришлось прервать из-за обострения в регионе.    Утром из южной части сектора Газа была выпущена ракета, которая попала в поселок к северу от Тель-Авива. Ни палестинское движение «Хамас», ни группировка «Исламский джихад» не взяли на себя ответственность за обстрел. Тем не менее эксперты не исключают, что «Хамас» выгодно использовать ситуацию, чтобы отвлечь внимание от социальных протестов, которые жестко разгонялись. <Anchored To="DCT" U_Class="7-D"><TE Category="ShiftExp" Formula="BEFORE,Dur,DCT"><TE Category="Dur" Value="P10D">Десять дней</TE> назад</TE></Anchored> Иерусалим ответил на две палестинские ракеты, выпущенные по Тель-Авиву, атаковав почти сто объектов «Хамаса» в секторе Газа. Сейчас приняты меры, в долгосрочной перспективе грозящие блокадой.    Главный политический соперник Нетаньяху на выборах, один из лидеров центристского блока «Кахоль-Лаван» и бывший начальник Генштаба Бенни Ганц обвинил его в неспособности обеспечить безопасность израильтян. Дополнительное давление на его позиции оказывают попытки предъявить обвинения в коррупции.    https://www.kommersant.ru/doc/3854145</annotated>
    </text>
    <annotations>
      <annotation DayOfWeek="2019-W13-1" __Id="273" __Class="DocCreationTime" __From="1" __To="10"/>
      <annotation Category="Date" Value="2019-03-25" __Id="274" __Class="TE" __From="1" __To="10"/>
      <annotation Category="Year" __Id="277" __Class="Field" __From="129" __To="132"/>
      <annotation Category="Date" Value="1944" __Id="278" __Class="TE" __From="129" __To="132"/>
      <annotation Category="Year" __Id="279" __Class="Field" __From="137" __To="144"/>
      <annotation Category="Date" Value="1967" __Id="280" __Class="TE" __From="137" __To="144"/>
      <annotation To="Text" U_Class="7-A" __Id="283" __Class="Anchored" __From="455" __To="462"/>
      <annotation To="DCT" U_Class="7-D" __Id="288" __Class="Anchored" __From="1011" __To="1027"/>
      <annotation Category="ShiftExp" Formula="BEFORE,Dur,DCT" __Id="290" __Class="TE" __From="1011" __To="1027"/>
      <annotation Category="Dur" Value="P10D" __Id="291" __Class="TE" __From="1011" __To="1021"/>
    </annotations>
    <relations>
    </relations>
  </document>
</xml>
