<xml generator="AnnotationTools" format-version="1">
  <document>
    <text>
      <raw> 2019-03-18    Водитель «ВАЗа» сбил в Тверской области пешехода и скрылся    В настоящий момент сотрудники Госавтоинспекции ведут поиски водителя    Неустановленный водитель «ВАЗа» сбил в Калязине Тверской области пешехода и скрылся с места дорожно-транспортного происшествия. Об этом сообщили в пресс-службе регионального УГИБДД.    По данным пресс-службы, 15 марта на улице Карла Маркса в Калязине неустановленный водитель «ВАЗа» синего цвета сбил 39-летнего мужчину, который шёл по правой обочине. После ДТП водитель скрылся.    Пешеход только спустя двое суток обратился за помощью в больницу. Мужчина госпитализирован.    В настоящий момент сотрудники Госавтоинспекции ведут поиски водителя.    http://www.tver.aif.ru/incidents/crash/voditel vaza sbil v tverskoy oblasti peshehoda i skrylsya</raw>
      <annotated> <DocCreationTime DayOfWeek="2019-W12-1"><TE Category="Date" Value="2019-03-18">2019-03-18</TE></DocCreationTime>    Водитель «ВАЗа» сбил в Тверской области пешехода и скрылся    В настоящий момент сотрудники Госавтоинспекции ведут поиски водителя    Неустановленный водитель «ВАЗа» сбил в Калязине Тверской области пешехода и скрылся с места дорожно-транспортного происшествия. Об этом сообщили в пресс-службе регионального УГИБДД.    По данным пресс-службы, <TE Category="Date" Value="2019-03-15"><Field Category="Day">15</Field> <Field Category="MonthName"><Restored Through="DCT" U_Class="4">марта</Restored></Field></TE> на улице Карла Маркса в Калязине неустановленный водитель «ВАЗа» синего цвета сбил 39-летнего мужчину, который шёл по правой обочине. После ДТП водитель скрылся.    Пешеход только <Anchored To="DCT" U_Class="7-DA"><TE Category="ShiftExp" Formula="AFTER,Dur,Anchor">спустя <TE Category="Dur" Value="P2D">двое суток</TE></TE></Anchored> обратился за помощью в больницу. Мужчина госпитализирован.    В настоящий момент сотрудники Госавтоинспекции ведут поиски водителя.    http://www.tver.aif.ru/incidents/crash/voditel vaza sbil v tverskoy oblasti peshehoda i skrylsya</annotated>
    </text>
    <annotations>
      <annotation DayOfWeek="2019-W12-1" __Id="154" __Class="DocCreationTime" __From="1" __To="10"/>
      <annotation Category="Date" Value="2019-03-18" __Id="155" __Class="TE" __From="1" __To="10"/>
      <annotation Category="Day" __Id="161" __Class="Field" __From="358" __To="359"/>
      <annotation Category="Date" Value="2019-03-15" __Id="162" __Class="TE" __From="358" __To="365"/>
      <annotation Category="MonthName" __Id="163" __Class="Field" __From="361" __To="365"/>
      <annotation Through="DCT" U_Class="4" __Id="164" __Class="Restored" __From="361" __To="365"/>
      <annotation To="DCT" U_Class="7-DA" __Id="167" __Class="Anchored" __From="547" __To="563"/>
      <annotation Category="ShiftExp" Formula="AFTER,Dur,Anchor" __Id="168" __Class="TE" __From="547" __To="563"/>
      <annotation Category="Dur" Value="P2D" __Id="169" __Class="TE" __From="554" __To="563"/>
    </annotations>
    <relations>
      <relation __Id="0" __Class="AnchoredTo"><from><annotation __Id="168"/></from><to><annotation __Id="162"/></to></relation>
    </relations>
  </document>
</xml>
