<xml generator="AnnotationTools" format="public" version="1">
  <document>
    <text>
      <raw> 2019-03-12    Тимошенко обвинила Генпрокуратуру и СБУ в покрывательстве коррупции в оборонном секторе  Кандидат в президенты Украины заявила, что Верховная рада замалчивает данные по скандалу вокруг госпредприятия &amp;quot;Укроборонпром&amp;quot;    КИЕВ, 12 марта. /ТАСС/. Глава фракции &amp;quot;Батькивщина&amp;quot; в Верховной раде и кандидат в президенты Украины Юлия Тимошенко обвинила Генеральную прокуратуру Украины и Службу безопасности Украины (СБУ) в покрывательстве и содействию коррупции и отмыванию средств в оборонном секторе.    &amp;quot;Открылись новые данные (по скандалу вокруг государственного предприятия &amp;quot;Укроборонпром&amp;quot; - прим. ТАСС) о том, как руководство Генеральной прокуратуры и Службы безопасности Украины были полностью втянуты в махинации... им платили взятки и откаты&amp;quot;, - сказала Тимошенко во вторник на пленарном заседании парламента. По ее словам, эти две силовые структуры &amp;quot;были в доле и в деле&amp;quot;.    &amp;quot;Это шокирующая информация, но она замалчивается Верховной радой. Мы требуем вновь безотлагательно рассмотреть вопрос о создании временной следственной комиссии&amp;quot;, - заявила лидер фракции.    Накануне Тимошенко призвала действующего украинского президента Петра Порошенко снять свою кандидатуру с выборов и обвинила в коррупции и отмывании средств в оборонном секторе. Она заверила, что после президентских выборов, которые состоятся 31 марта, Порошенко и его подельники будут привлечены к уголовной ответственности за коррупцию в армии и отмывание и выведение средств через свои предприятия в офшоры.    По словам Тимошенко, Порошенко, в частности, связан с коррупцией в оборонной сфере через ранее принадлежавшее ему предприятие &amp;quot;Кузница на Рыбальском&amp;quot; и корпорацию &amp;quot;Богдан&amp;quot;. Однако, указала Тимошенко, в парламенте страны покрываются сделки, связанные с &amp;quot;оборонными средствами&amp;quot;, в частности, инициатива &amp;quot;Батькивщины о создании временной следственной комиссии в парламенте не была поддержана.    Скандал в оборонке    Скандал вокруг государственного предприятия &amp;quot;Укроборонпром&amp;quot; произошел за три недели до очередных президентских выборов на Украине. Согласно результатам журналистского расследования, в оборонной сфере действовали теневые схемы, которые через подставные фирмы с участием высокопоставленных чиновников позволяли оборонным предприятиям страны втридорога поставлять запчасти с украинских же военных складов, а часть якобы из России. При этом в коррупционных сделках участвовали близкие к президенту Украины Петру Порошенко должностные лица, в частности сын первого заместителя секретаря Совета национальной безопасности и обороны Олега Гладковского Игорь.    В условиях приближающихся президентских выборов Порошенко уволил Олега Гладковского и даже предложил ввести с состав наблюдательного совета государственного оборонного предприятия &amp;quot;Укроборонпром&amp;quot; представителей НАТО. Одновременно руководство &amp;quot;Укроборонпрома&amp;quot; отстранило директоров двух своих предприятий - директора ГП &amp;quot;Харьковское конструкторское бюро по машиностроению имени А. А. Морозова&amp;quot; Алексея Бабича и директора ГП &amp;quot;Изюмский приборостроительный завод&amp;quot; Сергея Филоненко.    Национальное антикоррупционное бюро Украины (НАБУ) возбудило уголовные дела в отношении нескольких чиновников. По словам главы НАБУ Артема Сытника, общие убытки от коррупционных схем в военно-промышленном комплексе составили около 1 млрд гривен ($37,8 млн).    https://tass.ru/mezhdunarodnaya-panorama/6208872</raw>
      <annotated> <DocCreationTime DayOfWeek="2019-W11-2"><TE Category="Date" Value="2019-03-12">2019-03-12</TE></DocCreationTime>    Тимошенко обвинила Генпрокуратуру и СБУ в покрывательстве коррупции в оборонном секторе  Кандидат в президенты Украины заявила, что Верховная рада замалчивает данные по скандалу вокруг госпредприятия &amp;quot;Укроборонпром&amp;quot;    КИЕВ, <TE Category="Date" Value="2019-03-12"><Field Category="Day">12</Field> <Field Category="MonthName">марта</Field></TE>. /ТАСС/. Глава фракции &amp;quot;Батькивщина&amp;quot; в Верховной раде и кандидат в президенты Украины Юлия Тимошенко обвинила Генеральную прокуратуру Украины и Службу безопасности Украины (СБУ) в покрывательстве и содействию коррупции и отмыванию средств в оборонном секторе.    &amp;quot;Открылись новые данные (по скандалу вокруг государственного предприятия &amp;quot;Укроборонпром&amp;quot; - прим. ТАСС) о том, как руководство Генеральной прокуратуры и Службы безопасности Украины были полностью втянуты в махинации... им платили взятки и откаты&amp;quot;, - сказала Тимошенко во <Field Category="DayOfWeek"><TE Category="Date" Value="2019-W11-2">вторник</TE></Field> на пленарном заседании парламента. По ее словам, эти две силовые структуры &amp;quot;были в доле и в деле&amp;quot;.    &amp;quot;Это шокирующая информация, но она замалчивается Верховной радой. Мы требуем вновь безотлагательно рассмотреть вопрос о создании временной следственной комиссии&amp;quot;, - заявила лидер фракции.    <TE Category="Date" Value="2019-03-11">Накануне</TE> Тимошенко призвала действующего украинского президента Петра Порошенко снять свою кандидатуру с выборов и обвинила в коррупции и отмывании средств в оборонном секторе. Она заверила, что после президентских выборов, которые состоятся <TE Category="Date" Value="2019-03-31"><Field Category="Day">31</Field> <Field Category="MonthName">марта</Field></TE>, Порошенко и его подельники будут привлечены к уголовной ответственности за коррупцию в армии и отмывание и выведение средств через свои предприятия в офшоры.    По словам Тимошенко, Порошенко, в частности, связан с коррупцией в оборонной сфере через ранее принадлежавшее ему предприятие &amp;quot;Кузница на Рыбальском&amp;quot; и корпорацию &amp;quot;Богдан&amp;quot;. Однако, указала Тимошенко, в парламенте страны покрываются сделки, связанные с &amp;quot;оборонными средствами&amp;quot;, в частности, инициатива &amp;quot;Батькивщины о создании временной следственной комиссии в парламенте не была поддержана.    Скандал в оборонке    Скандал вокруг государственного предприятия &amp;quot;Укроборонпром&amp;quot; произошел <TE Category="ShiftExp" Formula="BEFORE,Dur,Anchor">за <TE Category="Dur" Value="P3W">три недели</TE></TE> до очередных президентских <TE Category="Event">выборов</TE> на Украине. Согласно результатам журналистского расследования, в оборонной сфере действовали теневые схемы, которые через подставные фирмы с участием высокопоставленных чиновников позволяли оборонным предприятиям страны втридорога поставлять запчасти с украинских же военных складов, а часть якобы из России. При этом в коррупционных сделках участвовали близкие к президенту Украины Петру Порошенко должностные лица, в частности сын первого заместителя секретаря Совета национальной безопасности и обороны Олега Гладковского Игорь.    В условиях приближающихся президентских выборов Порошенко уволил Олега Гладковского и даже предложил ввести с состав наблюдательного совета государственного оборонного предприятия &amp;quot;Укроборонпром&amp;quot; представителей НАТО. Одновременно руководство &amp;quot;Укроборонпрома&amp;quot; отстранило директоров двух своих предприятий - директора ГП &amp;quot;Харьковское конструкторское бюро по машиностроению имени А. А. Морозова&amp;quot; Алексея Бабича и директора ГП &amp;quot;Изюмский приборостроительный завод&amp;quot; Сергея Филоненко.    Национальное антикоррупционное бюро Украины (НАБУ) возбудило уголовные дела в отношении нескольких чиновников. По словам главы НАБУ Артема Сытника, общие убытки от коррупционных схем в военно-промышленном комплексе составили около 1 млрд гривен ($37,8 млн).    https://tass.ru/mezhdunarodnaya-panorama/6208872</annotated>
    </text>
<!-- NOTE: Annotation boundaries below corresponds to text without XHTML-entities encoding. -->
    <annotations>
      <annotation DayOfWeek="2019-W11-2" __Id="554" __Class="DocCreationTime" __From="1" __To="10"/>
      <annotation Category="Date" Value="2019-03-12" __Id="555" __Class="TE" __From="1" __To="10"/>
      <annotation Category="Day" __Id="559" __Class="Field" __From="250" __To="251"/>
      <annotation Category="Date" Value="2019-03-12" __Id="560" __Class="TE" __From="250" __To="257"/>
      <annotation Category="MonthName" __Id="561" __Class="Field" __From="253" __To="257"/>
      <annotation Category="DayOfWeek" __Id="568" __Class="Field" __From="822" __To="828"/>
      <annotation Category="Date" Value="2019-W11-2" __Id="570" __Class="TE" __From="822" __To="828"/>
      <annotation Category="Date" Value="2019-03-11" __Id="576" __Class="TE" __From="1143" __To="1150"/>
      <annotation Category="Day" __Id="578" __Class="Field" __From="1385" __To="1386"/>
      <annotation Category="Date" Value="2019-03-31" __Id="579" __Class="TE" __From="1385" __To="1392"/>
      <annotation Category="MonthName" __Id="580" __Class="Field" __From="1388" __To="1392"/>
      <annotation Category="ShiftExp" Formula="BEFORE,Dur,Anchor" __Id="587" __Class="TE" __From="2086" __To="2098"/>
      <annotation Category="Dur" Value="P3W" __Id="588" __Class="TE" __From="2089" __To="2098"/>
      <annotation Category="Event" __Id="589" __Class="TE" __From="2127" __To="2133"/>
    </annotations>
    <relations>
      <relation __Id="0" __Class="AnchoredTo"><from><annotation __Id="587"/></from><to><annotation __Id="589"/></to></relation>
    </relations>
  </document>
</xml>
