<xml generator="AnnotationTools" target="public" format-version="1">
  <document>
    <text>
      <raw> 2018-01-30    На Алтае мать бросила дочку на улице, а потом через суд забрала у опекунов    Приемные родители пытаются оспорить судебные решения    Барнаул, 30 января - АиФ-Алтай.     Жительница Республики Алтай выбросила новорожденную дочь на улицу, а спустя семь месяцев через суд забрала ее у опекунов. Приемная семья пытается оспорить решения районного и республиканского судов.    Как сообщает ГТРК «Эл Алтай», Маржан Сагатова, детский хирург из Кош-Агача, и ее супруг стояли на очереди в органах опеки несколько лет. В мае 2017 года в районную больницу привезли новорожденную девочку, которую нашли на улице. Эта встреча стала для Маржан судьбоносной.    Младенец пролежал на улице целый день, пока его не нашли прохожие. Медики считают, что еще полчаса, и девочка бы просто не выжила из-за холода и голода. Приемные родители выходили маленькую Надежду, а потом узнали, что биологическая мать хочет вернуть дочку себе.    Маржан и ее супруг проиграли два суда, но на их сторону встала прокуратура Республики Алтай.    Сейчас решается вопрос о внесении кассационного представления об отмене состоявшихся судебных решений. Кроме того, прокуратура отменила отказ в возбуждении уголовного дела по факту оставления новорожденного в опасности. Материалы направлены в органы дознания.    А вот детский омбудсмен Надежда Манзырова считает, что ребенок должен воспитываться биологической матерью. «Мы очень рады, что наша мамочка одумалась и решила забрать своего ребенка», - сказала она, уточнив, что ситуация эта неоднозначная и конечную точку в споре поставит суд.    http://www.altai.aif.ru/society/na altae mat brosila dochku na ulice a potom cherez sud zabrala u opekunov</raw>
      <annotated> <DocCreationTime DayOfWeek="2018-W05-2"><TE Category="Date" Value="2018-01-30">2018-01-30</TE></DocCreationTime>    На Алтае мать бросила дочку на улице, а потом через суд забрала у опекунов    Приемные родители пытаются оспорить судебные решения    Барнаул, <TE Category="Date" Value="2018-01-30"><Field Category="Day">30</Field> <Field Category="MonthName"><Restored Through="DCT" U_Class="4">января</Restored></Field></TE> - АиФ-Алтай.     Жительница Республики Алтай <TE Category="Event">выбросила</TE> новорожденную дочь на улицу, а <Anchored To="DCT" U_Class="7-DA"><TE Category="ShiftExp" Formula="AFTER,Dur,Anchor">спустя <TE Category="Dur" Value="P7M">семь месяцев</TE></TE></Anchored> через суд забрала ее у опекунов. Приемная семья пытается оспорить решения районного и республиканского судов.    Как сообщает ГТРК «Эл Алтай», Маржан Сагатова, детский хирург из Кош-Агача, и ее супруг стояли на очереди в органах опеки <TE Category="Dur" Value="PSeveralY">несколько лет</TE>. В <TE Category="Date" Value="2017-05"><Field Category="MonthName">мае</Field> <Field Category="Year">2017 года</Field></TE> в районную больницу привезли новорожденную девочку, которую нашли на улице. Эта встреча стала для Маржан судьбоносной.    Младенец пролежал на улице целый <TE Category="Dur" Value="P1D">день</TE>, пока его не нашли прохожие. Медики считают, что еще полчаса, и девочка бы просто не выжила из-за холода и голода. Приемные родители выходили маленькую Надежду, а потом узнали, что биологическая мать хочет вернуть дочку себе.    Маржан и ее супруг проиграли два суда, но на их сторону встала прокуратура Республики Алтай.    Сейчас решается вопрос о внесении кассационного представления об отмене состоявшихся судебных решений. Кроме того, прокуратура отменила отказ в возбуждении уголовного дела по факту оставления новорожденного в опасности. Материалы направлены в органы дознания.    А вот детский омбудсмен Надежда Манзырова считает, что ребенок должен воспитываться биологической матерью. «Мы очень рады, что наша мамочка одумалась и решила забрать своего ребенка», - сказала она, уточнив, что ситуация эта неоднозначная и конечную точку в споре поставит суд.    http://www.altai.aif.ru/society/na altae mat brosila dochku na ulice a potom cherez sud zabrala u opekunov</annotated>
    </text>
    <annotations>
      <annotation DayOfWeek="2018-W05-2" __Id="324" __Class="DocCreationTime" __From="1" __To="10"/>
      <annotation Category="Date" Value="2018-01-30" __Id="325" __Class="TE" __From="1" __To="10"/>
      <annotation Category="Day" __Id="329" __Class="Field" __From="158" __To="159"/>
      <annotation Category="Date" Value="2018-01-30" __Id="330" __Class="TE" __From="158" __To="166"/>
      <annotation Category="MonthName" __Id="331" __Class="Field" __From="161" __To="166"/>
      <annotation Through="DCT" U_Class="4" __Id="332" __Class="Restored" __From="161" __To="166"/>
      <annotation Category="Event" __Id="334" __Class="TE" __From="213" __To="221"/>
      <annotation To="DCT" U_Class="7-DA" __Id="335" __Class="Anchored" __From="254" __To="272"/>
      <annotation Category="ShiftExp" Formula="AFTER,Dur,Anchor" __Id="336" __Class="TE" __From="254" __To="272"/>
      <annotation Category="Dur" Value="P7M" __Id="337" __Class="TE" __From="261" __To="272"/>
      <annotation Category="Dur" Value="PSeveralY" __Id="340" __Class="TE" __From="509" __To="521"/>
      <annotation Category="MonthName" __Id="342" __Class="Field" __From="526" __To="528"/>
      <annotation Category="Date" Value="2017-05" __Id="343" __Class="TE" __From="526" __To="538"/>
      <annotation Category="Year" __Id="344" __Class="Field" __From="530" __To="538"/>
      <annotation Category="Dur" Value="P1D" __Id="347" __Class="TE" __From="695" __To="698"/>
    </annotations>
    <relations>
    </relations>
  </document>
</xml>
