<xml generator="AnnotationTools" format="public" version="1">
  <document>
    <text>
      <raw> 2019-03-23    Экс-заместитель губернатора Тверской области «добавил огня» и прошелся босиком по раскаленным углям    В субботу, 23 марта, заместитель генерального директора организации «Россия – страна возможностей» бывший заместитель губернатора Тверской области и экс-директор международного детского центра «Артек» Алексей Каспржак опубликовал у себя на странице в Facebook фотографии экстремального отдыха. На снимках люди босиком ходят по раскаленным углям.  Среди них есть и сам Алексей Каспржак, который решил испытать себя наравне со всеми – снял ботинки и прошелся по пышущей жаром дорожке из углей.    – Добавим огня в проекты платформы «Россия – страна возможностей», – прокомментировал фото Алексей Каспржак. – Начинаем реализацию образовательных программ Мастерской управления «Сенеж».    Считается, что эта процедура поднимает энергетический тонус и оздоравливает организм. Многие называют хождение по раскаленным углям трюком. Но повторять его без подготовке и в одиночку не советуют. Кроме того, считается, что огнехождение, как и другие волнующие коллективные мероприятия, сплачивает общество. Хождение по углям используется в семинарах по саморазвитию.    Напомним, что автономная некоммерческая организация «Россия – страна возможностей», в руководстве которой работает Алексей Каспржак, была создана указом Президента РФ в мае 2018 года для координации различных проектов, направленных на поддержку социальных услуг для населения. Её ключевым проектом является всероссийский конкурс управленцев «Лидеры России».     Алексей Каспржак назначен ректором входящего в структуру АНО образовательного центра «Мастерская управления». На его базе будут проводиться различные обучающие мероприятия и программы для чиновников, лидеров общественного мнения, социальных активистов, волонтёров и других молодых профессионалов.  Справка    Алексей Каспржак работал в команде экс-губернатора Тверской области Дмитрия Зеленина. 20 июля 2011 года он вошёл в команду нового губернатора Андрея Шевелева, однако уже через шесть дней после назначения написал заявление об увольнении и покинул Тверь.    В 2014 году, после воссоединения Крыма с Россией, Каспржак занял должность директора государственного образовательного учреждения «Международный детский центр «Артек». 28 ноября 2018 года Каспржак вошёл в состав Центрального штаба ОНФ вместе с Валентиной Терешковой, Еленой Исинбаевой и Захаром Прилепиным. В декабре 2018 года он объявил об уходе с поста директора «Артека».    https://tverigrad.ru/publication/ehks-zamestitel-gubernatora-tverskojj-oblasti-dobavil-ognya-i-proshelsya-bosikom-po-raskalennym-uglyam</raw>
      <annotated> <DocCreationTime DayOfWeek="2019-W12-6"><TE Category="Date" Value="2019-03-23">2019-03-23</TE></DocCreationTime>    Экс-заместитель губернатора Тверской области «добавил огня» и прошелся босиком по раскаленным углям    В <Field Category="DayOfWeek"><TE Category="Date" Value="2019-W12-6">субботу</TE></Field>, <TE Category="Date" Value="2019-03-23"><Field Category="Day">23</Field> <Field Category="MonthName">марта</Field></TE>, заместитель генерального директора организации «Россия – страна возможностей» бывший заместитель губернатора Тверской области и экс-директор международного детского центра «Артек» Алексей Каспржак опубликовал у себя на странице в Facebook фотографии экстремального отдыха. На снимках люди босиком ходят по раскаленным углям.  Среди них есть и сам Алексей Каспржак, который решил испытать себя наравне со всеми – снял ботинки и прошелся по пышущей жаром дорожке из углей.    – Добавим огня в проекты платформы «Россия – страна возможностей», – прокомментировал фото Алексей Каспржак. – Начинаем реализацию образовательных программ Мастерской управления «Сенеж».    Считается, что эта процедура поднимает энергетический тонус и оздоравливает организм. Многие называют хождение по раскаленным углям трюком. Но повторять его без подготовке и в одиночку не советуют. Кроме того, считается, что огнехождение, как и другие волнующие коллективные мероприятия, сплачивает общество. Хождение по углям используется в семинарах по саморазвитию.    Напомним, что автономная некоммерческая организация «Россия – страна возможностей», в руководстве которой работает Алексей Каспржак, была создана указом Президента РФ в <TE Category="Date" Value="2018-05"><Field Category="MonthName">мае</Field> <Field Category="Year">2018 года</Field></TE> для координации различных проектов, направленных на поддержку социальных услуг для населения. Её ключевым проектом является всероссийский конкурс управленцев «Лидеры России».     Алексей Каспржак назначен ректором входящего в структуру АНО образовательного центра «Мастерская управления». На его базе будут проводиться различные обучающие мероприятия и программы для чиновников, лидеров общественного мнения, социальных активистов, волонтёров и других молодых профессионалов.  Справка    Алексей Каспржак работал в команде экс-губернатора Тверской области Дмитрия Зеленина. <TE Category="Date" Value="2011-07-20"><Field Category="Day">20</Field> <Field Category="MonthName">июля</Field> <Field Category="Year">2011 года</Field></TE> он вошёл в команду нового губернатора Андрея Шевелева, однако уже <TE Category="ShiftExp" Formula="AFTER,Dur,Anchor">через <TE Category="Dur" Value="P6D">шесть дней</TE></TE> после <TE Category="Event">назначения</TE> написал заявление об увольнении и покинул Тверь.    В <Field Category="Year"><TE Category="Date" Value="2014">2014 году</TE></Field>, после воссоединения Крыма с Россией, Каспржак занял должность директора государственного образовательного учреждения «Международный детский центр «Артек». <TE Category="Date" Value="2018-11-28"><Field Category="Day">28</Field> <Field Category="MonthName">ноября</Field> <Field Category="Year">2018 года</Field></TE> Каспржак вошёл в состав Центрального штаба ОНФ вместе с Валентиной Терешковой, Еленой Исинбаевой и Захаром Прилепиным. В <TE Category="Date" Value="2018-12"><Field Category="MonthName">декабре</Field> <Field Category="Year">2018 года</Field></TE> он объявил об уходе с поста директора «Артека».    https://tverigrad.ru/publication/ehks-zamestitel-gubernatora-tverskojj-oblasti-dobavil-ognya-i-proshelsya-bosikom-po-raskalennym-uglyam</annotated>
    </text>
<!-- NOTE: Annotation boundaries below corresponds to text without XHTML-entities encoding. -->
    <annotations>
      <annotation DayOfWeek="2019-W12-6" __Id="429" __Class="DocCreationTime" __From="1" __To="10"/>
      <annotation Category="Date" Value="2019-03-23" __Id="430" __Class="TE" __From="1" __To="10"/>
      <annotation Category="DayOfWeek" __Id="433" __Class="Field" __From="120" __To="126"/>
      <annotation Category="Date" Value="2019-W12-6" __Id="435" __Class="TE" __From="120" __To="126"/>
      <annotation Category="Day" __Id="436" __Class="Field" __From="129" __To="130"/>
      <annotation Category="Date" Value="2019-03-23" __Id="437" __Class="TE" __From="129" __To="136"/>
      <annotation Category="MonthName" __Id="438" __Class="Field" __From="132" __To="136"/>
      <annotation Category="MonthName" __Id="450" __Class="Field" __From="1344" __To="1346"/>
      <annotation Category="Date" Value="2018-05" __Id="451" __Class="TE" __From="1344" __To="1356"/>
      <annotation Category="Year" __Id="452" __Class="Field" __From="1348" __To="1356"/>
      <annotation Category="Day" __Id="458" __Class="Field" __From="1932" __To="1933"/>
      <annotation Category="Date" Value="2011-07-20" __Id="460" __Class="TE" __From="1932" __To="1948"/>
      <annotation Category="MonthName" __Id="461" __Class="Field" __From="1935" __To="1938"/>
      <annotation Category="Year" __Id="462" __Class="Field" __From="1940" __To="1948"/>
      <annotation Category="ShiftExp" Formula="AFTER,Dur,Anchor" __Id="464" __Class="TE" __From="2016" __To="2031"/>
      <annotation Category="Dur" Value="P6D" __Id="465" __Class="TE" __From="2022" __To="2031"/>
      <annotation Category="Event" __Id="466" __Class="TE" __From="2039" __To="2048"/>
      <annotation Category="Year" __Id="468" __Class="Field" __From="2104" __To="2112"/>
      <annotation Category="Date" Value="2014" __Id="469" __Class="TE" __From="2104" __To="2112"/>
      <annotation Category="Day" __Id="470" __Class="Field" __From="2270" __To="2271"/>
      <annotation Category="Date" Value="2018-11-28" __Id="472" __Class="TE" __From="2270" __To="2288"/>
      <annotation Category="MonthName" __Id="473" __Class="Field" __From="2273" __To="2278"/>
      <annotation Category="Year" __Id="474" __Class="Field" __From="2280" __To="2288"/>
      <annotation Category="MonthName" __Id="476" __Class="Field" __From="2411" __To="2417"/>
      <annotation Category="Date" Value="2018-12" __Id="477" __Class="TE" __From="2411" __To="2427"/>
      <annotation Category="Year" __Id="478" __Class="Field" __From="2419" __To="2427"/>
    </annotations>
    <relations>
      <relation __Id="0" __Class="AnchoredTo"><from><annotation __Id="464"/></from><to><annotation __Id="466"/></to></relation>
    </relations>
  </document>
</xml>
