<xml generator="AnnotationTools" format="public" version="1">
  <document>
    <text>
      <raw> 2019-03-12    Европарламент опередил американские санкции против &amp;quot;Северного потока-2&amp;quot;    Россию перестали считать стратегическим партнером ЕС    Проект &amp;quot;Северный поток – 2&amp;quot; нужно ликвидировать. С таким призывом выступили во вторник, 12 марта, европарламентарии. За два месяца до смены состава Европарламента депутаты приняли резолюцию против российского газопровода, а также рекомендовали ввести новые санкции против Москвы, в том числе касающиеся банковско-финансовой сферы.    Инициативу, представленную парламентарием из Латвии, поддержали 402 депутата, против выступили 163, а 89 предпочли оставить свое мнение при себе.    Резолюции ЕП не имеют обязывающего действия, однако создают соответствующий эмоциональный фон. Сейчас европарламентарии, для большинства из которых представился последний шанс громко выступить, пошли даже дальше, чем раньше. Они решили, что воссоединение Крыма с Россией в 2014 г. и другие действия Москвы противоречат целям и базовым ценностям ЕС. Поэтому отказались называть Россию стратегическим партнером ЕС и призвали расторгнуть двустороннее Соглашение о сотрудничестве от 1994 г., передает РИА &amp;quot;Новости&amp;quot;.    Европарламентарии обратились к странам ЕС с рекомендацией согласовывать свою внешнюю политику в отношении РФ со Страсбургом. Вместе с тем совсем разрывать связи с Москвой ЕП не советует: есть еще вопросы, которые без РФ не решить.    &amp;quot;Нынешние разногласия и конфронтация между ЕС и Россией не отвечают интересам ни одной из сторон&amp;quot;, – отметили в ЕП.    Ранее о намерении ввести санкции против участников проекта &amp;quot;Северный поток – 2&amp;quot; объявил Вашингтон.    https://utro.ru/politics/2019/03/12/1393155.shtml</raw>
      <annotated> <DocCreationTime DayOfWeek="2019-W11-2"><TE Category="Date" Value="2019-03-12">2019-03-12</TE></DocCreationTime>    Европарламент опередил американские санкции против &amp;quot;Северного потока-2&amp;quot;    Россию перестали считать стратегическим партнером ЕС    Проект &amp;quot;Северный поток – 2&amp;quot; нужно ликвидировать. С таким призывом выступили во <Field Category="DayOfWeek"><TE Category="Date" Value="2019-W11-2">вторник</TE></Field>, <TE Category="Date" Value="2019-03-12"><Field Category="Day">12</Field> <Field Category="MonthName">марта</Field></TE>, европарламентарии. <TE Category="ShiftExp" Formula="BEFORE,Dur,Anchor">За <TE Category="Dur" Value="P2M">два месяца</TE></TE> до <TE Category="Event">смены</TE> состава Европарламента депутаты приняли резолюцию против российского газопровода, а также рекомендовали ввести новые санкции против Москвы, в том числе касающиеся банковско-финансовой сферы.    Инициативу, представленную парламентарием из Латвии, поддержали 402 депутата, против выступили 163, а 89 предпочли оставить свое мнение при себе.    Резолюции ЕП не имеют обязывающего действия, однако создают соответствующий эмоциональный фон. Сейчас европарламентарии, для большинства из которых представился последний шанс громко выступить, пошли даже дальше, чем раньше. Они решили, что воссоединение Крыма с Россией в <Field Category="Year"><TE Category="Date" Value="2014">2014 г.</TE></Field> и другие действия Москвы противоречат целям и базовым ценностям ЕС. Поэтому отказались называть Россию стратегическим партнером ЕС и призвали расторгнуть двустороннее Соглашение о сотрудничестве от <Field Category="Year"><TE Category="Date" Value="1994">1994 г.</TE></Field>, передает РИА &amp;quot;Новости&amp;quot;.    Европарламентарии обратились к странам ЕС с рекомендацией согласовывать свою внешнюю политику в отношении РФ со Страсбургом. Вместе с тем совсем разрывать связи с Москвой ЕП не советует: есть еще вопросы, которые без РФ не решить.    &amp;quot;Нынешние разногласия и конфронтация между ЕС и Россией не отвечают интересам ни одной из сторон&amp;quot;, – отметили в ЕП.    Ранее о намерении ввести санкции против участников проекта &amp;quot;Северный поток – 2&amp;quot; объявил Вашингтон.    https://utro.ru/politics/2019/03/12/1393155.shtml</annotated>
    </text>
<!-- NOTE: Annotation boundaries below corresponds to text without XHTML-entities encoding. -->
    <annotations>
      <annotation DayOfWeek="2019-W11-2" __Id="304" __Class="DocCreationTime" __From="1" __To="10"/>
      <annotation Category="Date" Value="2019-03-12" __Id="305" __Class="TE" __From="1" __To="10"/>
      <annotation Category="DayOfWeek" __Id="310" __Class="Field" __From="245" __To="251"/>
      <annotation Category="Date" Value="2019-W11-2" __Id="312" __Class="TE" __From="245" __To="251"/>
      <annotation Category="Day" __Id="313" __Class="Field" __From="254" __To="255"/>
      <annotation Category="Date" Value="2019-03-12" __Id="314" __Class="TE" __From="254" __To="261"/>
      <annotation Category="MonthName" __Id="315" __Class="Field" __From="257" __To="261"/>
      <annotation Category="ShiftExp" Formula="BEFORE,Dur,Anchor" __Id="319" __Class="TE" __From="283" __To="295"/>
      <annotation Category="Dur" Value="P2M" __Id="320" __Class="TE" __From="286" __To="295"/>
      <annotation Category="Event" __Id="321" __Class="TE" __From="300" __To="304"/>
      <annotation Category="Year" __Id="326" __Class="Field" __From="922" __To="928"/>
      <annotation Category="Date" Value="2014" __Id="327" __Class="TE" __From="922" __To="928"/>
      <annotation Category="Year" __Id="329" __Class="Field" __From="1128" __To="1134"/>
      <annotation Category="Date" Value="1994" __Id="330" __Class="TE" __From="1128" __To="1134"/>
    </annotations>
    <relations>
      <relation __Id="0" __Class="AnchoredTo"><from><annotation __Id="319"/></from><to><annotation __Id="321"/></to></relation>
    </relations>
  </document>
</xml>
