<xml generator="AnnotationTools" target="public" format-version="1">
  <document>
    <text>
      <raw> 2019-03-26    Оператор «Игры престолов» рассказал о съемке самой эпичной битвы    Сцена битвы бастардов в шестом сезоне считается самой масштабной в «Игре престолов». Оператор Шон Сэвэдж рассказал, какой ценой дались сложнейшие съемки и как актеры рисковали жизнью. По признанию мастера камеры, этот эпизод — самый его любимый за восемь лет работы над сериалом.    «Тот момент, когда Джона Сноу сбивают с ног и давят и мы видим, как этот „бессмертный герой“ оказывается одной ногой в могиле, наверное, моя самая любимая сцена за все восемь лет работы», — подчеркнул Сэвэдж.    По его словам, в сценарии эпизод был прописан иначе. Но в ходе съемок было решено внести изменения в прописанный на бумаге сценарий, отчего фильм только выиграл. Во время съемок неоднократно могла возникнуть угроза жизни актеров. Пришлось даже придумать специальное стоп-слово, выкрикнув которое любой мог остановить камеры.    Например, сцена, в которой Кит Харингтон оказывается заваленным грудой тел и выбирается из-под них, в сценарии отсутствует. Это уже импровизация на месте.    «Там видна настоящая борьба», — с гордостью заявил Сэвэдж.    Тем временем стали известны даты премьерных показов всех эпизодов финального, восьмого сезона сериала. Старт намечен на 14 апреля 2019 года. В России его покажут днем позже. Через неделю выйдет вторая серия.    Просмотр можно будет продолжить 28 апреля. Четвертая серия выйдет 5 мая. Пятую и шестую серии покажут 12 и 19 мая соответственно. На этом сериал будет завершен. По словам актрисы Эмилии Кларк, финал будет интригующим и шокирующим.     https://360tv.ru/news/mir/operator-igry-prestolov-rasskazal-o-semke-samoj-epichnoj-bitvy/</raw>
      <annotated> <DocCreationTime DayOfWeek="2019-W13-2"><TE Category="Date" Value="2019-03-26">2019-03-26</TE></DocCreationTime>    Оператор «Игры престолов» рассказал о съемке самой эпичной битвы    Сцена битвы бастардов в шестом сезоне считается самой масштабной в «Игре престолов». Оператор Шон Сэвэдж рассказал, какой ценой дались сложнейшие съемки и как актеры рисковали жизнью. По признанию мастера камеры, этот эпизод — самый его любимый за <TE Category="Dur" Value="P8Y">восемь лет</TE> работы над сериалом.    «Тот момент, когда Джона Сноу сбивают с ног и давят и мы видим, как этот „бессмертный герой“ оказывается одной ногой в могиле, наверное, моя самая любимая сцена за все <TE Category="Dur" Value="P8Y">восемь лет</TE> работы», — подчеркнул Сэвэдж.    По его словам, в сценарии эпизод был прописан иначе. Но в ходе съемок было решено внести изменения в прописанный на бумаге сценарий, отчего фильм только выиграл. Во время съемок неоднократно могла возникнуть угроза жизни актеров. Пришлось даже придумать специальное стоп-слово, выкрикнув которое любой мог остановить камеры.    Например, сцена, в которой Кит Харингтон оказывается заваленным грудой тел и выбирается из-под них, в сценарии отсутствует. Это уже импровизация на месте.    «Там видна настоящая борьба», — с гордостью заявил Сэвэдж.    Тем временем стали известны даты премьерных показов всех эпизодов финального, восьмого сезона сериала. Старт намечен на <TE Category="Date" Value="2019-04-14"><Field Category="Day">14</Field> <Field Category="MonthName">апреля</Field> <Field Category="Year">2019 года</Field></TE>. В России его покажут <Anchored To="Text" U_Class="7-A"><TE Category="ShiftExp" Formula="AFTER,Dur,Anchor"><TE Category="Dur" Value="P1D">днем</TE> позже</TE></Anchored>. <Anchored To="DCT" U_Class="7-DA"><TE Category="ShiftExp" Formula="AFTER,Dur,Anchor">Через <TE Category="Dur" Value="P1W">неделю</TE></TE></Anchored> выйдет вторая серия.    Просмотр можно будет продолжить <TE Category="Date" Value="2019-04-28"><Field Category="Day">28</Field> <Field Category="MonthName"><Restored Through="DCT" U_Class="4">апреля</Restored></Field></TE>. Четвертая серия выйдет <TE Category="Date" Value="2019-05-05"><Field Category="Day">5</Field> <Field Category="MonthName"><Restored Through="DCT" U_Class="4">мая</Restored></Field></TE>. Пятую и шестую серии покажут <Field Category="Day"><TE Category="Date" Value="2019-05-12">12</TE></Field> и <TE Category="Date" Value="2019-05-19"><Field Category="Day">19</Field> <Field Category="MonthName"><Restored Through="DCT" U_Class="4">мая</Restored></Field></TE> соответственно. На этом сериал будет завершен. По словам актрисы Эмилии Кларк, финал будет интригующим и шокирующим.     https://360tv.ru/news/mir/operator-igry-prestolov-rasskazal-o-semke-samoj-epichnoj-bitvy/</annotated>
    </text>
    <annotations>
      <annotation DayOfWeek="2019-W13-2" __Id="330" __Class="DocCreationTime" __From="1" __To="10"/>
      <annotation Category="Date" Value="2019-03-26" __Id="331" __Class="TE" __From="1" __To="10"/>
      <annotation Category="Dur" Value="P8Y" __Id="336" __Class="TE" __From="331" __To="340"/>
      <annotation Category="Dur" Value="P8Y" __Id="338" __Class="TE" __From="534" __To="543"/>
      <annotation Category="Day" __Id="348" __Class="Field" __From="1246" __To="1247"/>
      <annotation Category="Date" Value="2019-04-14" __Id="349" __Class="TE" __From="1246" __To="1264"/>
      <annotation Category="MonthName" __Id="350" __Class="Field" __From="1249" __To="1254"/>
      <annotation Category="Year" __Id="351" __Class="Field" __From="1256" __To="1264"/>
      <annotation To="Text" U_Class="7-A" __Id="353" __Class="Anchored" __From="1288" __To="1297"/>
      <annotation Category="ShiftExp" Formula="AFTER,Dur,Anchor" __Id="354" __Class="TE" __From="1288" __To="1297"/>
      <annotation Category="Dur" Value="P1D" __Id="355" __Class="TE" __From="1288" __To="1291"/>
      <annotation To="DCT" U_Class="7-DA" __Id="356" __Class="Anchored" __From="1300" __To="1311"/>
      <annotation Category="ShiftExp" Formula="AFTER,Dur,Anchor" __Id="358" __Class="TE" __From="1300" __To="1311"/>
      <annotation Category="Dur" Value="P1W" __Id="359" __Class="TE" __From="1306" __To="1311"/>
      <annotation Category="Day" __Id="361" __Class="Field" __From="1369" __To="1370"/>
      <annotation Category="Date" Value="2019-04-28" __Id="362" __Class="TE" __From="1369" __To="1377"/>
      <annotation Category="MonthName" __Id="363" __Class="Field" __From="1372" __To="1377"/>
      <annotation Through="DCT" U_Class="4" __Id="364" __Class="Restored" __From="1372" __To="1377"/>
      <annotation Category="Day" __Id="366" __Class="Field" __From="1403" __To="1403"/>
      <annotation Category="Date" Value="2019-05-05" __Id="367" __Class="TE" __From="1403" __To="1407"/>
      <annotation Category="MonthName" __Id="368" __Class="Field" __From="1405" __To="1407"/>
      <annotation Through="DCT" U_Class="4" __Id="369" __Class="Restored" __From="1405" __To="1407"/>
      <annotation Category="Day" __Id="371" __Class="Field" __From="1439" __To="1440"/>
      <annotation Category="Date" Value="2019-05-12" __Id="372" __Class="TE" __From="1439" __To="1440"/>
      <annotation Category="Day" __Id="373" __Class="Field" __From="1444" __To="1445"/>
      <annotation Category="Date" Value="2019-05-19" __Id="374" __Class="TE" __From="1444" __To="1449"/>
      <annotation Category="MonthName" __Id="375" __Class="Field" __From="1447" __To="1449"/>
      <annotation Through="DCT" U_Class="4" __Id="376" __Class="Restored" __From="1447" __To="1449"/>
    </annotations>
    <relations>
    </relations>
  </document>
</xml>
