<xml generator="AnnotationTools" target="public" format-version="1">
  <document>
    <text>
      <raw> 2019-03-24    Красноярца, попавшего за решетку из-за интервью на митинге, выпустят     Александра Соложенко арестовали на 20 суток.     Сегодня, 24 марта в 17-00, из под ареста выпускают Александра Соложенко, отбывавшего наказание в спецприемнике в ненадлежащих условиях. Напомним, Александр Соложенко находится под арестом сроком на 20 суток по предполагаемому совершению административного правонарушения. Спустя полгода после акции против пенсионной реформы, Александра Соложенко признали виновным в нарушении законодательства о митингах и арестовали на 20 суток. Полиция и суд посчитали, что интервью во время акции 9 сентября является подтверждением участия в несогласованном шествии, - сообщили в политической партии &quot;Коммунисты России&quot; по Красноярского краю.    http://stolitca24.ru/news/krasnoyartsa-popavshego-za-reshetku-iz-za-intervyu-na-mitinge-vypustyat/</raw>
      <annotated> <DocCreationTime DayOfWeek="2019-W12-7"><TE Category="Date" Value="2019-03-24">2019-03-24</TE></DocCreationTime>    Красноярца, попавшего за решетку из-за интервью на митинге, выпустят     Александра Соложенко арестовали на <TE Category="Dur" Value="P20D">20 суток</TE>.     <Anchored To="DCT" U_Class="1-D"><Field Category="Day"><TE Category="Date" Value="2019-03-24">Сегодня</TE></Field></Anchored>, <TE Category="Date" Value="2019-03-24"><Field Category="Day">24</Field> <Field Category="MonthName"><Restored Through="DCT" U_Class="4">марта</Restored></Field></TE> в 17-00, из под ареста выпускают Александра Соложенко, отбывавшего наказание в спецприемнике в ненадлежащих условиях. Напомним, Александр Соложенко находится под арестом сроком на <TE Category="Dur" Value="P20D">20 суток</TE> по предполагаемому совершению административного правонарушения. <Anchored To="DCT" U_Class="7-DA"><TE Category="ShiftExp" Formula="AFTER,Dur,Anchor">Спустя <TE Category="Dur" Value="P0.5Y">полгода</TE></TE></Anchored> после <TE Category="Event">акции</TE> против пенсионной реформы, Александра Соложенко признали виновным в нарушении законодательства о митингах и арестовали на <TE Category="Dur" Value="P20D">20 суток</TE>. Полиция и суд посчитали, что интервью во время акции <TE Category="Date" Value="2018-09-09"><Field Category="Day">9</Field> <Field Category="MonthName"><Restored Through="DCT" U_Class="4">сентября</Restored></Field></TE> является подтверждением участия в несогласованном шествии, - сообщили в политической партии &quot;Коммунисты России&quot; по Красноярского краю.    http://stolitca24.ru/news/krasnoyartsa-popavshego-za-reshetku-iz-za-intervyu-na-mitinge-vypustyat/</annotated>
    </text>
    <annotations>
      <annotation DayOfWeek="2019-W12-7" __Id="146" __Class="DocCreationTime" __From="1" __To="10"/>
      <annotation Category="Date" Value="2019-03-24" __Id="147" __Class="TE" __From="1" __To="10"/>
      <annotation Category="Dur" Value="P20D" __Id="150" __Class="TE" __From="123" __To="130"/>
      <annotation To="DCT" U_Class="1-D" __Id="152" __Class="Anchored" __From="137" __To="143"/>
      <annotation Category="Day" __Id="153" __Class="Field" __From="137" __To="143"/>
      <annotation Category="Date" Value="2019-03-24" __Id="154" __Class="TE" __From="137" __To="143"/>
      <annotation Category="Day" __Id="155" __Class="Field" __From="146" __To="147"/>
      <annotation Category="Date" Value="2019-03-24" __Id="156" __Class="TE" __From="146" __To="153"/>
      <annotation Category="MonthName" __Id="157" __Class="Field" __From="149" __To="153"/>
      <annotation Through="DCT" U_Class="4" __Id="158" __Class="Restored" __From="149" __To="153"/>
      <annotation Category="Dur" Value="P20D" __Id="160" __Class="TE" __From="335" __To="342"/>
      <annotation To="DCT" U_Class="7-DA" __Id="161" __Class="Anchored" __From="408" __To="421"/>
      <annotation Category="ShiftExp" Formula="AFTER,Dur,Anchor" __Id="163" __Class="TE" __From="408" __To="421"/>
      <annotation Category="Dur" Value="P0.5Y" __Id="164" __Class="TE" __From="415" __To="421"/>
      <annotation Category="Event" __Id="165" __Class="TE" __From="429" __To="433"/>
      <annotation Category="Dur" Value="P20D" __Id="166" __Class="TE" __From="557" __To="564"/>
      <annotation Category="Day" __Id="168" __Class="Field" __From="620" __To="620"/>
      <annotation Category="Date" Value="2018-09-09" __Id="169" __Class="TE" __From="620" __To="629"/>
      <annotation Category="MonthName" __Id="170" __Class="Field" __From="622" __To="629"/>
      <annotation Through="DCT" U_Class="4" __Id="171" __Class="Restored" __From="622" __To="629"/>
    </annotations>
    <relations>
      <relation __Id="0" __Class="AnchoredTo"><from><annotation __Id="163"/></from><to><annotation __Id="165"/></to></relation>
    </relations>
  </document>
</xml>
