<xml generator="AnnotationTools" format="public" version="1">
  <document>
    <text>
      <raw> 2019-03-14    Екатеринбургский аэропорт Кольцово через месяц получит имя Акинфия Демидова    Через месяц аэропорт Кольцово получит имя Акинфия Демидова. Накануне вышло постановление российского правительства о порядке присвоения дополнительных названий воздушным гаваням 45 городов.    Имя знаменитого уральского промышленника свердловчане выбрали в рамках конкурса «Великие имена России» осенью прошлого года. Теперь потребуется месяц, чтобы согласовать этот вариант с федеральными органами власти и подготовить указ о переименовании, его подпишет президент. Инициаторы проекта – члены Общественной палаты России – ожидают, что новые названия аэропортов привлекут туристов, а также повысят интерес россиян к истории.    http://www.obltv.ru/news/society/ekaterinburgskiy-aeroport-koltsovo-cherez-mesyats-poluchit-imya-akinfiya-demidova/</raw>
      <annotated> <DocCreationTime DayOfWeek="2019-W11-4"><TE Category="Date" Value="2019-03-14">2019-03-14</TE></DocCreationTime>    Екатеринбургский аэропорт Кольцово <TE Category="ShiftExp" Formula="AFTER,Dur,DCT">через <TE Category="Dur" Value="P1M">месяц</TE></TE> получит имя Акинфия Демидова    <TE Category="ShiftExp" Formula="AFTER,Dur,DCT">Через <TE Category="Dur" Value="P1M">месяц</TE></TE> аэропорт Кольцово получит имя Акинфия Демидова. <Field Category="Day">Накануне</Field> вышло постановление российского правительства о порядке присвоения дополнительных названий воздушным гаваням 45 городов.    Имя знаменитого уральского промышленника свердловчане выбрали в рамках конкурса «Великие имена России» <TE Category="Date" Value="2018-FA"><Field Category="Season">осенью</Field> <Field Category="Year">прошлого года</Field></TE>. Теперь потребуется <Field Category="Month"><TE Category="Dur" Value="P1M">месяц</TE></Field>, чтобы согласовать этот вариант с федеральными органами власти и подготовить указ о переименовании, его подпишет президент. Инициаторы проекта – члены Общественной палаты России – ожидают, что новые названия аэропортов привлекут туристов, а также повысят интерес россиян к истории.    http://www.obltv.ru/news/society/ekaterinburgskiy-aeroport-koltsovo-cherez-mesyats-poluchit-imya-akinfiya-demidova/</annotated>
    </text>
<!-- NOTE: Annotation boundaries below corresponds to text without XHTML-entities encoding. -->
    <annotations>
      <annotation DayOfWeek="2019-W11-4" __Id="133" __Class="DocCreationTime" __From="1" __To="10"/>
      <annotation Category="Date" Value="2019-03-14" __Id="134" __Class="TE" __From="1" __To="10"/>
      <annotation Category="ShiftExp" Formula="AFTER,Dur,DCT" __Id="137" __Class="TE" __From="50" __To="60"/>
      <annotation Category="Dur" Value="P1M" __Id="138" __Class="TE" __From="56" __To="60"/>
      <annotation Category="ShiftExp" Formula="AFTER,Dur,DCT" __Id="141" __Class="TE" __From="94" __To="104"/>
      <annotation Category="Dur" Value="P1M" __Id="142" __Class="TE" __From="100" __To="104"/>
      <annotation Category="Day" __Id="144" __Class="Field" __From="154" __To="161"/>
      <annotation Category="Season" __Id="147" __Class="Field" __From="390" __To="395"/>
      <annotation Category="Date" Value="2018-FA" __Id="148" __Class="TE" __From="390" __To="409"/>
      <annotation Category="Year" __Id="150" __Class="Field" __From="397" __To="409"/>
      <annotation Category="Month" __Id="152" __Class="Field" __From="431" __To="435"/>
      <annotation Category="Dur" Value="P1M" __Id="154" __Class="TE" __From="431" __To="435"/>
    </annotations>
    <relations>
    </relations>
  </document>
</xml>
