<xml generator="AnnotationTools" format-version="1">
  <document>
    <text>
      <raw> 2019-03-12    Экс-глава МИД Югославии назвал агрессию НАТО 1999 года переломной для отношений в мире  Живадин Йованович заявил, что агрессия альянса против его страны была &quot;войной глобальных целей&quot;    БЕЛГРАД, 12 марта. /ТАСС/. Агрессия Североатлантического альянса против Югославии 1999 года стала переломной точкой для глобальной системы международных отношений. Об этом заявил во вторник бывший министр иностранных дел Союзной республики Югославия с 1998 по 2000 годы Живадин Йованович в рамках видеомоста Москва - Белград &quot;20-летие со дня незаконной военной интервенции стран-членов НАТО в суверенную Югославию&quot;, трансляция которого велась из Белградского медиа-центра.    &quot;Агрессия блока НАТО 1999 года против Союзной Республики Югославия не была &quot;маленькой войной&quot;, это была война глобальных целей. Эта агрессия и сегодня, спустя 20 лет, ничем не может быть оправдана, также не может быть уменьшена ответственность стран-агрессоров и их правительств. Это была точка перелома в глобальных отношениях - от уважения основных принципов международных отношений и Декларации ООН к глобализации и интервенционализму. Ситуация продолжилась развитием интервенционализма в Афганистане, Ираке, Ливии, Сирии и во многих других точках планеты&quot;, - заявил Йованович.    &quot;Это была война Европы против самой себя. Бомбы падали и разоряли Сербию, но они также уничтожали договоры в Потсдаме, Тегеране, Ялте. Эти бомбы были сброшены и на итоговый документ в Хельсинки 1975 года, и на всю систему ООН. Это была попытка уничтожить международную глобальную систему, созданную по итогам Второй мировой войны&quot;, - подчеркнул экс-министр.    По словам Йовановича, сегодня агрессия Запада в отношении международного права продолжается в других формах. Выходом из такой ситуации экс-глава МИД видит развитие сотрудничества с Россией. &quot;Мы должны и далее укреплять и развивать всестороннее сотрудничество глобального характера, глобального партнерства между Сербией и Россией в том же ключе, как это было в ходе недавнего визита в Белград президента РФ Владимира Путина&quot;, - заявил он.    Бомбардировки НАТО    24 марта 1999 года началась военная операция НАТО против Союзной Республики Югославии. Главной причиной воздушно-наступательной операции &quot;Союзная сила&quot; (Allied Force) руководство НАТО назвало &quot;предотвращение геноцида албанского населения в Косово&quot;. По данным сайта НАТО, за время операции, продолжавшейся 78 дней, авиация стран альянса совершила 38 тыс. боевых вылетов, целью свыше 10 тыс. из них было нанесение бомбовых ударов.    Согласно исследованиям военных экспертов, было выпущено три тыс. крылатых ракет, сброшено около 80 тыс. тонн бомб, в том числе кассетных и с обедненным ураном. В результате бомбардировок, по сербским данным, погибли от 3500 до 4000 человек, ранения получили около 10 тыс., две трети из которых - гражданские жители. Материальный ущерб составил до $100 млрд. Бомбардировки нефтеперерабатывающих и нефтехимических заводов привели к заражению водной системы страны токсичными веществами.    https://tass.ru/mezhdunarodnaya-panorama/6209972</raw>
      <annotated> <DocCreationTime DayOfWeek="2019-W11-2"><TE Category="Date" Value="2019-03-12">2019-03-12</TE></DocCreationTime>    Экс-глава МИД Югославии назвал агрессию НАТО <Field Category="Year"><TE Category="Date" Value="1999">1999 года</TE></Field> переломной для отношений в мире  Живадин Йованович заявил, что агрессия альянса против его страны была &quot;войной глобальных целей&quot;    БЕЛГРАД, <TE Category="Date" Value="2019-03-12"><Field Category="Day">12</Field> <Field Category="MonthName"><Restored Through="DCT" U_Class="4">марта</Restored></Field></TE>. /ТАСС/. Агрессия Североатлантического альянса против Югославии <Field Category="Year"><TE Category="Date" Value="1999">1999 года</TE></Field> стала переломной точкой для глобальной системы международных отношений. Об этом заявил во <Field Category="DayOfWeek"><Restored Through="DCT" U_Class="4"><TE Category="Date" Value="2019-W11-2">вторник</TE></Restored></Field> бывший министр иностранных дел Союзной республики Югославия с <Field Category="Year"><TE Category="Date" Value="1998">1998</TE></Field> по <Field Category="Year"><TE Category="Date" Value="2000">2000 годы</TE></Field> Живадин Йованович в рамках видеомоста Москва - Белград &quot;20-летие со дня незаконной военной интервенции стран-членов НАТО в суверенную Югославию&quot;, трансляция которого велась из Белградского медиа-центра.    &quot;Агрессия блока НАТО <Field Category="Year"><TE Category="Date" Value="1999">1999 года</TE></Field> против Союзной Республики Югославия не была &quot;маленькой войной&quot;, это была война глобальных целей. Эта агрессия и <Anchored To="DCT" U_Class="1-D"><Field Category="Day">сегодня</Field></Anchored>, <Anchored To="DCT" U_Class="7-DA"><TE Category="ShiftExp" Formula="AFTER,Dur,Anchor">спустя <TE Category="Dur" Value="P20Y">20 лет</TE></TE></Anchored>, ничем не может быть оправдана, также не может быть уменьшена ответственность стран-агрессоров и их правительств. Это была точка перелома в глобальных отношениях - от уважения основных принципов международных отношений и Декларации ООН к глобализации и интервенционализму. Ситуация продолжилась развитием интервенционализма в Афганистане, Ираке, Ливии, Сирии и во многих других точках планеты&quot;, - заявил Йованович.    &quot;Это была война Европы против самой себя. Бомбы падали и разоряли Сербию, но они также уничтожали договоры в Потсдаме, Тегеране, Ялте. Эти бомбы были сброшены и на итоговый документ в Хельсинки <Field Category="Year"><TE Category="Date" Value="1975">1975 года</TE></Field>, и на всю систему ООН. Это была попытка уничтожить международную глобальную систему, созданную по итогам Второй мировой войны&quot;, - подчеркнул экс-министр.    По словам Йовановича, <Anchored To="DCT" U_Class="1-D"><Field Category="Day">сегодня</Field></Anchored> агрессия Запада в отношении международного права продолжается в других формах. Выходом из такой ситуации экс-глава МИД видит развитие сотрудничества с Россией. &quot;Мы должны и далее укреплять и развивать всестороннее сотрудничество глобального характера, глобального партнерства между Сербией и Россией в том же ключе, как это было в ходе недавнего визита в Белград президента РФ Владимира Путина&quot;, - заявил он.    Бомбардировки НАТО    <TE Category="Date" Value="1999-03-24"><Field Category="Day">24</Field> <Field Category="MonthName">марта</Field> <Field Category="Year">1999 года</Field></TE> началась военная операция НАТО против Союзной Республики Югославии. Главной причиной воздушно-наступательной операции &quot;Союзная сила&quot; (Allied Force) руководство НАТО назвало &quot;предотвращение геноцида албанского населения в Косово&quot;. По данным сайта НАТО, за время операции, продолжавшейся <TE Category="Dur" Value="P78D">78 дней</TE>, авиация стран альянса совершила 38 тыс. боевых вылетов, целью свыше 10 тыс. из них было нанесение бомбовых ударов.    Согласно исследованиям военных экспертов, было выпущено три тыс. крылатых ракет, сброшено около 80 тыс. тонн бомб, в том числе кассетных и с обедненным ураном. В результате бомбардировок, по сербским данным, погибли от 3500 до 4000 человек, ранения получили около 10 тыс., две трети из которых - гражданские жители. Материальный ущерб составил до $100 млрд. Бомбардировки нефтеперерабатывающих и нефтехимических заводов привели к заражению водной системы страны токсичными веществами.    https://tass.ru/mezhdunarodnaya-panorama/6209972</annotated>
    </text>
    <annotations>
      <annotation DayOfWeek="2019-W11-2" __Id="544" __Class="DocCreationTime" __From="1" __To="10"/>
      <annotation Category="Date" Value="2019-03-12" __Id="545" __Class="TE" __From="1" __To="10"/>
      <annotation Category="Year" __Id="547" __Class="Field" __From="60" __To="68"/>
      <annotation Category="Date" Value="1999" __Id="548" __Class="TE" __From="60" __To="68"/>
      <annotation Category="Day" __Id="551" __Class="Field" __From="221" __To="222"/>
      <annotation Category="Date" Value="2019-03-12" __Id="552" __Class="TE" __From="221" __To="228"/>
      <annotation Category="MonthName" __Id="553" __Class="Field" __From="224" __To="228"/>
      <annotation Through="DCT" U_Class="4" __Id="554" __Class="Restored" __From="224" __To="228"/>
      <annotation Category="Year" __Id="557" __Class="Field" __From="294" __To="302"/>
      <annotation Category="Date" Value="1999" __Id="558" __Class="TE" __From="294" __To="302"/>
      <annotation Category="DayOfWeek" __Id="560" __Class="Field" __From="394" __To="400"/>
      <annotation Through="DCT" U_Class="4" __Id="561" __Class="Restored" __From="394" __To="400"/>
      <annotation Category="Date" Value="2019-W11-2" __Id="562" __Class="TE" __From="394" __To="400"/>
      <annotation Category="Year" __Id="563" __Class="Field" __From="464" __To="467"/>
      <annotation Category="Date" Value="1998" __Id="564" __Class="TE" __From="464" __To="467"/>
      <annotation Category="Year" __Id="565" __Class="Field" __From="472" __To="480"/>
      <annotation Category="Date" Value="2000" __Id="566" __Class="TE" __From="472" __To="480"/>
      <annotation Category="Year" __Id="568" __Class="Field" __From="724" __To="732"/>
      <annotation Category="Date" Value="1999" __Id="569" __Class="TE" __From="724" __To="732"/>
      <annotation To="DCT" U_Class="1-D" __Id="571" __Class="Anchored" __From="856" __To="862"/>
      <annotation Category="Day" __Id="572" __Class="Field" __From="856" __To="862"/>
      <annotation To="DCT" U_Class="7-DA" __Id="573" __Class="Anchored" __From="865" __To="877"/>
      <annotation Category="ShiftExp" Formula="AFTER,Dur,Anchor" __Id="574" __Class="TE" __From="865" __To="877"/>
      <annotation Category="Dur" Value="P20Y" __Id="575" __Class="TE" __From="872" __To="877"/>
      <annotation Category="Year" __Id="581" __Class="Field" __From="1501" __To="1509"/>
      <annotation Category="Date" Value="1975" __Id="582" __Class="TE" __From="1501" __To="1509"/>
      <annotation To="DCT" U_Class="1-D" __Id="585" __Class="Anchored" __From="1695" __To="1701"/>
      <annotation Category="Day" __Id="586" __Class="Field" __From="1695" __To="1701"/>
      <annotation Category="Day" __Id="591" __Class="Field" __From="2147" __To="2148"/>
      <annotation Category="Date" Value="1999-03-24" __Id="592" __Class="TE" __From="2147" __To="2164"/>
      <annotation Category="MonthName" __Id="593" __Class="Field" __From="2150" __To="2154"/>
      <annotation Category="Year" __Id="594" __Class="Field" __From="2156" __To="2164"/>
      <annotation Category="Dur" Value="P78D" __Id="597" __Class="TE" __From="2472" __To="2478"/>
    </annotations>
    <relations>
      <relation __Id="0" __Class="AnchoredTo"><from><annotation __Id="574"/></from><to><annotation __Id="569"/></to></relation>
    </relations>
  </document>
</xml>
