<xml generator="AnnotationTools" target="public" format-version="1">
  <document>
    <text>
      <raw> 2019-03-07    Экспорт автомобилей Aurus в Европу начнут через два года    Премиальные российские автомобили марки Aurus в Европе станут доступны через два года. Об этом рассказал министр промышленности и торговли России Денис Мантуров.    Седан Aurus для Европы был представлен на Женевском автосалоне. Стенд с выставочным автомобилем посетил Мантуров, который также показал машину министру иностранных дел Швейцарии Иньяцио Кассису.    Иностранный политик отметил, что Aurus вызвал интерес у посетителей выставки.    В Европу Aurus начнут экспортировать в 2021 году, а к этому времени машины марки полномасштабно начнут производить на новых мощностях.    Мантуров отметил, что с потенциально заинтересованными зарубежными партнерами уже ведутся переговоры.    Российские цены на Aurus пока не озвучены, но их должны объявить в следующем месяце. По слухам обычные седаны будут стоить свыше 10 млн рублей.    http://tvoe-avto.com/183396-eksport-avtomobilej-aurus-v-evropu-nachnut-cherez-dva-goda.html</raw>
      <annotated> <DocCreationTime DayOfWeek="2019-W10-4"><TE Category="Date" Value="2019-03-07">2019-03-07</TE></DocCreationTime>    Экспорт автомобилей Aurus в Европу начнут <Anchored To="DCT" U_Class="7-DA"><TE Category="ShiftExp" Formula="AFTER,Dur,DCT">через <TE Category="Dur" Value="P2Y">два года</TE></TE></Anchored>    Премиальные российские автомобили марки Aurus в Европе станут доступны <Anchored To="DCT" U_Class="7-DA"><TE Category="ShiftExp" Formula="AFTER,Dur,DCT">через <TE Category="Dur">два года</TE></TE></Anchored>. Об этом рассказал министр промышленности и торговли России Денис Мантуров.    Седан Aurus для Европы был представлен на Женевском автосалоне. Стенд с выставочным автомобилем посетил Мантуров, который также показал машину министру иностранных дел Швейцарии Иньяцио Кассису.    Иностранный политик отметил, что Aurus вызвал интерес у посетителей выставки.    В Европу Aurus начнут экспортировать в <Field Category="Year"><TE Category="Date" Value="2021">2021 году</TE></Field>, а к этому времени машины марки полномасштабно начнут производить на новых мощностях.    Мантуров отметил, что с потенциально заинтересованными зарубежными партнерами уже ведутся переговоры.    Российские цены на Aurus пока не озвучены, но их должны объявить в <Anchored To="DCT" U_Class="1-DA"><Field Category="Month"><TE Category="Date" Value="2019-04">следующем месяце</TE></Field></Anchored>. По слухам обычные седаны будут стоить свыше 10 млн рублей.    http://tvoe-avto.com/183396-eksport-avtomobilej-aurus-v-evropu-nachnut-cherez-dva-goda.html</annotated>
    </text>
    <annotations>
      <annotation DayOfWeek="2019-W10-4" __Id="175" __Class="DocCreationTime" __From="1" __To="10"/>
      <annotation Category="Date" Value="2019-03-07" __Id="176" __Class="TE" __From="1" __To="10"/>
      <annotation To="DCT" U_Class="7-DA" __Id="178" __Class="Anchored" __From="57" __To="70"/>
      <annotation Category="ShiftExp" Formula="AFTER,Dur,DCT" __Id="179" __Class="TE" __From="57" __To="70"/>
      <annotation Category="Dur" Value="P2Y" __Id="180" __Class="TE" __From="63" __To="70"/>
      <annotation To="DCT" U_Class="7-DA" __Id="182" __Class="Anchored" __From="146" __To="159"/>
      <annotation Category="ShiftExp" Formula="AFTER,Dur,DCT" __Id="183" __Class="TE" __From="146" __To="159"/>
      <annotation Category="Dur" __Id="184" __Class="TE" __From="152" __To="159"/>
      <annotation Category="Year" __Id="190" __Class="Field" __From="558" __To="566"/>
      <annotation Category="Date" Value="2021" __Id="191" __Class="TE" __From="558" __To="566"/>
      <annotation To="DCT" U_Class="1-DA" __Id="194" __Class="Anchored" __From="829" __To="844"/>
      <annotation Category="Month" __Id="195" __Class="Field" __From="829" __To="844"/>
      <annotation Category="Date" Value="2019-04" __Id="196" __Class="TE" __From="829" __To="844"/>
    </annotations>
    <relations>
    </relations>
  </document>
</xml>
