<xml generator="AnnotationTools" target="public" format-version="1">
  <document>
    <text>
      <raw> 2019-03-21    В Рыбинске ушел с поста глава «Теплоэнерго»    Алексей Потехин покидает пост руководителя МУП «Теплоэнерго». На эту должность он заступил 1 февраля 2018 года. Но уже через год покидает кресло руководителя.    Он пробудет в должности еще две недели, «отрабатывая» положенные после подачи заявления 14 рабочих дней. С чем связано решение – пока объяснений нет. Но директора в кресле МУП меняются едва ли не чаще, чем в МУП «Спецавтохозяйство». За минувшие два года в кресле главы «Теплоэнерго» успели побывать 4 специалиста.    https://yar.mk.ru/politics/2019/03/21/v-rybinske-ushel-s-posta-glava-teploenergo.html?utm source=yxnews&amp;utm medium=desktop</raw>
      <annotated> <DocCreationTime DayOfWeek="2019-W12-4"><TE Category="Date" Value="2019-03-21">2019-03-21</TE></DocCreationTime>    В Рыбинске ушел с поста глава «Теплоэнерго»    Алексей Потехин покидает пост руководителя МУП «Теплоэнерго». На эту должность он заступил <TE Category="Date" Value="2018-02-01"><Field Category="Day">1</Field> <Field Category="MonthName">февраля</Field> <Field Category="Year">2018 года</Field></TE>. Но уже <Anchored To="DCT" U_Class="7-DA"><TE Category="ShiftExp" Formula="AFTER,Dur,Anchor">через <TE Category="Dur" Value="P1Y">год</TE></TE></Anchored> покидает кресло руководителя.    Он пробудет в должности еще <TE Category="Dur" Value="P2W">две недели</TE>, «отрабатывая» положенные после подачи заявления 14 рабочих дней. С чем связано решение – пока объяснений нет. Но директора в кресле МУП меняются едва ли не чаще, чем в МУП «Спецавтохозяйство». За минувшие <TE Category="Dur" Value="P2Y">два года</TE> в кресле главы «Теплоэнерго» успели побывать 4 специалиста.    https://yar.mk.ru/politics/2019/03/21/v-rybinske-ushel-s-posta-glava-teploenergo.html?utm source=yxnews&amp;utm medium=desktop</annotated>
    </text>
    <annotations>
      <annotation DayOfWeek="2019-W12-4" __Id="150" __Class="DocCreationTime" __From="1" __To="10"/>
      <annotation Category="Date" Value="2019-03-21" __Id="151" __Class="TE" __From="1" __To="10"/>
      <annotation Category="Day" __Id="155" __Class="Field" __From="153" __To="153"/>
      <annotation Category="Date" Value="2018-02-01" __Id="156" __Class="TE" __From="153" __To="171"/>
      <annotation Category="MonthName" __Id="157" __Class="Field" __From="155" __To="161"/>
      <annotation Category="Year" __Id="158" __Class="Field" __From="163" __To="171"/>
      <annotation To="DCT" U_Class="7-DA" __Id="160" __Class="Anchored" __From="181" __To="189"/>
      <annotation Category="ShiftExp" Formula="AFTER,Dur,Anchor" __Id="161" __Class="TE" __From="181" __To="189"/>
      <annotation Category="Dur" Value="P1Y" __Id="162" __Class="TE" __From="187" __To="189"/>
      <annotation Category="Dur" Value="P2W" __Id="164" __Class="TE" __From="252" __To="261"/>
      <annotation Category="Dur" Value="P2Y" __Id="168" __Class="TE" __From="469" __To="476"/>
    </annotations>
    <relations>
      <relation __Id="0" __Class="AnchoredTo"><from><annotation __Id="161"/></from><to><annotation __Id="156"/></to></relation>
    </relations>
  </document>
</xml>
