<xml generator="AnnotationTools" target="public" format-version="1">
  <document>
    <text>
      <raw> 2019-03-14    Почти 90 процентов крымчан на референдуме снова выбрали бы Россию     9 процентов крымчан спустя пять лет с момента референдума снова проголосовали бы за вхождение региона в состав России. В целом же 93 процента опрошенных положительно оценивают воссоединение Крыма с РФ. Об этом на пресс-конференции в Симферополе сообщил гендиректор ВЦИОМ Валерий Федоров, представляя результаты социологического опроса.      - Спустя пять лет после воссоединения мы задали жителям Крыма вопрос: как бы они проголосовали, если бы референдум состоялся в ближайшее время, - рассказал Федоров. - 89 процентов опрошенных крымчан сказали, что, как и в 2014 году, выбрали бы воссоединение с РФ. Альтернативный вариант - сохранение Автономной Республики Крым в составе Украины - поддержали три процента.    Для сравнения, в 2015 году готовых проголосовать за Крым в составе Украины было пять процентов.    Россияне в целом также почти единогласно поддержали воссоединение региона с РФ (85 процентов опрошенных). Позитивные результаты возвращения полуострова ощутили на себе и своих близких 72 процента крымских респондентов. 15 процентов не заметили изменений, а еще семь - решили, что последствия для них отрицательные. В целом россияне особых перемен для себя лично не почувствовали - жизнь 70 процентов опрошенных не изменилась.    При этом в основном положительными итогами жители полуострова считают общее улучшение жизни и материального положения, обеспечение мира, реализацию давней мечты жить в России. Граждане заметили также инфраструктурные изменения, в частности, ремонт дорог. Из негатива люди выделили повышение цен.    Кроме того, жители региона, отвечая на вопросы ВЦИОМа, оценили развитие Крыма до и после воссоединения. Только один процент опрошенных крымчан заявил, что регион был успешнее в составе Украины.    На территории республики опрос проводился методом телефонного интервью на основе случайной выборки 10 марта и в 80 регионах России 12 марта среди 1600 респондентов. Статистическая погрешность составляет 2,5 процента.    https://rg.ru/2019/03/14/reg-ufo/pochti-90-procentov-krymchan-na-referendume-snova-vybrali-by-rossiiu.html</raw>
      <annotated> <DocCreationTime DayOfWeek="2019-W11-4"><TE Category="Date" Value="2019-03-14">2019-03-14</TE></DocCreationTime>    Почти 90 процентов крымчан на референдуме снова выбрали бы Россию     9 процентов крымчан <Anchored To="DCT" U_Class="7-DA"><TE Category="ShiftExp" Formula="AFTER,Dur,Anchor">спустя <TE Category="Dur" Value="P5Y">пять лет</TE></TE></Anchored> с момента <TE Category="Event">референдума</TE> снова проголосовали бы за вхождение региона в состав России. В целом же 93 процента опрошенных положительно оценивают воссоединение Крыма с РФ. Об этом на пресс-конференции в Симферополе сообщил гендиректор ВЦИОМ Валерий Федоров, представляя результаты социологического опроса.      - <Anchored To="DCT" U_Class="7-DA"><TE Category="ShiftExp" Formula="AFTER,Dur,Anchor">Спустя <TE Category="Dur" Value="P5Y">пять лет</TE></TE></Anchored> после <TE Category="Event">воссоединения</TE> мы задали жителям Крыма вопрос: как бы они проголосовали, если бы референдум состоялся в ближайшее время, - рассказал Федоров. - 89 процентов опрошенных крымчан сказали, что, как и в <Field Category="Year"><TE Category="Date" Value="2014">2014 году</TE></Field>, выбрали бы воссоединение с РФ. Альтернативный вариант - сохранение Автономной Республики Крым в составе Украины - поддержали три процента.    Для сравнения, в <Field Category="Year"><TE Category="Date" Value="2015">2015 году</TE></Field> готовых проголосовать за Крым в составе Украины было пять процентов.    Россияне в целом также почти единогласно поддержали воссоединение региона с РФ (85 процентов опрошенных). Позитивные результаты возвращения полуострова ощутили на себе и своих близких 72 процента крымских респондентов. 15 процентов не заметили изменений, а еще семь - решили, что последствия для них отрицательные. В целом россияне особых перемен для себя лично не почувствовали - жизнь 70 процентов опрошенных не изменилась.    При этом в основном положительными итогами жители полуострова считают общее улучшение жизни и материального положения, обеспечение мира, реализацию давней мечты жить в России. Граждане заметили также инфраструктурные изменения, в частности, ремонт дорог. Из негатива люди выделили повышение цен.    Кроме того, жители региона, отвечая на вопросы ВЦИОМа, оценили развитие Крыма до и после воссоединения. Только один процент опрошенных крымчан заявил, что регион был успешнее в составе Украины.    На территории республики опрос проводился методом телефонного интервью на основе случайной выборки <TE Category="Date" Value="2019-03-10"><Field Category="Day">10</Field> <Field Category="MonthName"><Restored Through="DCT" U_Class="4">марта</Restored></Field></TE> и в 80 регионах России <TE Category="Date" Value="2019-03-12"><Field Category="Day">12</Field> <Field Category="MonthName"><Restored Through="DCT" U_Class="4">марта</Restored></Field></TE> среди 1600 респондентов. Статистическая погрешность составляет 2,5 процента.    https://rg.ru/2019/03/14/reg-ufo/pochti-90-procentov-krymchan-na-referendume-snova-vybrali-by-rossiiu.html</annotated>
    </text>
    <annotations>
      <annotation DayOfWeek="2019-W11-4" __Id="381" __Class="DocCreationTime" __From="1" __To="10"/>
      <annotation Category="Date" Value="2019-03-14" __Id="382" __Class="TE" __From="1" __To="10"/>
      <annotation To="DCT" U_Class="7-DA" __Id="385" __Class="Anchored" __From="105" __To="119"/>
      <annotation Category="ShiftExp" Formula="AFTER,Dur,Anchor" __Id="386" __Class="TE" __From="105" __To="119"/>
      <annotation Category="Dur" Value="P5Y" __Id="387" __Class="TE" __From="112" __To="119"/>
      <annotation Category="Event" __Id="388" __Class="TE" __From="131" __To="141"/>
      <annotation To="DCT" U_Class="7-DA" __Id="392" __Class="Anchored" __From="428" __To="442"/>
      <annotation Category="ShiftExp" Formula="AFTER,Dur,Anchor" __Id="393" __Class="TE" __From="428" __To="442"/>
      <annotation Category="Dur" Value="P5Y" __Id="394" __Class="TE" __From="435" __To="442"/>
      <annotation Category="Event" __Id="395" __Class="TE" __From="450" __To="462"/>
      <annotation Category="Year" __Id="397" __Class="Field" __From="647" __To="655"/>
      <annotation Category="Date" Value="2014" __Id="398" __Class="TE" __From="647" __To="655"/>
      <annotation Category="Year" __Id="401" __Class="Field" __From="817" __To="825"/>
      <annotation Category="Date" Value="2015" __Id="402" __Class="TE" __From="817" __To="825"/>
      <annotation Category="Day" __Id="413" __Class="Field" __From="1923" __To="1924"/>
      <annotation Category="Date" Value="2019-03-10" __Id="414" __Class="TE" __From="1923" __To="1930"/>
      <annotation Category="MonthName" __Id="415" __Class="Field" __From="1926" __To="1930"/>
      <annotation Through="DCT" U_Class="4" __Id="416" __Class="Restored" __From="1926" __To="1930"/>
      <annotation Category="Day" __Id="417" __Class="Field" __From="1955" __To="1956"/>
      <annotation Category="Date" Value="2019-03-12" __Id="418" __Class="TE" __From="1955" __To="1962"/>
      <annotation Category="MonthName" __Id="419" __Class="Field" __From="1958" __To="1962"/>
      <annotation Through="DCT" U_Class="4" __Id="420" __Class="Restored" __From="1958" __To="1962"/>
    </annotations>
    <relations>
      <relation __Id="0" __Class="AnchoredTo"><from><annotation __Id="386"/></from><to><annotation __Id="388"/></to></relation>
      <relation __Id="1" __Class="AnchoredTo"><from><annotation __Id="393"/></from><to><annotation __Id="395"/></to></relation>
    </relations>
  </document>
</xml>
