<xml generator="AnnotationTools" format-version="1">
  <document>
    <text>
      <raw> 2019-03-12    В Братске власти ограничат движение большегрузов по городским дорогам  Ограничения для крупнотоннажного транспорта вступают в силу с 15-го апреля.    В Братске власти ограничат движение большегрузных автомобилей по городским дорогам. Ограничения для крупнотоннажного транспорта вступает в силу с 15-го апреля. Соответствующее постановление подписал мэр Братска Сергей Серебренников. Документ опубликован на официальном сайте городской администрации.    Ограничения коснутся крупногабаритного транспорта с нагрузкой на ось, превышающей 7 тонн для одноосных тележек, 6 тонн – для двухосных и 5 тонн – для трёхосных. Действовать запрет будет на протяжении месяца, до 15-го мая. Подобные ограничительные меры власти Братска вводят ежегодно, прежде всего, для того, чтобы крупнотоннажные автомобили не разбивали размываемые по весне грунтовые дороги.    В постановлении мэрии уточняется, что за 20 дней до вступления в силу временного ограничения на дорогах города появятся временные дорожные знаки с обозначением ограничения осевых нагрузок.    http://tkgorod.ru/news/17695</raw>
      <annotated> <DocCreationTime DayOfWeek="2019-W11-2"><TE Category="Date" Value="2019-03-12">2019-03-12</TE></DocCreationTime>    В Братске власти ограничат движение большегрузов по городским дорогам  Ограничения для крупнотоннажного транспорта вступают в силу с <TE Category="Date" Value="2019-04-15"><Field Category="Day">15-го</Field> <Field Category="MonthName"><Restored Through="DCT" U_Class="4">апреля</Restored></Field></TE>.    В Братске власти ограничат движение большегрузных автомобилей по городским дорогам. Ограничения для крупнотоннажного транспорта вступает в силу с <TE Category="Date" Value="2019-04-15"><Field Category="Day">15-го</Field> <Field Category="MonthName"><Restored Through="DCT" U_Class="4">апреля</Restored></Field></TE>. Соответствующее постановление подписал мэр Братска Сергей Серебренников. Документ опубликован на официальном сайте городской администрации.    Ограничения коснутся крупногабаритного транспорта с нагрузкой на ось, превышающей 7 тонн для одноосных тележек, 6 тонн – для двухосных и 5 тонн – для трёхосных. Действовать запрет будет на протяжении <Field Category="Month"><Restored Through="DCT" U_Class="6"><TE Category="Dur" Value="P1M">месяца</TE></Restored></Field>, до <TE Category="Date" Value="2019-05-15"><Field Category="Day">15-го</Field> <Field Category="MonthName"><Restored Through="DCT" U_Class="4">мая</Restored></Field></TE>. Подобные ограничительные меры власти Братска вводят ежегодно, прежде всего, для того, чтобы крупнотоннажные автомобили не разбивали размываемые по <Field Category="Season"><Restored Through="DCT" U_Class="4">весне</Restored></Field> грунтовые дороги.    В постановлении мэрии уточняется, что <Anchored To="Text" U_Class="7-A"><TE Category="ShiftExp" Formula="BEFORE,Dur,Anchor">за <TE Category="Dur" Value="P20D">20 дней</TE></TE></Anchored> до <TE Category="Event">вступления</TE> в силу временного ограничения на дорогах города появятся временные дорожные знаки с обозначением ограничения осевых нагрузок.    http://tkgorod.ru/news/17695</annotated>
    </text>
    <annotations>
      <annotation DayOfWeek="2019-W11-2" __Id="192" __Class="DocCreationTime" __From="1" __To="10"/>
      <annotation Category="Date" Value="2019-03-12" __Id="193" __Class="TE" __From="1" __To="10"/>
      <annotation Category="Day" __Id="196" __Class="Field" __From="148" __To="152"/>
      <annotation Category="Date" Value="2019-04-15" __Id="197" __Class="TE" __From="148" __To="159"/>
      <annotation Category="MonthName" __Id="198" __Class="Field" __From="154" __To="159"/>
      <annotation Through="DCT" U_Class="4" __Id="199" __Class="Restored" __From="154" __To="159"/>
      <annotation Category="Day" __Id="202" __Class="Field" __From="311" __To="315"/>
      <annotation Category="Date" Value="2019-04-15" __Id="203" __Class="TE" __From="311" __To="322"/>
      <annotation Category="MonthName" __Id="204" __Class="Field" __From="317" __To="322"/>
      <annotation Through="DCT" U_Class="4" __Id="205" __Class="Restored" __From="317" __To="322"/>
      <annotation Category="Month" __Id="210" __Class="Field" __From="668" __To="673"/>
      <annotation Through="DCT" U_Class="6" __Id="211" __Class="Restored" __From="668" __To="673"/>
      <annotation Category="Dur" Value="P1M" __Id="212" __Class="TE" __From="668" __To="673"/>
      <annotation Category="Day" __Id="213" __Class="Field" __From="679" __To="683"/>
      <annotation Category="Date" Value="2019-05-15" __Id="214" __Class="TE" __From="679" __To="687"/>
      <annotation Category="MonthName" __Id="215" __Class="Field" __From="685" __To="687"/>
      <annotation Through="DCT" U_Class="4" __Id="216" __Class="Restored" __From="685" __To="687"/>
      <annotation Category="Season" __Id="218" __Class="Field" __From="837" __To="841"/>
      <annotation Through="DCT" U_Class="4" __Id="219" __Class="Restored" __From="837" __To="841"/>
      <annotation To="Text" U_Class="7-A" __Id="221" __Class="Anchored" __From="902" __To="911"/>
      <annotation Category="ShiftExp" Formula="BEFORE,Dur,Anchor" __Id="222" __Class="TE" __From="902" __To="911"/>
      <annotation Category="Dur" Value="P20D" __Id="223" __Class="TE" __From="905" __To="911"/>
      <annotation Category="Event" __Id="224" __Class="TE" __From="916" __To="925"/>
    </annotations>
    <relations>
      <relation __Id="0" __Class="AnchoredTo"><from><annotation __Id="222"/></from><to><annotation __Id="224"/></to></relation>
    </relations>
  </document>
</xml>
