<xml generator="AnnotationTools" target="public" format-version="1">
  <document>
    <text>
      <raw> 2019-03-25    Минобороны сообщило о гибели в Сирии трех российских военных    В Сирии в конце февраля после нападения террористов погибли трое российских военных, сообщает РИА Новости со ссылкой на Министерство обороны России.     В министерстве отметили, что тела погибших россиян доставили в Россию. Также в Минобороны сообщили, что после поступления информации об исчезновении трех военных, непрерывно велись их поиски. Имена погибших не сообщаются.    Министерство заявило, что боевики, причастные к нападению, в результате которого погибли россияне, были убиты. Группировка состояла из более чем 30 человек.    Ранее Русская служба «Би-би-си» сообщала о пропаже в Сирии российского майора Сухроба Каримова после того, как в провинции Дейр-эз-Зор в засаду террористов попал УАЗ с российскими военнослужащими. Сообщалось, что это произошло 22 февраля. Родственник Каримова рассказывал Русской службе «Би-би-си», что вместе с ним были два полковника. Первым об инциденте, через две недели после случившегося, сообщил депутат Верховной рады Украины и координатор группы «Информационное сопротивление» Дмитрий Тымчук в своем фейсбуке.    Россия начала военную операцию в Сирии в сентябре 2015 года. В сентябре прошлого года сенатор Виктор Бондарев рассказывал, что за это время погибли 112 российских военных. Он отмечал, что половина россиян погибли в результате крушения самолета Ан-26 в аэропорту Хмеймим в марте прошлого года и из-за атаки сирийских ПВО по самолету-разведчику Ил-20 в сентябре.     https://www.novayagazeta.ru/news/2019/03/25/150314-minoborony-soobschilo-o-gibeli-v-sirii-treh-rossiyskih-voennyh</raw>
      <annotated> <DocCreationTime DayOfWeek="2019-W13-1"><TE Category="Date" Value="2019-03-25">2019-03-25</TE></DocCreationTime>    Минобороны сообщило о гибели в Сирии трех российских военных    В Сирии в <TE Category="Date" Value="2019-02-END"><Field Category="Phase">конце</Field> <Field Category="MonthName"><Restored Through="DCT" U_Class="4">февраля</Restored></Field></TE> после нападения террористов погибли трое российских военных, сообщает РИА Новости со ссылкой на Министерство обороны России.     В министерстве отметили, что тела погибших россиян доставили в Россию. Также в Минобороны сообщили, что после поступления информации об исчезновении трех военных, непрерывно велись их поиски. Имена погибших не сообщаются.    Министерство заявило, что боевики, причастные к нападению, в результате которого погибли россияне, были убиты. Группировка состояла из более чем 30 человек.    Ранее Русская служба «Би-би-си» сообщала о пропаже в Сирии российского майора Сухроба Каримова после того, как в провинции Дейр-эз-Зор в засаду террористов попал УАЗ с российскими военнослужащими. Сообщалось, что это произошло <TE Category="Date" Value="2019-02-22"><Field Category="Day">22</Field> <Field Category="MonthName"><Restored Through="DCT" U_Class="4">февраля</Restored></Field></TE>. Родственник Каримова рассказывал Русской службе «Би-би-си», что вместе с ним были два полковника. Первым об инциденте, <Anchored To="DCT" U_Class="7-DA"><TE Category="ShiftExp" Formula="AFTER,Dur,Anchor">через <TE Category="Dur" Value="P2W">две недели</TE></TE></Anchored> после <TE Category="Event">случившегося</TE>, сообщил депутат Верховной рады Украины и координатор группы «Информационное сопротивление» Дмитрий Тымчук в своем фейсбуке.    Россия начала военную операцию в Сирии в <TE Category="Date" Value="2015-09"><Field Category="MonthName">сентябре</Field> <Field Category="Year">2015 года</Field></TE>. В <TE Category="Date" Value="2018-09"><Field Category="MonthName">сентябре</Field> <Anchored To="DCT" U_Class="1-D"><Field Category="Year">прошлого года</Field></Anchored></TE> сенатор Виктор Бондарев рассказывал, что за это время погибли 112 российских военных. Он отмечал, что половина россиян погибли в результате крушения самолета Ан-26 в аэропорту Хмеймим в <TE Category="Date" Value="2018-03"><Field Category="MonthName">марте</Field> <Anchored To="DCT" U_Class="1-D"><Field Category="Year">прошлого года</Field></Anchored></TE> и из-за атаки сирийских ПВО по самолету-разведчику Ил-20 в <Field Category="MonthName"><Restored Through="DCT" U_Class="4"><TE Category="Date" Value="2018-09">сентябре</TE></Restored></Field>.     https://www.novayagazeta.ru/news/2019/03/25/150314-minoborony-soobschilo-o-gibeli-v-sirii-treh-rossiyskih-voennyh</annotated>
    </text>
    <annotations>
      <annotation DayOfWeek="2019-W13-1" __Id="293" __Class="DocCreationTime" __From="1" __To="10"/>
      <annotation Category="Date" Value="2019-03-25" __Id="294" __Class="TE" __From="1" __To="10"/>
      <annotation Category="Phase" __Id="297" __Class="Field" __From="89" __To="93"/>
      <annotation Category="Date" Value="2019-02-END" __Id="298" __Class="TE" __From="89" __To="101"/>
      <annotation Category="MonthName" __Id="299" __Class="Field" __From="95" __To="101"/>
      <annotation Through="DCT" U_Class="4" __Id="300" __Class="Restored" __From="95" __To="101"/>
      <annotation Category="Day" __Id="308" __Class="Field" __From="844" __To="845"/>
      <annotation Category="Date" Value="2019-02-22" __Id="309" __Class="TE" __From="844" __To="853"/>
      <annotation Category="MonthName" __Id="310" __Class="Field" __From="847" __To="853"/>
      <annotation Through="DCT" U_Class="4" __Id="311" __Class="Restored" __From="847" __To="853"/>
      <annotation To="DCT" U_Class="7-DA" __Id="314" __Class="Anchored" __From="975" __To="990"/>
      <annotation Category="ShiftExp" Formula="AFTER,Dur,Anchor" __Id="315" __Class="TE" __From="975" __To="990"/>
      <annotation Category="Dur" Value="P2W" __Id="316" __Class="TE" __From="981" __To="990"/>
      <annotation Category="Event" __Id="317" __Class="TE" __From="998" __To="1009"/>
      <annotation Category="MonthName" __Id="319" __Class="Field" __From="1180" __To="1187"/>
      <annotation Category="Date" Value="2015-09" __Id="320" __Class="TE" __From="1180" __To="1197"/>
      <annotation Category="Year" __Id="321" __Class="Field" __From="1189" __To="1197"/>
      <annotation Category="MonthName" __Id="323" __Class="Field" __From="1202" __To="1209"/>
      <annotation Category="Date" Value="2018-09" __Id="324" __Class="TE" __From="1202" __To="1223"/>
      <annotation To="DCT" U_Class="1-D" __Id="325" __Class="Anchored" __From="1211" __To="1223"/>
      <annotation Category="Year" __Id="326" __Class="Field" __From="1211" __To="1223"/>
      <annotation Category="MonthName" __Id="328" __Class="Field" __From="1411" __To="1415"/>
      <annotation Category="Date" Value="2018-03" __Id="329" __Class="TE" __From="1411" __To="1429"/>
      <annotation To="DCT" U_Class="1-D" __Id="330" __Class="Anchored" __From="1417" __To="1429"/>
      <annotation Category="Year" __Id="331" __Class="Field" __From="1417" __To="1429"/>
      <annotation Category="MonthName" __Id="332" __Class="Field" __From="1490" __To="1497"/>
      <annotation Through="DCT" U_Class="4" __Id="333" __Class="Restored" __From="1490" __To="1497"/>
      <annotation Category="Date" Value="2018-09" __Id="334" __Class="TE" __From="1490" __To="1497"/>
    </annotations>
    <relations>
      <relation __Id="0" __Class="AnchoredTo"><from><annotation __Id="315"/></from><to><annotation __Id="317"/></to></relation>
    </relations>
  </document>
</xml>
