<xml generator="AnnotationTools" target="public" format-version="1">
  <document>
    <text>
      <raw> 2019-03-07    В Ленобласти нашли первого в 2019 году тюленя-потеряшку    В Кингисеппском районе Ленобласти местный житель наткнулся на детёныша ластоного животного, рассказали в «Фонде друзей балтийской нерпы».    В четверг, 7 марта, стало известно, что накануне на берегу Финского залива житель деревни Гакково нашёл первого в этом году тюленя-потеряшку. Спасённым животным оказалась самка серого тюленя. По оценкам экспертов, она родилась три-четыре дня назад.    «Тюленька ещё не успела обрасти жирком - её вес всего 13,5 килограмма, вместо необходимых для начала самостоятельной жизни 40 килограммов. Вероятно, она разлучилась со своей мамой во время случившейся накануне ветренной погоды и последовавшей за этим подвижки льда», - говорится в сообщении фонда в соцсети.    Сотрудники центра попросили жителей Ленобласти и Петербурга быть внимательными, находясь у Финского залива. В случае выявления рядом с акваторией детёныша тюленя лучше незамедлительно обращаться в «Фонд друзей балтийской нерпы».    Напомним, в середине января в Государственном музее-заповеднике «Гатчина» поселился редкий водяной воробей. Птица занесена в Красную книгу Ленобласти.    https://forpost-sz.ru/a/2019-03-07/v-lenoblasti-nashli-pervogo-v-2019-godu-tyulenya-poteryashku</raw>
      <annotated> <DocCreationTime DayOfWeek="2019-W10-4"><TE Category="Date" Value="2019-03-07">2019-03-07</TE></DocCreationTime>    В Ленобласти нашли первого в <Field Category="Year"><TE Category="Date" Value="2019">2019 году</TE></Field> тюленя-потеряшку    В Кингисеппском районе Ленобласти местный житель наткнулся на детёныша ластоного животного, рассказали в «Фонде друзей балтийской нерпы».    В <Field Category="DayOfWeek"><Restored Through="DCT" U_Class="4"><TE Category="Date" Value="2019-W10-4">четверг</TE></Restored></Field>, <TE Category="Date" Value="2019-03-07"><Field Category="Day">7</Field> <Field Category="MonthName"><Restored Through="DCT" U_Class="4">марта</Restored></Field></TE>, стало известно, что <Anchored To="DCT" U_Class="1-DA"><Field Category="Day"><TE Category="Date" Value="2019-03-06">накануне</TE></Field></Anchored> на берегу Финского залива житель деревни Гакково нашёл первого в <Anchored To="DCT" U_Class="1-DA"><Field Category="Year"><TE Category="Date" Value="2019">этом году</TE></Field></Anchored> тюленя-потеряшку. Спасённым животным оказалась самка серого тюленя. По оценкам экспертов, она родилась <TE Category="ShiftExp" Formula="BEFORE,Dur,DCT">три-четыре дня назад</TE>.    «Тюленька ещё не успела обрасти жирком - её вес всего 13,5 килограмма, вместо необходимых для начала самостоятельной жизни 40 килограммов. Вероятно, она разлучилась со своей мамой во время случившейся <Anchored To="Text" U_Class="7-A"><TE Category="Dur" Value="PCoupleD">накануне</TE></Anchored> ветренной погоды и последовавшей за этим подвижки льда», - говорится в сообщении фонда в соцсети.    Сотрудники центра попросили жителей Ленобласти и Петербурга быть внимательными, находясь у Финского залива. В случае выявления рядом с акваторией детёныша тюленя лучше незамедлительно обращаться в «Фонд друзей балтийской нерпы».    Напомним, в <TE Category="Date" Value="2019-01-MID"><Field Category="Phase">середине</Field> <Field Category="MonthName"><Restored Through="DCT" U_Class="4">января</Restored></Field></TE> в Государственном музее-заповеднике «Гатчина» поселился редкий водяной воробей. Птица занесена в Красную книгу Ленобласти.    https://forpost-sz.ru/a/2019-03-07/v-lenoblasti-nashli-pervogo-v-2019-godu-tyulenya-poteryashku</annotated>
    </text>
    <annotations>
      <annotation DayOfWeek="2019-W10-4" __Id="230" __Class="DocCreationTime" __From="1" __To="10"/>
      <annotation Category="Date" Value="2019-03-07" __Id="231" __Class="TE" __From="1" __To="10"/>
      <annotation Category="Year" __Id="233" __Class="Field" __From="44" __To="52"/>
      <annotation Category="Date" Value="2019" __Id="234" __Class="TE" __From="44" __To="52"/>
      <annotation Category="DayOfWeek" __Id="237" __Class="Field" __From="217" __To="223"/>
      <annotation Through="DCT" U_Class="4" __Id="238" __Class="Restored" __From="217" __To="223"/>
      <annotation Category="Date" Value="2019-W10-4" __Id="239" __Class="TE" __From="217" __To="223"/>
      <annotation Category="Day" __Id="240" __Class="Field" __From="226" __To="226"/>
      <annotation Category="Date" Value="2019-03-07" __Id="241" __Class="TE" __From="226" __To="232"/>
      <annotation Category="MonthName" __Id="242" __Class="Field" __From="228" __To="232"/>
      <annotation Through="DCT" U_Class="4" __Id="243" __Class="Restored" __From="228" __To="232"/>
      <annotation To="DCT" U_Class="1-DA" __Id="244" __Class="Anchored" __From="255" __To="262"/>
      <annotation Category="Day" __Id="245" __Class="Field" __From="255" __To="262"/>
      <annotation Category="Date" Value="2019-03-06" __Id="246" __Class="TE" __From="255" __To="262"/>
      <annotation To="DCT" U_Class="1-DA" __Id="247" __Class="Anchored" __From="329" __To="337"/>
      <annotation Category="Year" __Id="248" __Class="Field" __From="329" __To="337"/>
      <annotation Category="Date" Value="2019" __Id="249" __Class="TE" __From="329" __To="337"/>
      <annotation Category="ShiftExp" Formula="BEFORE,Dur,DCT" __Id="252" __Class="TE" __From="442" __To="461"/>
      <annotation To="Text" U_Class="7-A" __Id="257" __Class="Anchored" __From="668" __To="675"/>
      <annotation Category="Dur" Value="PCoupleD" __Id="258" __Class="TE" __From="668" __To="675"/>
      <annotation Category="Phase" __Id="262" __Class="Field" __From="1022" __To="1029"/>
      <annotation Category="Date" Value="2019-01-MID" __Id="263" __Class="TE" __From="1022" __To="1036"/>
      <annotation Category="MonthName" __Id="264" __Class="Field" __From="1031" __To="1036"/>
      <annotation Through="DCT" U_Class="4" __Id="265" __Class="Restored" __From="1031" __To="1036"/>
    </annotations>
    <relations>
    </relations>
  </document>
</xml>
