<xml generator="AnnotationTools" format-version="1">
  <document>
    <text>
      <raw> 2019-03-09    Peugeot разочарован рекордом электрического VW I.D. R на Пайкс-Пик    Французы заявили, что немецкая гоночная команда могла бы проехать трассу и быстрее.     У немецкой команды Volkswagen, возможно, было самое лучшее выступление в прошлом году на Pikes Peak International Hill Climb (авто-мотосоревнования по подъёму на холм). Проехав трассу менее чем за восемь минут, электрический болид VW I.D. R также смог побить еще два рекорда. Это первый случай, когда транспортное средство смогло совершить быстрый подъем в гору на скорости в 19,98 км/ч. Трасса длиной в 4 300 метров включает в себя 156 поворотов.        Примечательно, что гоночную команду Peugeot, которую ребята из VW победили в своем рекордном подъеме, не особо удивила езда электрического I.D. R на Пайкс-Пик.    Французы были на самом деле разочарованы и думали, что немецкий болид сможет добиться большего. В рамках своего недавнего интервью изданию Top Gear, нынешний босс подразделения Peugeot Sport Бруно Фамин сказал, что время заезда 7:57.148 было немного разочаровывающим.    Напомним, VW I.D. R стал быстрее французского Peugeot 208 T16 на Пайкс-Пик на 17 секунд. Хотя сам по себе это удивительный подвиг, вы должны помнить, что рекордный пробег Peugeot был сделан за пять лет до выступления VW.     Решаться ли пилоты компании Peugeot заново установить рекорд подъема Pikes Peak, чтобы доказать, что, как и прежде, бренд находится в форме? Господин Фамин сказал, что «это обязательно случится рано или поздно, но не на данный момент». Он понимает, что на разработку автомобиля, который установит новый рекорд на Пайкс-Пик, потребуется много денег. И видимо сейчас, у французского бренда есть куда более важные планы, которые выполнить гораздо важнее, чем побить рекорд ребят из VW.    https://carsweek.ru/news/News in the world/501943/</raw>
      <annotated> <DocCreationTime DayOfWeek="2019-W10-6"><TE Category="Date" Value="2019-03-09">2019-03-09</TE></DocCreationTime>    Peugeot разочарован рекордом электрического VW I.D. R на Пайкс-Пик    Французы заявили, что немецкая гоночная команда могла бы проехать трассу и быстрее.     У немецкой команды Volkswagen, возможно, было самое лучшее выступление в <Anchored To="DCT" U_Class="1-D"><Field Category="Year"><TE Category="Date" Value="2018">прошлом году</TE></Field></Anchored> на Pikes Peak International Hill Climb (авто-мотосоревнования по подъёму на холм). Проехав трассу менее чем за восемь минут, электрический болид VW I.D. R также смог побить еще два рекорда. Это первый случай, когда транспортное средство смогло совершить быстрый подъем в гору на скорости в 19,98 км/ч. Трасса длиной в 4 300 метров включает в себя 156 поворотов.        Примечательно, что гоночную команду Peugeot, которую ребята из VW победили в своем рекордном подъеме, не особо удивила езда электрического I.D. R на Пайкс-Пик.    Французы были на самом деле разочарованы и думали, что немецкий болид сможет добиться большего. В рамках своего недавнего интервью изданию Top Gear, нынешний босс подразделения Peugeot Sport Бруно Фамин сказал, что время заезда 7:57.148 было немного разочаровывающим.    Напомним, VW I.D. R стал быстрее французского Peugeot 208 T16 на Пайкс-Пик на 17 секунд. Хотя сам по себе это удивительный подвиг, вы должны помнить, что рекордный пробег Peugeot был сделан <Anchored To="Text" U_Class="7-A"><TE Category="ShiftExp" Formula="BEFORE,Dur,Anchor">за <TE Category="Dur" Value="P5Y">пять лет</TE></TE></Anchored> до <TE Category="Event">выступления</TE> VW.     Решаться ли пилоты компании Peugeot заново установить рекорд подъема Pikes Peak, чтобы доказать, что, как и прежде, бренд находится в форме? Господин Фамин сказал, что «это обязательно случится рано или поздно, но не на данный момент». Он понимает, что на разработку автомобиля, который установит новый рекорд на Пайкс-Пик, потребуется много денег. И видимо сейчас, у французского бренда есть куда более важные планы, которые выполнить гораздо важнее, чем побить рекорд ребят из VW.    https://carsweek.ru/news/News in the world/501943/</annotated>
    </text>
    <annotations>
      <annotation DayOfWeek="2019-W10-6" __Id="372" __Class="DocCreationTime" __From="1" __To="10"/>
      <annotation Category="Date" Value="2019-03-09" __Id="373" __Class="TE" __From="1" __To="10"/>
      <annotation To="DCT" U_Class="1-D" __Id="377" __Class="Anchored" __From="246" __To="257"/>
      <annotation Category="Year" __Id="378" __Class="Field" __From="246" __To="257"/>
      <annotation Category="Date" Value="2018" __Id="379" __Class="TE" __From="246" __To="257"/>
      <annotation To="Text" U_Class="7-A" __Id="387" __Class="Anchored" __From="1252" __To="1262"/>
      <annotation Category="ShiftExp" Formula="BEFORE,Dur,Anchor" __Id="388" __Class="TE" __From="1252" __To="1262"/>
      <annotation Category="Dur" Value="P5Y" __Id="389" __Class="TE" __From="1255" __To="1262"/>
      <annotation Category="Event" __Id="390" __Class="TE" __From="1267" __To="1277"/>
    </annotations>
    <relations>
      <relation __Id="0" __Class="AnchoredTo"><from><annotation __Id="388"/></from><to><annotation __Id="390"/></to></relation>
    </relations>
  </document>
</xml>
