<xml generator="AnnotationTools" format-version="1">
  <document>
    <text>
      <raw> 2019-03-19    Расследование ФБР в отношении Коэна началось задолго до обысков     Об этом стало известно из обнародованного по решению суда ордера на обыск    Федеральное бюро расследований вело расследование в отношении бывшего личного адвоката президента Дональда Трампа Майкла Коэна на протяжении почти целого года до того, как у него дома и в офисе были проведены обыски. Об этом свидетельствуют обнародованные во вторник документы.    Хотя ордер на обыск был представлен с купюрами, из него стали известны новые подробности о федеральном расследовании деловых операций Коэна, а также о рейдах, проведенных ФБР у него дома и в офисе.    В частности, стало известно, что расследование в отношении Коэна велось с июля 2017 года – значительно дольше, чем считалось ранее.    По словам адвоката Коэна Лэнни Дэвиса, публикация ордера «отвечает его интересам в продолжении сотрудничества и предоставления информации и правды о Дональде Трампе и Trump organization правоохранительным органом и Конгрессу».    Агенты ФБР провели обыски у Коэна в апреле прошлого года, конфисковав более 4 миллионов электронных и бумажных документов, более десятка мобильных устройств и планшетов iPad, 20 внешних жестких дисков, флеш-накопители и ноутбуки. Обыску были также подвергнуты гостиничный номер Коэна и его сейф.    И Коэн, и Трамп выражали возмущение по поводу обысков. Адвокат Коэна тогда назвал их «совершенно неуместными и ненужными», а президент в своем «Твиттере» написал: «Адвокатской тайны больше не существует!»    В результате проведенного по распоряжению суда изучения конфискованных материалов было установлено, что адвокатская тайна распространяется лишь на часть этих материалов.    Одной из причин проведения обысков стала рекомендация спецпрокурора Роберта Мюллера, который возглавляет расследование российского вмешательства в президентские выборы 2016 года.    Ордер на обыск был обнародован спустя почти шесть недель после того, как окружной судья Уильям Х. Поли III частично удовлетворил запрос ряда СМИ, в том числе агентства Associated Press, об обнародовании связанных с обысками документов в силу повышенного интереса общественности к данному делу.    Судья признал опасения прокуроров, что обнародование документа в полном виде «поставит под угрозу продолжающееся расследование и нарушит право на неприкосновенность частной жизни третьих лиц, в отношении которых не были выдвинуты обвинения». Из этого постановления стало ясно, что прокуратура до сих пор ведет расследование в связи с организованными Коэном незаконными выплатами за молчание двум женщинам, утверждавшим, что они состояли в интимной связи с Трампом.    Судья постановил, что прокуроры должны вымарать личную информацию Коэна и детали, связанные с продолжающимися расследованиями и рядом третьих лиц, которые сотрудничали с расследованием, однако санкционировал обнародование информации, связанной с уклонением от налогов и ложными заявлениями Коэна, а также о его действиях, не повлекших за собой уголовные обвинения.    «На данном этапе полное обнародование материалов могло бы раскрыть масштаб и направление продолжающегося расследования», – говорится в постановлении, которое Поли вынес в прошлом месяце.    Прошлым летом Коэн признал свою вину в сокрытии более чем 4 миллионов долларов дохода от налоговой службы, предоставлении ложной информации финансовым институтам и нарушении законов о финансировании предвыборных кампаний в связи с упомянутыми выплатами за молчание. Юрист также заявил, что выплаты были произведены по распоряжению Трампа во время предвыборной кампании.    https://www.golos-ameriki.ru/a/fbi-was-probing-mikhael-cohen/4837743.html</raw>
      <annotated> <DocCreationTime DayOfWeek="2019-W12-2"><TE Category="Date" Value="2019-03-19">2019-03-19</TE></DocCreationTime>    Расследование ФБР в отношении Коэна началось задолго до обысков     Об этом стало известно из обнародованного по решению суда ордера на обыск    Федеральное бюро расследований вело расследование в отношении бывшего личного адвоката президента Дональда Трампа Майкла Коэна на протяжении <TE Category="Dur" Value="P1Y-Less">почти целого года</TE> до того, как у него дома и в офисе были проведены обыски. Об этом свидетельствуют обнародованные во <Field Category="DayOfWeek"><Restored Through="DCT" U_Class="4"><TE Category="Date" Value="2019-W12-2">вторник</TE></Restored></Field> документы.    Хотя ордер на обыск был представлен с купюрами, из него стали известны новые подробности о федеральном расследовании деловых операций Коэна, а также о рейдах, проведенных ФБР у него дома и в офисе.    В частности, стало известно, что расследование в отношении Коэна велось с <TE Category="Date" Value="2017-07"><Field Category="MonthName">июля</Field> <Field Category="Year">2017 года</Field></TE> – значительно дольше, чем считалось ранее.    По словам адвоката Коэна Лэнни Дэвиса, публикация ордера «отвечает его интересам в продолжении сотрудничества и предоставления информации и правды о Дональде Трампе и Trump organization правоохранительным органом и Конгрессу».    Агенты ФБР провели обыски у Коэна в <TE Category="Date" Value="2018-04"><Field Category="MonthName">апреле</Field> <Anchored To="DCT" U_Class="1-D"><Field Category="Year">прошлого года</Field></Anchored></TE>, конфисковав более 4 миллионов электронных и бумажных документов, более десятка мобильных устройств и планшетов iPad, 20 внешних жестких дисков, флеш-накопители и ноутбуки. Обыску были также подвергнуты гостиничный номер Коэна и его сейф.    И Коэн, и Трамп выражали возмущение по поводу обысков. Адвокат Коэна тогда назвал их «совершенно неуместными и ненужными», а президент в своем «Твиттере» написал: «Адвокатской тайны больше не существует!»    В результате проведенного по распоряжению суда изучения конфискованных материалов было установлено, что адвокатская тайна распространяется лишь на часть этих материалов.    Одной из причин проведения обысков стала рекомендация спецпрокурора Роберта Мюллера, который возглавляет расследование российского вмешательства в президентские выборы <Field Category="Year"><TE Category="Date" Value="2016">2016 года</TE></Field>.    Ордер на обыск был обнародован <TE Category="ShiftExp" Formula="AFTER,Dur,Anchor">спустя <TE Category="Dur" Value="P6W-Less">почти шесть недель</TE></TE> после того, как окружной судья Уильям Х. Поли III частично <TE Category="Event">удовлетворил</TE> запрос ряда СМИ, в том числе агентства Associated Press, об обнародовании связанных с обысками документов в силу повышенного интереса общественности к данному делу.    Судья признал опасения прокуроров, что обнародование документа в полном виде «поставит под угрозу продолжающееся расследование и нарушит право на неприкосновенность частной жизни третьих лиц, в отношении которых не были выдвинуты обвинения». Из этого постановления стало ясно, что прокуратура до сих пор ведет расследование в связи с организованными Коэном незаконными выплатами за молчание двум женщинам, утверждавшим, что они состояли в интимной связи с Трампом.    Судья постановил, что прокуроры должны вымарать личную информацию Коэна и детали, связанные с продолжающимися расследованиями и рядом третьих лиц, которые сотрудничали с расследованием, однако санкционировал обнародование информации, связанной с уклонением от налогов и ложными заявлениями Коэна, а также о его действиях, не повлекших за собой уголовные обвинения.    «На данном этапе полное обнародование материалов могло бы раскрыть масштаб и направление продолжающегося расследования», – говорится в постановлении, которое Поли вынес в <Anchored To="DCT" U_Class="1-D"><Field Category="Month"><TE Category="Date" Value="2019-02">прошлом месяце</TE></Field></Anchored>.    <Anchored To="DCT" U_Class="2-D"><Field Category="Season"><TE Category="Date" Value="2018-SP">Прошлым летом</TE></Field></Anchored> Коэн признал свою вину в сокрытии более чем 4 миллионов долларов дохода от налоговой службы, предоставлении ложной информации финансовым институтам и нарушении законов о финансировании предвыборных кампаний в связи с упомянутыми выплатами за молчание. Юрист также заявил, что выплаты были произведены по распоряжению Трампа во время предвыборной кампании.    https://www.golos-ameriki.ru/a/fbi-was-probing-mikhael-cohen/4837743.html</annotated>
    </text>
    <annotations>
      <annotation DayOfWeek="2019-W12-2" __Id="609" __Class="DocCreationTime" __From="1" __To="10"/>
      <annotation Category="Date" Value="2019-03-19" __Id="610" __Class="TE" __From="1" __To="10"/>
      <annotation Category="Dur" Value="P1Y-Less" __Id="614" __Class="TE" __From="301" __To="317"/>
      <annotation Category="DayOfWeek" __Id="616" __Class="Field" __From="419" __To="425"/>
      <annotation Through="DCT" U_Class="4" __Id="617" __Class="Restored" __From="419" __To="425"/>
      <annotation Category="Date" Value="2019-W12-2" __Id="618" __Class="TE" __From="419" __To="425"/>
      <annotation Category="MonthName" __Id="621" __Class="Field" __From="716" __To="719"/>
      <annotation Category="Date" Value="2017-07" __Id="622" __Class="TE" __From="716" __To="729"/>
      <annotation Category="Year" __Id="623" __Class="Field" __From="721" __To="729"/>
      <annotation Category="MonthName" __Id="626" __Class="Field" __From="1043" __To="1048"/>
      <annotation Category="Date" Value="2018-04" __Id="627" __Class="TE" __From="1043" __To="1062"/>
      <annotation To="DCT" U_Class="1-D" __Id="628" __Class="Anchored" __From="1050" __To="1062"/>
      <annotation Category="Year" __Id="629" __Class="Field" __From="1050" __To="1062"/>
      <annotation Category="Year" __Id="636" __Class="Field" __From="1855" __To="1863"/>
      <annotation Category="Date" Value="2016" __Id="637" __Class="TE" __From="1855" __To="1863"/>
      <annotation Category="ShiftExp" Formula="AFTER,Dur,Anchor" __Id="639" __Class="TE" __From="1900" __To="1924"/>
      <annotation Category="Dur" Value="P6W-Less" __Id="640" __Class="TE" __From="1907" __To="1924"/>
      <annotation Category="Event" __Id="641" __Class="TE" __From="1985" __To="1996"/>
      <annotation To="DCT" U_Class="1-D" __Id="646" __Class="Anchored" __From="3173" __To="3186"/>
      <annotation Category="Month" __Id="647" __Class="Field" __From="3173" __To="3186"/>
      <annotation Category="Date" Value="2019-02" __Id="648" __Class="TE" __From="3173" __To="3186"/>
      <annotation To="DCT" U_Class="2-D" __Id="650" __Class="Anchored" __From="3192" __To="3204"/>
      <annotation Category="Season" __Id="651" __Class="Field" __From="3192" __To="3204"/>
      <annotation Category="Date" Value="2018-SP" __Id="652" __Class="TE" __From="3192" __To="3204"/>
    </annotations>
    <relations>
      <relation __Id="0" __Class="AnchoredTo"><from><annotation __Id="639"/></from><to><annotation __Id="641"/></to></relation>
    </relations>
  </document>
</xml>
