<xml generator="AnnotationTools" format="public" version="1">
  <document>
    <text>
      <raw> 2019-03-25    Оренбургские следователи проверяют информацию о возможной подмене ребенка в роддоме более полувека назад    Оренбург. 25 марта. ИНТЕРФАКС-ПОВОЛЖЬЕ - Следственное управление СК РФ по Оренбургской области начало проверку по сюжету одного из телеканалов, рассказавшему о возможной подмене ребенка в роддоме, состоявшейся более 50 лет назад.    На официальном сайте регионального управления сообщается, что 25 марта на одном из федеральных телеканалов вышла программа, в которой показан сюжет о семье, проживающей в селе Грачевка Оренбургской области.    &amp;quot;Из содержания телесюжета следует, что дочь, воспитывавшаяся в многодетной семье, предполагает, что она не является их ребенком, так как 54 года назад при рождении ее, возможно, подменили в роддоме. Проведенная организаторами программы экспертиза подтвердила, что женщина, которая, согласно документам, записана дочерью указанной супружеской пары, в действительности не является их биологическим ребенком&amp;quot;, - говорится в пресс-релизе.    В рамках проверки будет истребована медицинская и иная необходимая документация, опрошен персонал медицинского учреждения, а также выполнены иные мероприятия с целью установления лиц, по вине которых произошла подмена ребенка.    По результатам проверки будет принято процессуальное решение.    http://www.interfax-russia.ru/Povoljie/news.asp?sec=1671&amp;amp;id=1016853</raw>
      <annotated> <DocCreationTime DayOfWeek="2019-W13-1"><TE Category="Date" Value="2019-03-25">2019-03-25</TE></DocCreationTime>    Оренбургские следователи проверяют информацию о возможной подмене ребенка в роддоме <TE Category="ShiftExp" Formula="BEFORE,Dur,DCT"><TE Category="Dur" Value="P0.5CE-More">более полувека</TE> назад</TE>    Оренбург. <TE Category="Date" Value="2019-03-25"><Field Category="Day">25</Field> <Field Category="MonthName">марта</Field></TE>. ИНТЕРФАКС-ПОВОЛЖЬЕ - Следственное управление СК РФ по Оренбургской области начало проверку по сюжету одного из телеканалов, рассказавшему о возможной подмене ребенка в роддоме, состоявшейся <TE Category="ShiftExp" Formula="BEFORE,Dur,DCT"><TE Category="Dur" Value="P50Y-More">более 50 лет</TE> назад</TE>.    На официальном сайте регионального управления сообщается, что <TE Category="Date" Value="2019-03-25"><Field Category="Day">25</Field> <Field Category="MonthName">марта</Field></TE> на одном из федеральных телеканалов вышла программа, в которой показан сюжет о семье, проживающей в селе Грачевка Оренбургской области.    &amp;quot;Из содержания телесюжета следует, что дочь, воспитывавшаяся в многодетной семье, предполагает, что она не является их ребенком, так как <TE Category="ShiftExp" Formula="BEFORE,Dur,DCT"><TE Category="Dur" Value="P54Y">54 года</TE> назад</TE> при рождении ее, возможно, подменили в роддоме. Проведенная организаторами программы экспертиза подтвердила, что женщина, которая, согласно документам, записана дочерью указанной супружеской пары, в действительности не является их биологическим ребенком&amp;quot;, - говорится в пресс-релизе.    В рамках проверки будет истребована медицинская и иная необходимая документация, опрошен персонал медицинского учреждения, а также выполнены иные мероприятия с целью установления лиц, по вине которых произошла подмена ребенка.    По результатам проверки будет принято процессуальное решение.    http://www.interfax-russia.ru/Povoljie/news.asp?sec=1671&amp;amp;id=1016853</annotated>
    </text>
<!-- NOTE: Annotation boundaries below corresponds to text without XHTML-entities encoding. -->
    <annotations>
      <annotation DayOfWeek="2019-W13-1" __Id="242" __Class="DocCreationTime" __From="1" __To="10"/>
      <annotation Category="Date" Value="2019-03-25" __Id="243" __Class="TE" __From="1" __To="10"/>
      <annotation Category="ShiftExp" Formula="BEFORE,Dur,DCT" __Id="246" __Class="TE" __From="99" __To="118"/>
      <annotation Category="Dur" Value="P0.5CE-More" __Id="247" __Class="TE" __From="99" __To="112"/>
      <annotation Category="Day" __Id="249" __Class="Field" __From="133" __To="134"/>
      <annotation Category="Date" Value="2019-03-25" __Id="251" __Class="TE" __From="133" __To="140"/>
      <annotation Category="MonthName" __Id="252" __Class="Field" __From="136" __To="140"/>
      <annotation Category="ShiftExp" Formula="BEFORE,Dur,DCT" __Id="256" __Class="TE" __From="333" __To="350"/>
      <annotation Category="Dur" Value="P50Y-More" __Id="257" __Class="TE" __From="333" __To="344"/>
      <annotation Category="Day" __Id="259" __Class="Field" __From="418" __To="419"/>
      <annotation Category="Date" Value="2019-03-25" __Id="260" __Class="TE" __From="418" __To="425"/>
      <annotation Category="MonthName" __Id="261" __Class="Field" __From="421" __To="425"/>
      <annotation Category="ShiftExp" Formula="BEFORE,Dur,DCT" __Id="265" __Class="TE" __From="708" __To="720"/>
      <annotation Category="Dur" Value="P54Y" __Id="266" __Class="TE" __From="708" __To="714"/>
    </annotations>
    <relations>
    </relations>
  </document>
</xml>
