<xml generator="AnnotationTools" format="public" version="1">
  <document>
    <text>
      <raw> 2019-03-12    ГИБДД: штраф за превышение скорости на 10 км/ч может быть введен через 1,5 года    ГИБДД рассчитывает, что штраф за превышение скорости на 10 км/ч будет введен уже через полтора года, сообщил глава автоинспекции Михаил Черников. «Думаю, что если мы в 2019 году примем конструктивное решение, то за период полутора лет это, в принципе, сделать можно»,— сказал господин Черников (цитата по ТАСС).    Руководитель ГИБДД приехал на совещание по безопасности в Приволжском федеральном округе, которое провел секретарь Совбеза РФ Николай Патрушев. В кулуарах мероприятия господин Черников рассказал, что Госавтоинспекция поддерживает идею снизить максимальную разрешенную скорость.    Секретарь Совбеза в свою очередь отметил, что выступает за уголовное наказание за грубые и систематические нарушения правил дорожного движения.    Ранее правительство отложило решение о возвращении штрафа за превышение на 10 км/ч. Источники “Ъ” говорят, что инициатива по ужесточению штрафа выглядит «сырой» и необоснованной.    https://www.kommersant.ru/doc/3908619</raw>
      <annotated> <DocCreationTime DayOfWeek="2019-W11-2"><TE Category="Date" Value="2019-03-12">2019-03-12</TE></DocCreationTime>    ГИБДД: штраф за превышение скорости на 10 км/ч может быть введен <TE Category="ShiftExp" Formula="AFTER,Dur,DCT">через <TE Category="Dur" Value="P1.5Y">1,5 года</TE></TE>    ГИБДД рассчитывает, что штраф за превышение скорости на 10 км/ч будет введен уже <TE Category="ShiftExp" Formula="AFTER,Dur,DCT">через <TE Category="Dur" Value="P1.5Y">полтора года</TE></TE>, сообщил глава автоинспекции Михаил Черников. «Думаю, что если мы в <Field Category="Year"><TE Category="Date" Value="2019">2019 году</TE></Field> примем конструктивное решение, то за период <TE Category="Dur" Value="P1.5Y">полутора лет</TE> это, в принципе, сделать можно»,— сказал господин Черников (цитата по ТАСС).    Руководитель ГИБДД приехал на совещание по безопасности в Приволжском федеральном округе, которое провел секретарь Совбеза РФ Николай Патрушев. В кулуарах мероприятия господин Черников рассказал, что Госавтоинспекция поддерживает идею снизить максимальную разрешенную скорость.    Секретарь Совбеза в свою очередь отметил, что выступает за уголовное наказание за грубые и систематические нарушения правил дорожного движения.    Ранее правительство отложило решение о возвращении штрафа за превышение на 10 км/ч. Источники “Ъ” говорят, что инициатива по ужесточению штрафа выглядит «сырой» и необоснованной.    https://www.kommersant.ru/doc/3908619</annotated>
    </text>
<!-- NOTE: Annotation boundaries below corresponds to text without XHTML-entities encoding. -->
    <annotations>
      <annotation DayOfWeek="2019-W11-2" __Id="207" __Class="DocCreationTime" __From="1" __To="10"/>
      <annotation Category="Date" Value="2019-03-12" __Id="208" __Class="TE" __From="1" __To="10"/>
      <annotation Category="ShiftExp" Formula="AFTER,Dur,DCT" __Id="211" __Class="TE" __From="80" __To="93"/>
      <annotation Category="Dur" Value="P1.5Y" __Id="212" __Class="TE" __From="86" __To="93"/>
      <annotation Category="ShiftExp" Formula="AFTER,Dur,DCT" __Id="215" __Class="TE" __From="179" __To="196"/>
      <annotation Category="Dur" Value="P1.5Y" __Id="216" __Class="TE" __From="185" __To="196"/>
      <annotation Category="Year" __Id="218" __Class="Field" __From="266" __To="274"/>
      <annotation Category="Date" Value="2019" __Id="219" __Class="TE" __From="266" __To="274"/>
      <annotation Category="Dur" Value="P1.5Y" __Id="220" __Class="TE" __From="320" __To="331"/>
    </annotations>
    <relations>
    </relations>
  </document>
</xml>
