<xml generator="AnnotationTools" format-version="1">
  <document>
    <text>
      <raw> 2019-03-21    Новый интерактивный логотип Google использует нейросеть для создания музыки    Таким образом, компания решила отпраздновать предстоящий день рождения Иоганна Себастьяна Баха    Маунтин-Вью, США, 21 марта 2019, 08:20 — REGNUM  Новый дудл (логотип поисковой машины, может быть статичным, анимированным или интерактивным) Google сделан на основе искусственного интеллекта. Компания обновила его 21 марта, за 10 дней до рождения Иоганна Себастьяна Баха.    Нейросеть позволяет всем пользователям сервиса выступить в роли композитора, в основу её обучения легли 306 произведений знаменитого композитора. Таким образом, любой может набросать простую мелодию, а искусственный интеллект на её основе и на базе выявленного алгоритма создаст новое произведение. Стоит отметить, что пользователям доступен ряд настроек, в которых они могут попытаться разобраться самостоятельно.    Напомним, 20 марта 2019 года стало известно, что власти ЕС наложили на Google уже третий по счету штраф за нарушение антимонопольного законодательства. На этот раз сумма штрафа составила €1,49 млрд.    https://regnum.ru/news/2595430.html</raw>
      <annotated> <DocCreationTime DayOfWeek="2019-W12-4"><TE Category="Date" Value="2019-03-21">2019-03-21</TE></DocCreationTime>    Новый интерактивный логотип Google использует нейросеть для создания музыки    Таким образом, компания решила отпраздновать <Anchored To="DCT" U_Class="1-D"><Field Category="Day">предстоящий день</Field></Anchored> рождения Иоганна Себастьяна Баха    Маунтин-Вью, США, <TE Category="Date" Value="2019-03-21"><Field Category="Day">21</Field> <Field Category="MonthName">марта</Field> <Field Category="Year">2019</Field></TE>, 08:20 — REGNUM  Новый дудл (логотип поисковой машины, может быть статичным, анимированным или интерактивным) Google сделан на основе искусственного интеллекта. Компания обновила его <TE Category="Date" Value="2019-03-21"><Field Category="Day">21</Field> <Field Category="MonthName"><Restored Through="DCT" U_Class="4">марта</Restored></Field></TE>, <Anchored To="Text" U_Class="7-A"><TE Category="ShiftExp" Formula="BEFORE,Dur,Anchor">за <TE Category="Dur" Value="P10D">10 дней</TE></TE></Anchored> до <TE Category="Event">рождения</TE> Иоганна Себастьяна Баха.    Нейросеть позволяет всем пользователям сервиса выступить в роли композитора, в основу её обучения легли 306 произведений знаменитого композитора. Таким образом, любой может набросать простую мелодию, а искусственный интеллект на её основе и на базе выявленного алгоритма создаст новое произведение. Стоит отметить, что пользователям доступен ряд настроек, в которых они могут попытаться разобраться самостоятельно.    Напомним, <TE Category="Date" Value="2019-03-20"><Field Category="Day">20</Field> <Field Category="MonthName">марта</Field> <Field Category="Year">2019 года</Field></TE> стало известно, что власти ЕС наложили на Google уже третий по счету штраф за нарушение антимонопольного законодательства. На этот раз сумма штрафа составила €1,49 млрд.    https://regnum.ru/news/2595430.html</annotated>
    </text>
    <annotations>
      <annotation DayOfWeek="2019-W12-4" __Id="206" __Class="DocCreationTime" __From="1" __To="10"/>
      <annotation Category="Date" Value="2019-03-21" __Id="207" __Class="TE" __From="1" __To="10"/>
      <annotation To="DCT" U_Class="1-D" __Id="210" __Class="Anchored" __From="139" __To="154"/>
      <annotation Category="Day" __Id="211" __Class="Field" __From="139" __To="154"/>
      <annotation Category="Day" __Id="213" __Class="Field" __From="210" __To="211"/>
      <annotation Category="Date" Value="2019-03-21" __Id="214" __Class="TE" __From="210" __To="222"/>
      <annotation Category="MonthName" __Id="215" __Class="Field" __From="213" __To="217"/>
      <annotation Category="Year" __Id="216" __Class="Field" __From="219" __To="222"/>
      <annotation Category="Day" __Id="218" __Class="Field" __From="407" __To="408"/>
      <annotation Category="Date" Value="2019-03-21" __Id="219" __Class="TE" __From="407" __To="414"/>
      <annotation Category="MonthName" __Id="220" __Class="Field" __From="410" __To="414"/>
      <annotation Through="DCT" U_Class="4" __Id="221" __Class="Restored" __From="410" __To="414"/>
      <annotation To="Text" U_Class="7-A" __Id="222" __Class="Anchored" __From="417" __To="426"/>
      <annotation Category="ShiftExp" Formula="BEFORE,Dur,Anchor" __Id="223" __Class="TE" __From="417" __To="426"/>
      <annotation Category="Dur" Value="P10D" __Id="224" __Class="TE" __From="420" __To="426"/>
      <annotation Category="Event" __Id="225" __Class="TE" __From="431" __To="438"/>
      <annotation Category="Day" __Id="230" __Class="Field" __From="896" __To="897"/>
      <annotation Category="Date" Value="2019-03-20" __Id="231" __Class="TE" __From="896" __To="913"/>
      <annotation Category="MonthName" __Id="232" __Class="Field" __From="899" __To="903"/>
      <annotation Category="Year" __Id="233" __Class="Field" __From="905" __To="913"/>
    </annotations>
    <relations>
      <relation __Id="0" __Class="AnchoredTo"><from><annotation __Id="223"/></from><to><annotation __Id="225"/></to></relation>
    </relations>
  </document>
</xml>
