<xml generator="AnnotationTools" format="public" version="1">
  <document>
    <text>
      <raw> 2019-03-25    Гандболистка &amp;quot;Ростова-Дона&amp;quot; Родригес вернулась к тренировкам спустя год    МОСКВА, 25 мар - РИА Новости. Бразильская гандболистка &amp;quot;Ростова-Дона&amp;quot; Ана Паула Родригес возобновила тренировки после почти годичного перерыва, связанного с тяжелой травмой, сообщается на официальном сайте команды из Ростова-на-Дону.  Разыгрывающая получила разрыв ахиллова сухожилия 12 мая прошлого года во время матча &amp;quot;Ростова-Дона&amp;quot; с македонским &amp;quot;Вардаром&amp;quot; в &amp;quot;Финале четырех&amp;quot; Лиги чемпионов в Будапеште. Спустя три дня Родригес была прооперирована в столице Венгрии, после чего начался длительный период восстановления. В понедельник бразильянка, 23 марта прилетевшая в Ростов-на-Дону, провела первую тренировку с командой после получения травмы.    &amp;quot;Чувствую себя хорошо. Очень рада, что вернулась в команду. Даже верится с трудом, что это произошло. Сложно подобрать правильные слова, чтобы описать мое состояние. Когда я смогу играть? Это непростой вопрос. Но каждый день я упорно работаю и делаю все возможное, чтобы скорее вернуться на площадку. Все эти месяцы я очень скучала по девочкам. И вот, наконец, я снова здесь&amp;quot;, - сказала Родригес.    Родригес выступает за &amp;quot;Ростов-Дон&amp;quot; с 2016 года. Вместе с командой она стала двукратной чемпионкой России и выиграла Кубок EHF.    https://rsport.ria.ru/20190325/1552100242.html</raw>
      <annotated> <DocCreationTime DayOfWeek="2019-W13-1"><TE Category="Date" Value="2019-03-25">2019-03-25</TE></DocCreationTime>    Гандболистка &amp;quot;Ростова-Дона&amp;quot; Родригес вернулась к тренировкам <TE Category="ShiftExp" Formula="AFTER,Dur,Anchor">спустя <TE Category="Dur" Value="P1Y">год</TE></TE>    МОСКВА, <TE Category="Date" Value="2019-03-25"><Field Category="Day">25</Field> <Field Category="MonthName">мар</Field></TE> - РИА Новости. Бразильская гандболистка &amp;quot;Ростова-Дона&amp;quot; Ана Паула Родригес возобновила тренировки после почти годичного перерыва, связанного с тяжелой травмой, сообщается на официальном сайте команды из Ростова-на-Дону.  Разыгрывающая получила разрыв ахиллова сухожилия <TE Category="Date" Value="2018-05-12"><Field Category="Day">12</Field> <Field Category="MonthName">мая</Field> <Field Category="Year">прошлого года</Field></TE> во время матча &amp;quot;Ростова-Дона&amp;quot; с македонским &amp;quot;Вардаром&amp;quot; в &amp;quot;Финале четырех&amp;quot; Лиги чемпионов в Будапеште. <TE Category="ShiftExp" Formula="AFTER,Dur,Anchor">Спустя <TE Category="Dur" Value="P3D">три дня</TE></TE> Родригес была прооперирована в столице Венгрии, после чего начался длительный период восстановления. В <Field Category="DayOfWeek"><TE Category="Date" Value="2019-W13-1">понедельник</TE></Field> бразильянка, <TE Category="Date" Value="2019-03-23"><Field Category="Day">23</Field> <Field Category="MonthName">марта</Field></TE> прилетевшая в Ростов-на-Дону, провела первую тренировку с командой после получения травмы.    &amp;quot;Чувствую себя хорошо. Очень рада, что вернулась в команду. Даже верится с трудом, что это произошло. Сложно подобрать правильные слова, чтобы описать мое состояние. Когда я смогу играть? Это непростой вопрос. Но каждый день я упорно работаю и делаю все возможное, чтобы скорее вернуться на площадку. Все эти месяцы я очень скучала по девочкам. И вот, наконец, я снова здесь&amp;quot;, - сказала Родригес.    Родригес выступает за &amp;quot;Ростов-Дон&amp;quot; с <Field Category="Year"><TE Category="Date" Value="2016">2016 года</TE></Field>. Вместе с командой она стала двукратной чемпионкой России и выиграла Кубок EHF.    https://rsport.ria.ru/20190325/1552100242.html</annotated>
    </text>
<!-- NOTE: Annotation boundaries below corresponds to text without XHTML-entities encoding. -->
    <annotations>
      <annotation DayOfWeek="2019-W13-1" __Id="263" __Class="DocCreationTime" __From="1" __To="10"/>
      <annotation Category="Date" Value="2019-03-25" __Id="264" __Class="TE" __From="1" __To="10"/>
      <annotation Category="ShiftExp" Formula="AFTER,Dur,Anchor" __Id="267" __Class="TE" __From="86" __To="95"/>
      <annotation Category="Dur" Value="P1Y" __Id="268" __Class="TE" __From="93" __To="95"/>
      <annotation Category="Day" __Id="270" __Class="Field" __From="108" __To="109"/>
      <annotation Category="Date" Value="2019-03-25" __Id="271" __Class="TE" __From="108" __To="113"/>
      <annotation Category="MonthName" __Id="272" __Class="Field" __From="111" __To="113"/>
      <annotation Category="Day" __Id="276" __Class="Field" __From="394" __To="395"/>
      <annotation Category="Date" Value="2018-05-12" __Id="277" __Class="TE" __From="394" __To="413"/>
      <annotation Category="MonthName" __Id="278" __Class="Field" __From="397" __To="399"/>
      <annotation Category="Year" __Id="280" __Class="Field" __From="401" __To="413"/>
      <annotation Category="ShiftExp" Formula="AFTER,Dur,Anchor" __Id="283" __Class="TE" __From="547" __To="560"/>
      <annotation Category="Dur" Value="P3D" __Id="284" __Class="TE" __From="554" __To="560"/>
      <annotation Category="DayOfWeek" __Id="286" __Class="Field" __From="665" __To="675"/>
      <annotation Category="Date" Value="2019-W13-1" __Id="288" __Class="TE" __From="665" __To="675"/>
      <annotation Category="Day" __Id="289" __Class="Field" __From="690" __To="691"/>
      <annotation Category="Date" Value="2019-03-23" __Id="290" __Class="TE" __From="690" __To="697"/>
      <annotation Category="MonthName" __Id="291" __Class="Field" __From="693" __To="697"/>
      <annotation Category="Year" __Id="303" __Class="Field" __From="1250" __To="1258"/>
      <annotation Category="Date" Value="2016" __Id="304" __Class="TE" __From="1250" __To="1258"/>
    </annotations>
    <relations>
      <relation __Id="0" __Class="AnchoredTo"><from><annotation __Id="283"/></from><to><annotation __Id="277"/></to></relation>
    </relations>
  </document>
</xml>
