<xml generator="AnnotationTools" format-version="1">
  <document>
    <text>
      <raw> 2019-03-26    Не успел выйти из клетки: Макгрегора обвинили в изнасиловании  Конор Макгрегор подозревается в изнасиловании    Ирландский боец Конор Макгрегор, объявивший о завершении карьеры в ММА, подозревается в сексуальном насилии. Как сообщает New York Times, в декабре 2018 года девушка, чье имя не называется, выдвинула против спортсмена обвинения. По данному факту ведется расследование.    Ирландский боец смешанных единоборств Конор Макгрегор, объявивший о завершении своей карьеры в ММА, влип в очередную скандальную историю. Знаменитый спортсмен подозревается в сексуальном насиловании. Об этом сообщает американская газета New York Times. По данным издания, в декабре прошлого года девушка, чье имя не афишируется, обвинила Макгрегора в изнасиловании и обратилась с заявлением в полицию.    Отмечается, что спортсмен через месяц был задержан правоохранительными органами. Во время ареста ирландец выступил на допросе перед полицейскими и вскоре отпущен в связи с отсутствием доказательств в совершении преступления.    Несмотря на то, что факт вины Макгрегора не доказан, расследование по данному делу не было закрыто и продолжается до сих пор. Отмечается, что случай мог произойти в отеле на окраине Дублина, где проживал ирландский спортсмен. Однако, по сообщениям СМИ, Макгрегор находился в гостинице лишь одну ночь.    Интересен также тот факт, что первой новость о возможном изнасиловании передала местная пресса. Однако тогда ирландские СМИ, сообщая о заявлении девушки, якобы пострадавшей в результате действий сексуально-насильственного характера, имя спортсмена не упоминали.    Сделано это было из-за особенностей законодательства Ирландии. Согласно ему, СМИ не имеют права идентифицировать личностей, обвиняемых в изнасиловании, до того, как их причастность к преступлению будет подтверждена.    В противном случае данные публикации могут быть обжалованы в суде, который с большой долей вероятности выиграет истец, обвинив издание в клевете и оскорблении чести и достоинства человека.    Отмечается, что ирландские журналисты, проверяя информацию о возможном преступлении со стороны Макгрегора, обратились в правоохранительные органы за комментарием. Однако представитель полицейской службы не подтвердил причастность спортсмена к криминальным действиям. При этом в полиции отметили, что Конор действительно был арестован 17 марта и освобожден в тот же день.    Дело по обвинению ирландского бойца в изнасиловании было передано в национальную прокуратуру на рассмотрение.    Напомним, что проблемы с законом преследуют Макгрегора не первый месяц. 12 марта ирландец был арестован по подозрению в нападении на людей. В частности, один из болельщиков и любителей смешанных единоборств Ахмед Абдирзак подал заявление на спортсмена, обвинив его в нанесении побоев, нападении и причинении морального вреда. По его словам, Макгрегор отобрал у него телефон во время того, как фанат пытался сфотографировать ирландца. Сам Конор швырнул смартфон на асфальт, разбил его, а затем утащил его с собой.    Против бойца был подан гражданский иск, который зарегистрировал Американский окружной суд Майами-Дейд из штата Флорида. Согласно ему, 22-летний фанат требует от Макгрегора компенсацию в размере $15 тысяч. Дело передано в суд, слушание состоится 12 апреля.    Сам Конор 26 марта шокировал весь мир смешанных единоборств, объявив о завершении своей карьеры в ММА. В своем твиттере бывший чемпион UFC в двух весовых категориях заявил о решении «уйти на пенсию».    «Привет, ребята. У меня просто быстрое объявление. Я решил завершить свою карьеру в спорте, который формально называется «смешанные единоборства», начиная с сегодняшнего дня. Желаю всем моим старым коллегам успехов в их дальнейших состязаниях. Я теперь спокойно присоединюсь к бывшим партнерам по всему этому уже «на пенсии». С меня всем «Пина Колада», — написал Макгрегор.    Свою карьеру в ММА 30-летний ирландец начал в 2008 году. За 10 лет он провел 25 поединков, в которых одержал 21 победу (18 — нокаутом). Еще четыре боя завершились поражением ирландца. Последний бой Конора Макгрегора датирован 6 октября 2018 года. На турнире UFC 229 он уступил российскому чемпиону промоушена в легкой весовой категории Хабибу Нурмагомедову, сдавшись в четвертом раунде после болевого приема от россиянина.    С другими новостями, материалами и статистикой вы можете ознакомиться на странице бокса и ММА, а также в группах отдела спорта в социальных сетях Facebook и «Вконтакте».    https://www.gazeta.ru/sport/2019/03/26/a 12267356.shtml</raw>
      <annotated> <DocCreationTime><TE>2019-03-26</TE></DocCreationTime>    Не успел выйти из клетки: Макгрегора обвинили в изнасиловании  Конор Макгрегор подозревается в изнасиловании    Ирландский боец Конор Макгрегор, объявивший о завершении карьеры в ММА, подозревается в сексуальном насилии. Как сообщает New York Times, в <TE><Field Category="MonthName">декабре</Field> <Field Category="Year">2018 года</Field></TE> девушка, чье имя не называется, выдвинула против спортсмена обвинения. По данному факту ведется расследование.    Ирландский боец смешанных единоборств Конор Макгрегор, объявивший о завершении своей карьеры в ММА, влип в очередную скандальную историю. Знаменитый спортсмен подозревается в сексуальном насиловании. Об этом сообщает американская газета New York Times. По данным издания, в <TE><Field Category="MonthName">декабре</Field> <Anchored To="DCT"><Field Category="Year">прошлого года</Field></Anchored></TE> девушка, чье имя не афишируется, обвинила Макгрегора в изнасиловании и обратилась с заявлением в полицию.    Отмечается, что спортсмен <Anchored To="DCT"><TE>через <TE>месяц</TE></TE></Anchored> был задержан правоохранительными органами. Во время ареста ирландец выступил на допросе перед полицейскими и вскоре отпущен в связи с отсутствием доказательств в совершении преступления.    Несмотря на то, что факт вины Макгрегора не доказан, расследование по данному делу не было закрыто и продолжается до сих пор. Отмечается, что случай мог произойти в отеле на окраине Дублина, где проживал ирландский спортсмен. Однако, по сообщениям СМИ, Макгрегор находился в гостинице лишь одну ночь.    Интересен также тот факт, что первой новость о возможном изнасиловании передала местная пресса. Однако тогда ирландские СМИ, сообщая о заявлении девушки, якобы пострадавшей в результате действий сексуально-насильственного характера, имя спортсмена не упоминали.    Сделано это было из-за особенностей законодательства Ирландии. Согласно ему, СМИ не имеют права идентифицировать личностей, обвиняемых в изнасиловании, до того, как их причастность к преступлению будет подтверждена.    В противном случае данные публикации могут быть обжалованы в суде, который с большой долей вероятности выиграет истец, обвинив издание в клевете и оскорблении чести и достоинства человека.    Отмечается, что ирландские журналисты, проверяя информацию о возможном преступлении со стороны Макгрегора, обратились в правоохранительные органы за комментарием. Однако представитель полицейской службы не подтвердил причастность спортсмена к криминальным действиям. При этом в полиции отметили, что Конор действительно был арестован <TE><Field Category="Day">17</Field> <Field Category="MonthName"><Restored Through="DCT">марта</Restored></Field></TE> и освобожден в <Anchored To="Text"><Field Category="Day"><TE>тот же день</TE></Field></Anchored>.    Дело по обвинению ирландского бойца в изнасиловании было передано в национальную прокуратуру на рассмотрение.    Напомним, что проблемы с законом преследуют Макгрегора не первый месяц. <TE><Field Category="Day">12</Field> <Field Category="MonthName"><Restored Through="DCT">марта</Restored></Field></TE> ирландец был арестован по подозрению в нападении на людей. В частности, один из болельщиков и любителей смешанных единоборств Ахмед Абдирзак подал заявление на спортсмена, обвинив его в нанесении побоев, нападении и причинении морального вреда. По его словам, Макгрегор отобрал у него телефон во время того, как фанат пытался сфотографировать ирландца. Сам Конор швырнул смартфон на асфальт, разбил его, а затем утащил его с собой.    Против бойца был подан гражданский иск, который зарегистрировал Американский окружной суд Майами-Дейд из штата Флорида. Согласно ему, 22-летний фанат требует от Макгрегора компенсацию в размере $15 тысяч. Дело передано в суд, слушание состоится <TE><Field Category="Day">12</Field> <Field Category="MonthName"><Restored Through="DCT">апреля</Restored></Field></TE>.    Сам Конор <TE><Field Category="Day">26</Field> <Field Category="MonthName"><Restored Through="DCT">марта</Restored></Field></TE> шокировал весь мир смешанных единоборств, объявив о завершении своей карьеры в ММА. В своем твиттере бывший чемпион UFC в двух весовых категориях заявил о решении «уйти на пенсию».    «Привет, ребята. У меня просто быстрое объявление. Я решил завершить свою карьеру в спорте, который формально называется «смешанные единоборства», начиная с <Anchored To="DCT"><Field Category="Day"><TE>сегодняшнего дня</TE></Field></Anchored>. Желаю всем моим старым коллегам успехов в их дальнейших состязаниях. Я теперь спокойно присоединюсь к бывшим партнерам по всему этому уже «на пенсии». С меня всем «Пина Колада», — написал Макгрегор.    Свою карьеру в ММА 30-летний ирландец начал в <Field Category="Year"><TE>2008 году</TE></Field>. За <TE>10 лет</TE> он провел 25 поединков, в которых одержал 21 победу (18 — нокаутом). Еще четыре боя завершились поражением ирландца. Последний бой Конора Макгрегора датирован <TE><Field Category="Day">6</Field> <Field Category="MonthName">октября</Field> <Field Category="Year">2018 года</Field></TE>. На турнире UFC 229 он уступил российскому чемпиону промоушена в легкой весовой категории Хабибу Нурмагомедову, сдавшись в четвертом раунде после болевого приема от россиянина.    С другими новостями, материалами и статистикой вы можете ознакомиться на странице бокса и ММА, а также в группах отдела спорта в социальных сетях Facebook и «Вконтакте».    https://www.gazeta.ru/sport/2019/03/26/a 12267356.shtml</annotated>
    </text>
    <annotations>
      <annotation DayOfWeek="2019-W13-2" __Id="821" __Class="DocCreationTime" __From="1" __To="10"/>
      <annotation Category="Date" Value="2019-03-26" __Id="822" __Class="TE" __From="1" __To="10"/>
      <annotation Category="MonthName" __Id="827" __Class="Field" __From="267" __To="273"/>
      <annotation Category="Date" Value="2018-12" __Id="828" __Class="TE" __From="267" __To="283"/>
      <annotation Category="Year" __Id="829" __Class="Field" __From="275" __To="283"/>
      <annotation Category="MonthName" __Id="835" __Class="Field" __From="673" __To="679"/>
      <annotation Category="Date" Value="2018-12" __Id="836" __Class="TE" __From="673" __To="693"/>
      <annotation To="DCT" U_Class="1-D" __Id="837" __Class="Anchored" __From="681" __To="693"/>
      <annotation Category="Year" __Id="838" __Class="Field" __From="681" __To="693"/>
      <annotation To="DCT" U_Class="7-DA" __Id="840" __Class="Anchored" __From="830" __To="840"/>
      <annotation Category="ShiftExp" Formula="AFTER,Dur,Anchor" __Id="841" __Class="TE" __From="830" __To="840"/>
      <annotation Category="Dur" Value="P1M" __Id="842" __Class="TE" __From="836" __To="840"/>
      <annotation Category="Day" __Id="855" __Class="Field" __From="2346" __To="2347"/>
      <annotation Category="Date" Value="2019-03-17" __Id="856" __Class="TE" __From="2346" __To="2353"/>
      <annotation Category="MonthName" __Id="857" __Class="Field" __From="2349" __To="2353"/>
      <annotation Through="DCT" U_Class="4" __Id="858" __Class="Restored" __From="2349" __To="2353"/>
      <annotation To="Text" U_Class="1-A" __Id="859" __Class="Anchored" __From="2370" __To="2380"/>
      <annotation Category="Day" __Id="860" __Class="Field" __From="2370" __To="2380"/>
      <annotation Category="Date" Value="2019-03-17" __Id="861" __Class="TE" __From="2370" __To="2380"/>
      <annotation Category="Day" __Id="864" __Class="Field" __From="2571" __To="2572"/>
      <annotation Category="Date" Value="2019-03-12" __Id="866" __Class="TE" __From="2571" __To="2578"/>
      <annotation Category="MonthName" __Id="867" __Class="Field" __From="2574" __To="2578"/>
      <annotation Through="DCT" U_Class="4" __Id="868" __Class="Restored" __From="2574" __To="2578"/>
      <annotation Category="Day" __Id="875" __Class="Field" __From="3260" __To="3261"/>
      <annotation Category="Date" Value="2019-04-12" __Id="876" __Class="TE" __From="3260" __To="3268"/>
      <annotation Category="MonthName" __Id="877" __Class="Field" __From="3263" __To="3268"/>
      <annotation Through="DCT" U_Class="4" __Id="878" __Class="Restored" __From="3263" __To="3268"/>
      <annotation Category="Day" __Id="880" __Class="Field" __From="3284" __To="3285"/>
      <annotation Category="Date" Value="2019-03-26" __Id="881" __Class="TE" __From="3284" __To="3291"/>
      <annotation Category="MonthName" __Id="882" __Class="Field" __From="3287" __To="3291"/>
      <annotation Through="DCT" U_Class="4" __Id="883" __Class="Restored" __From="3287" __To="3291"/>
      <annotation To="DCT" U_Class="1-D" __Id="888" __Class="Anchored" __From="3634" __To="3649"/>
      <annotation Category="Day" __Id="889" __Class="Field" __From="3634" __To="3649"/>
      <annotation Category="Date" Value="2019-03-26" __Id="890" __Class="TE" __From="3634" __To="3649"/>
      <annotation Category="Year" __Id="895" __Class="Field" __From="3900" __To="3908"/>
      <annotation Category="Date" Value="2008" __Id="896" __Class="TE" __From="3900" __To="3908"/>
      <annotation Category="Dur" Value="P10Y" __Id="898" __Class="TE" __From="3914" __To="3919"/>
      <annotation Category="Day" __Id="901" __Class="Field" __From="4080" __To="4080"/>
      <annotation Category="Date" Value="2018-10-06" __Id="902" __Class="TE" __From="4080" __To="4098"/>
      <annotation Category="MonthName" __Id="903" __Class="Field" __From="4082" __To="4088"/>
      <annotation Category="Year" __Id="904" __Class="Field" __From="4090" __To="4098"/>
    </annotations>
    <relations>
      <relation __Id="0" __Class="AnchoredTo"><from><annotation __Id="841"/></from><to><annotation __Id="836"/></to></relation>
    </relations>
  </document>
</xml>
