<xml generator="AnnotationTools" target="public" format-version="1">
  <document>
    <text>
      <raw> 2019-03-10    При пожаре в церкви в Пензенской области сгорели мощи святого  В Пензенской области в церкви Михаила Архангела произошел пожар, в результате чего сгорели мощи святого старца Иоанна Кочетовского. Возгорание зафиксировано в ночь на Масленицу.     Пожар имел место в населенном пункте Кочетовка, входящем в состав Каменского района. По утверждениям очевидцев, деревянное здание церкви успело выгореть дотла. Внутри хранилась рака с мощами святого Иоанна, являвшегося уроженцем села. Считалось, что при жизни старец мог предсказывать будущее, а после его кончины люди заявляли о выздоровлении от различных недугов после посещения могилы покойного. Канонизирован Кочетовский был минувшим летом, решение о переносе его мощей в церковь принималось осенью 2018 года.    Официальных комментариев относительно причин пожара от экстренных служб Пензенской области не поступало. Однако местные жители допускают, что к возгоранию привела неисправная проводка, притом что новое здание на месте старой конструкции XIX столетия открылось лишь год назад.     https://actualnews.org/exclusive/281253-pri-pozhare-v-cerkvi-v-penzenskoy-oblasti-sgoreli-moschi-svyatogo.html</raw>
      <annotated> <DocCreationTime DayOfWeek="2019-W10-7"><TE Category="Date" Value="2019-03-10">2019-03-10</TE></DocCreationTime>    При пожаре в церкви в Пензенской области сгорели мощи святого  В Пензенской области в церкви Михаила Архангела произошел пожар, в результате чего сгорели мощи святого старца Иоанна Кочетовского. Возгорание зафиксировано в ночь на Масленицу.     Пожар имел место в населенном пункте Кочетовка, входящем в состав Каменского района. По утверждениям очевидцев, деревянное здание церкви успело выгореть дотла. Внутри хранилась рака с мощами святого Иоанна, являвшегося уроженцем села. Считалось, что при жизни старец мог предсказывать будущее, а после его кончины люди заявляли о выздоровлении от различных недугов после посещения могилы покойного. Канонизирован Кочетовский был <Anchored To="DCT" U_Class="2-D"><Field Category="Season"><TE Category="Date" Value="2018-SU">минувшим летом</TE></Field></Anchored>, решение о переносе его мощей в церковь принималось <TE Category="Date" Value="2018-FA"><Field Category="Season">осенью</Field> <Field Category="Year">2018 года</Field></TE>.    Официальных комментариев относительно причин пожара от экстренных служб Пензенской области не поступало. Однако местные жители допускают, что к возгоранию привела неисправная проводка, притом что новое здание на месте старой конструкции <Field Category="Century"><TE Category="Date" Value="18">XIX столетия</TE></Field> открылось лишь <Anchored To="DCT" U_Class="7-D"><TE Category="ShiftExp" Formula="BEFORE,Dur,DCT"><TE Category="Dur" Value="P1Y">год</TE> назад</TE></Anchored>.     https://actualnews.org/exclusive/281253-pri-pozhare-v-cerkvi-v-penzenskoy-oblasti-sgoreli-moschi-svyatogo.html</annotated>
    </text>
    <annotations>
      <annotation DayOfWeek="2019-W10-7" __Id="197" __Class="DocCreationTime" __From="1" __To="10"/>
      <annotation Category="Date" Value="2019-03-10" __Id="198" __Class="TE" __From="1" __To="10"/>
      <annotation To="DCT" U_Class="2-D" __Id="207" __Class="Anchored" __From="689" __To="702"/>
      <annotation Category="Season" __Id="208" __Class="Field" __From="689" __To="702"/>
      <annotation Category="Date" Value="2018-SU" __Id="209" __Class="TE" __From="689" __To="702"/>
      <annotation Category="Season" __Id="210" __Class="Field" __From="756" __To="761"/>
      <annotation Category="Date" Value="2018-FA" __Id="211" __Class="TE" __From="756" __To="771"/>
      <annotation Category="Year" __Id="212" __Class="Field" __From="763" __To="771"/>
      <annotation Category="Century" __Id="215" __Class="Field" __From="1014" __To="1025"/>
      <annotation Category="Date" Value="18" __Id="216" __Class="TE" __From="1014" __To="1025"/>
      <annotation To="DCT" U_Class="7-D" __Id="217" __Class="Anchored" __From="1042" __To="1050"/>
      <annotation Category="ShiftExp" Formula="BEFORE,Dur,DCT" __Id="218" __Class="TE" __From="1042" __To="1050"/>
      <annotation Category="Dur" Value="P1Y" __Id="219" __Class="TE" __From="1042" __To="1044"/>
    </annotations>
    <relations>
    </relations>
  </document>
</xml>
