<xml generator="AnnotationTools" target="public" format-version="1">
  <document>
    <text>
      <raw> 2019-03-12    В Сети появился новый трейлер &quot;Аладдина&quot; Гая Ричи    Компания Disney опубликовала на своем YouTube-канале новый трейлер фильма &quot;Аладдин&quot;. Режиссером картины стал Гай Ричи, а одну из главных ролей – синекожего Джинна из лампы – исполнил Уилл Смит.    Самого Аладдина сыграл Мена Массуд, Жасмин – Наоми Скотт, Джафара – Марван Кензари. Премьера &quot;Аладдина&quot; состоится 22 мая. В российский прокат фильм выйдет днем позже, 23 мая.    Оригинальная версия увидела свет в 1992 году. Анимационная лента Рона Клементса и Джона Маскера получила два &quot;Оскара&quot;, выиграв в номинациях &quot;Лучшая песня&quot; и &quot;Лучший оригинальный саундтрек&quot;. В мировом прокате мультфильм заработал 500 миллионов долларов.    https://www.m24.ru/news/kultura/12032019/68794</raw>
      <annotated> <DocCreationTime DayOfWeek="2019-W11-2"><TE Category="Date" Value="2019-03-12">2019-03-12</TE></DocCreationTime>    В Сети появился новый трейлер &quot;Аладдина&quot; Гая Ричи    Компания Disney опубликовала на своем YouTube-канале новый трейлер фильма &quot;Аладдин&quot;. Режиссером картины стал Гай Ричи, а одну из главных ролей – синекожего Джинна из лампы – исполнил Уилл Смит.    Самого Аладдина сыграл Мена Массуд, Жасмин – Наоми Скотт, Джафара – Марван Кензари. Премьера &quot;Аладдина&quot; состоится <TE Category="Date" Value="2019-05-22"><Field Category="Day">22</Field> <Field Category="MonthName"><Restored Through="DCT" U_Class="4">мая</Restored></Field></TE>. В российский прокат фильм выйдет <Anchored To="Text" U_Class="7-A"><TE Category="ShiftExp" Formula="AFTER,Dur,Anchor"><TE Category="Dur" Value="P1D">днем</TE> позже</TE></Anchored>, <TE Category="Date" Value="2019-05-23"><Field Category="Day">23</Field> <Field Category="MonthName"><Restored Through="DCT" U_Class="4">мая</Restored></Field></TE>.    Оригинальная версия увидела свет в <Field Category="Year"><TE Category="Date" Value="1992">1992 году</TE></Field>. Анимационная лента Рона Клементса и Джона Маскера получила два &quot;Оскара&quot;, выиграв в номинациях &quot;Лучшая песня&quot; и &quot;Лучший оригинальный саундтрек&quot;. В мировом прокате мультфильм заработал 500 миллионов долларов.    https://www.m24.ru/news/kultura/12032019/68794</annotated>
    </text>
    <annotations>
      <annotation DayOfWeek="2019-W11-2" __Id="166" __Class="DocCreationTime" __From="1" __To="10"/>
      <annotation Category="Date" Value="2019-03-12" __Id="167" __Class="TE" __From="1" __To="10"/>
      <annotation Category="Day" __Id="173" __Class="Field" __From="409" __To="410"/>
      <annotation Category="Date" Value="2019-05-22" __Id="174" __Class="TE" __From="409" __To="414"/>
      <annotation Category="MonthName" __Id="175" __Class="Field" __From="412" __To="414"/>
      <annotation Through="DCT" U_Class="4" __Id="176" __Class="Restored" __From="412" __To="414"/>
      <annotation To="Text" U_Class="7-A" __Id="178" __Class="Anchored" __From="450" __To="459"/>
      <annotation Category="ShiftExp" Formula="AFTER,Dur,Anchor" __Id="179" __Class="TE" __From="450" __To="459"/>
      <annotation Category="Dur" Value="P1D" __Id="180" __Class="TE" __From="450" __To="453"/>
      <annotation Category="Day" __Id="181" __Class="Field" __From="462" __To="463"/>
      <annotation Category="Date" Value="2019-05-23" __Id="182" __Class="TE" __From="462" __To="467"/>
      <annotation Category="MonthName" __Id="183" __Class="Field" __From="465" __To="467"/>
      <annotation Through="DCT" U_Class="4" __Id="184" __Class="Restored" __From="465" __To="467"/>
      <annotation Category="Year" __Id="186" __Class="Field" __From="508" __To="516"/>
      <annotation Category="Date" Value="1992" __Id="187" __Class="TE" __From="508" __To="516"/>
    </annotations>
    <relations>
      <relation __Id="0" __Class="AnchoredTo"><from><annotation __Id="179"/></from><to><annotation __Id="174"/></to></relation>
    </relations>
  </document>
</xml>
