<xml generator="AnnotationTools" format-version="1">
  <document>
    <text>
      <raw> 2019-03-07    Компания, которая вела дела Игнатьева, прекратила с ним сотрудничество более месяца назад    Компания ProSports Manegment, которая ведет дела многих российских футболистов, сообщила, что прекратила сотрудничество с нападающим &quot;Краснодара&quot; Иваном Игнатьевым. В среду стало известно, что между игроком и клубом возникло недопонимание по новому контракту.     &quot;В связи со многими сообщениями в СМИ, а так же поступающими запросами, ProSports Manegment информирует, что компания и Иван Игнатьев приняли решение прекратить сотрудничество более месяца назад. Поэтому сложившаяся ситуация полностью находится в рамках отношений клуб-игрок.    Учитывая вышесказанное, компания ProSports Manegment хотела бы воздержаться от любых комментариев на эту тему, а также от комментариев на тему прекращения сотрудничества с самим Игнатьевым&quot;, - говорится в пресс-релизе ProSports Manegment.    https://www.sport-express.ru/football/rfpl/news/kompaniya-kotoraya-vela-dela-ignateva-prekratila-s-nim-sotrudnichestvo-bolee-mesyaca-nazad-1520562/</raw>
      <annotated> <DocCreationTime DayOfWeek="2019-W10-4"><TE Category="Date" Value="2019-03-07">2019-03-07</TE></DocCreationTime>    Компания, которая вела дела Игнатьева, прекратила с ним сотрудничество <Anchored To="DCT" U_Class="7-D"><TE Category="ShiftExp" Formula="BEFORE,Dur,DCT"><TE Category="Dur" Value="P1M-More">более месяца</TE> назад</TE></Anchored>    Компания ProSports Manegment, которая ведет дела многих российских футболистов, сообщила, что прекратила сотрудничество с нападающим &quot;Краснодара&quot; Иваном Игнатьевым. В <Field Category="DayOfWeek"><Restored Through="DCT" U_Class="4"><TE Category="Date" Value="2019-W10-3">среду</TE></Restored></Field> стало известно, что между игроком и клубом возникло недопонимание по новому контракту.     &quot;В связи со многими сообщениями в СМИ, а так же поступающими запросами, ProSports Manegment информирует, что компания и Иван Игнатьев приняли решение прекратить сотрудничество <Anchored To="DCT" U_Class="7-D"><TE Category="ShiftExp" Formula="BEFORE,Dur,DCT"><TE Category="Dur" Value="P1M-More">более месяца</TE> назад</TE></Anchored>. Поэтому сложившаяся ситуация полностью находится в рамках отношений клуб-игрок.    Учитывая вышесказанное, компания ProSports Manegment хотела бы воздержаться от любых комментариев на эту тему, а также от комментариев на тему прекращения сотрудничества с самим Игнатьевым&quot;, - говорится в пресс-релизе ProSports Manegment.    https://www.sport-express.ru/football/rfpl/news/kompaniya-kotoraya-vela-dela-ignateva-prekratila-s-nim-sotrudnichestvo-bolee-mesyaca-nazad-1520562/</annotated>
    </text>
    <annotations>
      <annotation DayOfWeek="2019-W10-4" __Id="172" __Class="DocCreationTime" __From="1" __To="10"/>
      <annotation Category="Date" Value="2019-03-07" __Id="173" __Class="TE" __From="1" __To="10"/>
      <annotation To="DCT" U_Class="7-D" __Id="175" __Class="Anchored" __From="86" __To="103"/>
      <annotation Category="ShiftExp" Formula="BEFORE,Dur,DCT" __Id="176" __Class="TE" __From="86" __To="103"/>
      <annotation Category="Dur" Value="P1M-More" __Id="177" __Class="TE" __From="86" __To="97"/>
      <annotation Category="DayOfWeek" __Id="180" __Class="Field" __From="285" __To="289"/>
      <annotation Through="DCT" U_Class="4" __Id="181" __Class="Restored" __From="285" __To="289"/>
      <annotation Category="Date" Value="2019-W10-3" __Id="182" __Class="TE" __From="285" __To="289"/>
      <annotation To="DCT" U_Class="7-D" __Id="184" __Class="Anchored" __From="563" __To="580"/>
      <annotation Category="ShiftExp" Formula="BEFORE,Dur,DCT" __Id="185" __Class="TE" __From="563" __To="580"/>
      <annotation Category="Dur" Value="P1M-More" __Id="186" __Class="TE" __From="563" __To="574"/>
    </annotations>
    <relations>
    </relations>
  </document>
</xml>
