<xml generator="AnnotationTools" format-version="1">
  <document>
    <text>
      <raw> 2019-03-07    МОСКВА, 7 мар - РИА Новости. Тренер сборной Швеции по биатлону Вольфганг Пихлер избежал серьезных травм после падения с лестницы за несколько дней до старта чемпионата мира, который начинается в четверг в шведском Эстерсунде.  Как отмечает Aftonbladet, инцидент произошел во вторник в одном из зданий, которое шведская команда арендует во время чемпионата мира.    https://rsport.ria.ru/20190307/1551632991.html</raw>
      <annotated> <DocCreationTime><TE>2019-03-07</TE></DocCreationTime>    МОСКВА, <TE><Field Category="Day">7</Field> <Field Category="MonthName"><Restored Through="DCT">мар</Restored></Field></TE> - РИА Новости. Тренер сборной Швеции по биатлону Вольфганг Пихлер избежал серьезных травм после падения с лестницы <TE>за <TE>несколько дней</TE></TE> до <TE>старта</TE> чемпионата мира, который начинается в <Field Category="DayOfWeek"><Restored Through="DCT"><TE>четверг</TE></Restored></Field> в шведском Эстерсунде.  Как отмечает Aftonbladet, инцидент произошел во <Field Category="DayOfWeek"><Restored Through="DCT"><TE>вторник</TE></Restored></Field> в одном из зданий, которое шведская команда арендует во время чемпионата мира.    https://rsport.ria.ru/20190307/1551632991.html</annotated>
    </text>
    <annotations>
      <annotation DayOfWeek="2019-W10-4" __Id="90" __Class="DocCreationTime" __From="1" __To="10"/>
      <annotation Category="Date" Value="2019-03-07" __Id="91" __Class="TE" __From="1" __To="10"/>
      <annotation Category="Day" __Id="93" __Class="Field" __From="23" __To="23"/>
      <annotation Category="Date" Value="2019-03-07" __Id="94" __Class="TE" __From="23" __To="27"/>
      <annotation Category="MonthName" __Id="95" __Class="Field" __From="25" __To="27"/>
      <annotation Through="DCT" U_Class="4" __Id="96" __Class="Restored" __From="25" __To="27"/>
      <annotation Category="ShiftExp" Formula="BEFORE,Dur,Anchor" __Id="98" __Class="TE" __From="144" __To="160"/>
      <annotation Category="Dur" Value="PSeveralD" __Id="99" __Class="TE" __From="147" __To="160"/>
      <annotation Category="Event" __Id="100" __Class="TE" __From="165" __To="170"/>
      <annotation Category="DayOfWeek" __Id="101" __Class="Field" __From="210" __To="216"/>
      <annotation Through="DCT" U_Class="4" __Id="102" __Class="Restored" __From="210" __To="216"/>
      <annotation Category="Date" Value="2019-W10-4" __Id="103" __Class="TE" __From="210" __To="216"/>
      <annotation Category="DayOfWeek" __Id="105" __Class="Field" __From="290" __To="296"/>
      <annotation Through="DCT" U_Class="4" __Id="106" __Class="Restored" __From="290" __To="296"/>
      <annotation Category="Date" Value="2019-W10-2" __Id="107" __Class="TE" __From="290" __To="296"/>
    </annotations>
    <relations>
      <relation __Id="0" __Class="AnchoredTo"><from><annotation __Id="98"/></from><to><annotation __Id="100"/></to></relation>
    </relations>
  </document>
</xml>
