<xml generator="AnnotationTools" format="public" version="1">
  <document>
    <text>
      <raw> 2019-02-20    В систематическом уклонении от внесения в ежегодную декларацию собственности уличили Сергея Левченко, который с октября 2015 года является губернатором Иркутской области.    19 февраля стало известно, что издание “Восточно-Сибирская правда” обнаружило, что в 2015 году Левченко сроком на 47 лет арендовал участок номер 7. Его площадь почти 13 соток и находится он на улице Лесная поселка Ново-Разводная недалеко от Иркутска. Спустя год губернатор купил находящийся рядом участок номер 5 размером 12 соток.    После этого на 25 сотках были построены основной дом на три этажа, дом для гостей и здание для обслуживающих сотрудников.    Ни в одной из деклараций с 2015 по 2017 годы политик не указал ни возведение этих зданий, ни аренду 7-го участка. Ни одно из этих построек не стоит на учете и не оформлено в качестве собственности.    Сотрудники издания узнали, что дом используется, а в период с марта по май прошлого года от имени Левченко оплачено электричество на общую сумму 60 тысяч рублей.    В 2017 году губернатор указал в своей декларации пятимиллионный доход, 2 участка земли размером 838 (в пользовании) и 1238 кв. м, квартиру размером 90,1 кв. м и гараж площадью 18 кв.м (все в пользовании). За тот же год жена губернатора указала доход 7,6 млн рублей, три квартиры, гараж и машину Audi Q7.    Интересно, что в 2010 году, когда Левченко был депутатом Госдумы, он отказался подавать декларацию о доходах. Тогда он сказал журналистам, что ему надоело, и президент (тогда Дмитрий Медведев) ему не указ. Также он сказал, что президент не несет ответственности за свои слова, и поэтому сам Левченко не собирается этого делать.    В начале февраля появилась информация, что иркутского губернатора подозревают в растрате средств бюджета. Через 4 дня стало известно, что следственный департамент министерства внутренних дел начал расследовать незаконную охоту, в которой участвовал Левченко.    https://bel.ru/news/society/20-02-2019/u-glavy-irkutskoy-oblasti-nashli-nezadeklarirovannyy-elitnyy-dom</raw>
      <annotated> <DocCreationTime DayOfWeek="2019-W08-3"><TE Category="Date" Value="2019-02-20">2019-02-20</TE></DocCreationTime>    В систематическом уклонении от внесения в ежегодную декларацию собственности уличили Сергея Левченко, который с <TE Category="Date" Value="2015-10"><Field Category="MonthName">октября</Field> <Field Category="Year">2015 года</Field></TE> является губернатором Иркутской области.    <TE Category="Date" Value="2019-02-19"><Field Category="Day">19</Field> <Field Category="MonthName">февраля</Field></TE> стало известно, что издание “Восточно-Сибирская правда” обнаружило, что в <Field Category="Year"><TE Category="Date" Value="2015">2015 году</TE></Field> Левченко сроком на <TE Category="Dur" Value="P47Y">47 лет</TE> арендовал участок номер 7. Его площадь почти 13 соток и находится он на улице Лесная поселка Ново-Разводная недалеко от Иркутска. <TE Category="ShiftExp" Formula="AFTER,Dur,Anchor">Спустя <TE Category="Dur" Value="P1Y">год</TE></TE> губернатор купил находящийся рядом участок номер 5 размером 12 соток.    После этого на 25 сотках были построены основной дом на три этажа, дом для гостей и здание для обслуживающих сотрудников.    Ни в одной из деклараций с <Field Category="Year"><TE Category="Date" Value="2015">2015</TE></Field> по <Field Category="Year"><TE Category="Date" Value="2017">2017 годы</TE></Field> политик не указал ни возведение этих зданий, ни аренду 7-го участка. Ни одно из этих построек не стоит на учете и не оформлено в качестве собственности.    Сотрудники издания узнали, что дом используется, а в период с <Field Category="MonthName"><TE Category="Date" Value="2018-03">марта</TE></Field> по <TE Category="Date" Value="2018-05"><Field Category="MonthName">май</Field> <Field Category="Year">прошлого года</Field></TE> от имени Левченко оплачено электричество на общую сумму 60 тысяч рублей.    В <Field Category="Year"><TE Category="Date" Value="2017">2017 году</TE></Field> губернатор указал в своей декларации пятимиллионный доход, 2 участка земли размером 838 (в пользовании) и 1238 кв. м, квартиру размером 90,1 кв. м и гараж площадью 18 кв.м (все в пользовании). За <Field Category="Year"><TE Category="Date" Value="2017">тот же год</TE></Field> жена губернатора указала доход 7,6 млн рублей, три квартиры, гараж и машину Audi Q7.    Интересно, что в <Field Category="Year"><TE Category="Date" Value="2010">2010 году</TE></Field>, когда Левченко был депутатом Госдумы, он отказался подавать декларацию о доходах. Тогда он сказал журналистам, что ему надоело, и президент (тогда Дмитрий Медведев) ему не указ. Также он сказал, что президент не несет ответственности за свои слова, и поэтому сам Левченко не собирается этого делать.    В <TE Category="Date" Value="2019-02-START"><Field Category="Phase">начале</Field> <Field Category="MonthName">февраля</Field></TE> появилась информация, что иркутского губернатора подозревают в растрате средств бюджета. <TE Category="ShiftExp" Formula="AFTER,Dur,Anchor">Через <TE Category="Dur" Value="P4D">4 дня</TE></TE> стало известно, что следственный департамент министерства внутренних дел начал расследовать незаконную охоту, в которой участвовал Левченко.    https://bel.ru/news/society/20-02-2019/u-glavy-irkutskoy-oblasti-nashli-nezadeklarirovannyy-elitnyy-dom</annotated>
    </text>
<!-- NOTE: Annotation boundaries below corresponds to text without XHTML-entities encoding. -->
    <annotations>
      <annotation DayOfWeek="2019-W08-3" __Id="394" __Class="DocCreationTime" __From="1" __To="10"/>
      <annotation Category="Date" Value="2019-02-20" __Id="395" __Class="TE" __From="1" __To="10"/>
      <annotation Category="MonthName" __Id="397" __Class="Field" __From="127" __To="133"/>
      <annotation Category="Date" Value="2015-10" __Id="398" __Class="TE" __From="127" __To="143"/>
      <annotation Category="Year" __Id="399" __Class="Field" __From="135" __To="143"/>
      <annotation Category="Day" __Id="401" __Class="Field" __From="189" __To="190"/>
      <annotation Category="Date" Value="2019-02-19" __Id="402" __Class="TE" __From="189" __To="198"/>
      <annotation Category="MonthName" __Id="403" __Class="Field" __From="192" __To="198"/>
      <annotation Category="Year" __Id="405" __Class="Field" __From="274" __To="282"/>
      <annotation Category="Date" Value="2015" __Id="406" __Class="TE" __From="274" __To="282"/>
      <annotation Category="Dur" Value="P47Y" __Id="407" __Class="TE" __From="303" __To="308"/>
      <annotation Category="ShiftExp" Formula="AFTER,Dur,Anchor" __Id="411" __Class="TE" __From="440" __To="449"/>
      <annotation Category="Dur" Value="P1Y" __Id="412" __Class="TE" __From="447" __To="449"/>
      <annotation Category="Year" __Id="415" __Class="Field" __From="676" __To="679"/>
      <annotation Category="Date" Value="2015" __Id="416" __Class="TE" __From="676" __To="679"/>
      <annotation Category="Year" __Id="417" __Class="Field" __From="684" __To="692"/>
      <annotation Category="Date" Value="2017" __Id="418" __Class="TE" __From="684" __To="692"/>
      <annotation Category="MonthName" __Id="421" __Class="Field" __From="912" __To="916"/>
      <annotation Category="Date" Value="2018-03" __Id="423" __Class="TE" __From="912" __To="916"/>
      <annotation Category="MonthName" __Id="424" __Class="Field" __From="921" __To="923"/>
      <annotation Category="Date" Value="2018-05" __Id="425" __Class="TE" __From="921" __To="937"/>
      <annotation Category="Year" __Id="427" __Class="Field" __From="925" __To="937"/>
      <annotation Category="Year" __Id="429" __Class="Field" __From="1017" __To="1025"/>
      <annotation Category="Date" Value="2017" __Id="430" __Class="TE" __From="1017" __To="1025"/>
      <annotation Category="Year" __Id="433" __Class="Field" __From="1223" __To="1232"/>
      <annotation Category="Date" Value="2017" __Id="434" __Class="TE" __From="1223" __To="1232"/>
      <annotation Category="Year" __Id="436" __Class="Field" __From="1339" __To="1347"/>
      <annotation Category="Date" Value="2010" __Id="437" __Class="TE" __From="1339" __To="1347"/>
      <annotation Category="Phase" __Id="441" __Class="Field" __From="1655" __To="1660"/>
      <annotation Category="Date" Value="2019-02-START" __Id="442" __Class="TE" __From="1655" __To="1668"/>
      <annotation Category="MonthName" __Id="443" __Class="Field" __From="1662" __To="1668"/>
      <annotation Category="ShiftExp" Formula="AFTER,Dur,Anchor" __Id="447" __Class="TE" __From="1759" __To="1769"/>
      <annotation Category="Dur" Value="P4D" __Id="448" __Class="TE" __From="1765" __To="1769"/>
    </annotations>
    <relations>
      <relation __Id="0" __Class="AnchoredTo"><from><annotation __Id="411"/></from><to><annotation __Id="406"/></to></relation>
      <relation __Id="1" __Class="AnchoredTo"><from><annotation __Id="447"/></from><to><annotation __Id="442"/></to></relation>
    </relations>
  </document>
</xml>
