<xml generator="AnnotationTools" target="public" format-version="1">
  <document>
    <text>
      <raw> 2019-02-22    На Кубани школьники на свои деньги купили качели, украденные с их площадки    Школьники из города Горячий Ключ на свои деньги отремонтировали качели, которые частично разобрали неизвестные, сообщила РИА Новости председатель городского Территориального общественного самоуправления (ТОС) №37 Лилия Садчикова.    Собеседница агентства пояснила, что в минувшем году ТОС на городском конкурсе занял третье место и получил 218 тысяч рублей на благоустройство. Деньги решили потратить на детскую площадку.    &quot;Площадку делали на пустыре, который весь кустами порос. Закупили качели горку, лавочки. Нам еще помогали депутаты, предприниматели. Мы субботники тут с жителями проводили, и сами ребята участвовали в этом&quot;, — рассказывает Садчикова.    В конце декабря площадка была готова.    Три недели спустя неизвестные открутили у цепной качели сиденье, болты, еще через две недели так же поступили со второй качелью.    В пресс-службе ГУ МВД по Краснодарскому краю РИА Новости сообщили, что полиция проводит проверку по данному факту.  &quot;Ребята, там их около восьми человек было, школьников, главный там Данил Панасов был, купили все необходимое за свои деньги и отремонтировали обе качели&quot;, — сообщила Садчикова.    Как рассказал агентству отец Данила, Виктор Панасов, для ремонта площадки дети экономили карманные деньги.  &quot;Они 900 рублей набрали. Купили цепочки, дощечки, карабины, застежки и отремонтировали&quot;, — отметил он.  Отец мальчика отметил, что сын стесняется внимания журналистов.    Председатель ТОС сообщила, что, несмотря на инцидент с кражей качелей, в планах у жителей обустроить футбольное поле.    https://ria.ru/20190222/1551244116.html</raw>
      <annotated> <DocCreationTime DayOfWeek="2019-W08-5"><TE Category="Date" Value="2019-02-22">2019-02-22</TE></DocCreationTime>    На Кубани школьники на свои деньги купили качели, украденные с их площадки    Школьники из города Горячий Ключ на свои деньги отремонтировали качели, которые частично разобрали неизвестные, сообщила РИА Новости председатель городского Территориального общественного самоуправления (ТОС) №37 Лилия Садчикова.    Собеседница агентства пояснила, что в <Anchored To="DCT" U_Class="2-D"><Field Category="Year"><TE Category="Date" Value="2018">минувшем году</TE></Field></Anchored> ТОС на городском конкурсе занял третье место и получил 218 тысяч рублей на благоустройство. Деньги решили потратить на детскую площадку.    &quot;Площадку делали на пустыре, который весь кустами порос. Закупили качели горку, лавочки. Нам еще помогали депутаты, предприниматели. Мы субботники тут с жителями проводили, и сами ребята участвовали в этом&quot;, — рассказывает Садчикова.    В <TE Category="Date" Value="2018-12-END"><Field Category="Phase">конце</Field> <Field Category="MonthName"><Restored Through="DCT" U_Class="4">декабря</Restored></Field></TE> площадка была готова.    <Anchored To="DCT" U_Class="7-DA"><TE Category="ShiftExp" Formula="AFTER,Dur,Anchor"><TE Category="Dur" Value="P3W">Три недели</TE> спустя</TE></Anchored> неизвестные открутили у цепной качели сиденье, болты, еще <Anchored To="DCT" U_Class="7-DA"><TE Category="ShiftExp" Formula="AFTER,Dur,Anchor">через <TE Category="Dur" Value="P2W">две недели</TE></TE></Anchored> так же поступили со второй качелью.    В пресс-службе ГУ МВД по Краснодарскому краю РИА Новости сообщили, что полиция проводит проверку по данному факту.  &quot;Ребята, там их около восьми человек было, школьников, главный там Данил Панасов был, купили все необходимое за свои деньги и отремонтировали обе качели&quot;, — сообщила Садчикова.    Как рассказал агентству отец Данила, Виктор Панасов, для ремонта площадки дети экономили карманные деньги.  &quot;Они 900 рублей набрали. Купили цепочки, дощечки, карабины, застежки и отремонтировали&quot;, — отметил он.  Отец мальчика отметил, что сын стесняется внимания журналистов.    Председатель ТОС сообщила, что, несмотря на инцидент с кражей качелей, в планах у жителей обустроить футбольное поле.    https://ria.ru/20190222/1551244116.html</annotated>
    </text>
    <annotations>
      <annotation DayOfWeek="2019-W08-5" __Id="323" __Class="DocCreationTime" __From="1" __To="10"/>
      <annotation Category="Date" Value="2019-02-22" __Id="324" __Class="TE" __From="1" __To="10"/>
      <annotation To="DCT" U_Class="2-D" __Id="328" __Class="Anchored" __From="364" __To="376"/>
      <annotation Category="Year" __Id="329" __Class="Field" __From="364" __To="376"/>
      <annotation Category="Date" Value="2018" __Id="330" __Class="TE" __From="364" __To="376"/>
      <annotation Category="Phase" __Id="337" __Class="Field" __From="767" __To="771"/>
      <annotation Category="Date" Value="2018-12-END" __Id="338" __Class="TE" __From="767" __To="779"/>
      <annotation Category="MonthName" __Id="339" __Class="Field" __From="773" __To="779"/>
      <annotation Through="DCT" U_Class="4" __Id="340" __Class="Restored" __From="773" __To="779"/>
      <annotation To="DCT" U_Class="7-DA" __Id="342" __Class="Anchored" __From="806" __To="822"/>
      <annotation Category="ShiftExp" Formula="AFTER,Dur,Anchor" __Id="343" __Class="TE" __From="806" __To="822"/>
      <annotation Category="Dur" Value="P3W" __Id="344" __Class="TE" __From="806" __To="815"/>
      <annotation To="DCT" U_Class="7-DA" __Id="345" __Class="Anchored" __From="882" __To="897"/>
      <annotation Category="ShiftExp" Formula="AFTER,Dur,Anchor" __Id="346" __Class="TE" __From="882" __To="897"/>
      <annotation Category="Dur" Value="P2W" __Id="347" __Class="TE" __From="888" __To="897"/>
    </annotations>
    <relations>
      <relation __Id="0" __Class="AnchoredTo"><from><annotation __Id="343"/></from><to><annotation __Id="338"/></to></relation>
      <relation __Id="1" __Class="AnchoredTo"><from><annotation __Id="346"/></from><to><annotation __Id="343"/></to></relation>
    </relations>
  </document>
</xml>
