<xml generator="AnnotationTools" format="public" version="1">
  <document>
    <text>
      <raw> 2019-02-20    Партнер Роналду перенес операцию на сердце    Полузащитник туринского «Ювентуса» Сами Хедира перенес операцию на сердце. Об этом сообщается на сайте клуба.    Спортсмену была диагностирована аритмия. Операция по удалению аритмогенного очага предсердия прошла утром в среду, 20 февраля, и завершилась успешно. Отмечается, что к тренировкам Хедира сможет вернуться в скором времени, а вновь сыграть за команду — через месяц.    Проблемы с сердцем у немца обнаружили во время осмотра перед матчем 1/8 финала Лиги чемпионов против «Атлетико», который состоится 20 февраля. Он остался на базе в Турине.    11 февраля Хедира получил мячом по лицу в матче за «Ювентус». Его партнер Криштиану Роналду получил мяч у линии штрафной и решил пробить, однако попал в немца. От удара тот упал на газон.    Хедира — чемпион мира 2014 года в составе сборной Германии. За «Ювентус» он выступает с 2015 года, до этого полузащитник играл за «Реал», с которым выиграл Лигу чемпионов.    https://lenta.ru/news/2019/02/20/khedira/</raw>
      <annotated> <DocCreationTime DayOfWeek="2019-W08-3"><TE Category="Date" Value="2019-02-20">2019-02-20</TE></DocCreationTime>    Партнер Роналду перенес операцию на сердце    Полузащитник туринского «Ювентуса» Сами Хедира перенес операцию на сердце. Об этом сообщается на сайте клуба.    Спортсмену была диагностирована аритмия. Операция по удалению аритмогенного очага предсердия прошла утром в <Field Category="DayOfWeek"><TE Category="Date" Value="2019-W08-3">среду</TE></Field>, <TE Category="Date" Value="2019-02-20"><Field Category="Day">20</Field> <Field Category="MonthName">февраля</Field></TE>, и завершилась успешно. Отмечается, что к тренировкам Хедира сможет вернуться в скором времени, а вновь сыграть за команду — <TE Category="ShiftExp" Formula="AFTER,Dur,DCT">через <TE Category="Dur" Value="P1M">месяц</TE></TE>.    Проблемы с сердцем у немца обнаружили во время осмотра перед матчем 1/8 финала Лиги чемпионов против «Атлетико», который состоится <TE Category="Date" Value="2019-02-20"><Field Category="Day">20</Field> <Field Category="MonthName">февраля</Field></TE>. Он остался на базе в Турине.    <TE Category="Date" Value="2019-02-11"><Field Category="Day">11</Field> <Field Category="MonthName">февраля</Field></TE> Хедира получил мячом по лицу в матче за «Ювентус». Его партнер Криштиану Роналду получил мяч у линии штрафной и решил пробить, однако попал в немца. От удара тот упал на газон.    Хедира — чемпион мира <Field Category="Year"><TE Category="Date" Value="2014">2014 года</TE></Field> в составе сборной Германии. За «Ювентус» он выступает с <Field Category="Year"><TE Category="Date" Value="2015">2015 года</TE></Field>, до этого полузащитник играл за «Реал», с которым выиграл Лигу чемпионов.    https://lenta.ru/news/2019/02/20/khedira/</annotated>
    </text>
<!-- NOTE: Annotation boundaries below corresponds to text without XHTML-entities encoding. -->
    <annotations>
      <annotation DayOfWeek="2019-W08-3" __Id="225" __Class="DocCreationTime" __From="1" __To="10"/>
      <annotation Category="Date" Value="2019-02-20" __Id="226" __Class="TE" __From="1" __To="10"/>
      <annotation Category="DayOfWeek" __Id="232" __Class="Field" __From="282" __To="286"/>
      <annotation Category="Date" Value="2019-W08-3" __Id="234" __Class="TE" __From="282" __To="286"/>
      <annotation Category="Day" __Id="235" __Class="Field" __From="289" __To="290"/>
      <annotation Category="Date" Value="2019-02-20" __Id="236" __Class="TE" __From="289" __To="298"/>
      <annotation Category="MonthName" __Id="237" __Class="Field" __From="292" __To="298"/>
      <annotation Category="ShiftExp" Formula="AFTER,Dur,DCT" __Id="241" __Class="TE" __From="425" __To="435"/>
      <annotation Category="Dur" Value="P1M" __Id="242" __Class="TE" __From="431" __To="435"/>
      <annotation Category="Day" __Id="244" __Class="Field" __From="572" __To="573"/>
      <annotation Category="Date" Value="2019-02-20" __Id="245" __Class="TE" __From="572" __To="581"/>
      <annotation Category="MonthName" __Id="246" __Class="Field" __From="575" __To="581"/>
      <annotation Category="Day" __Id="250" __Class="Field" __From="616" __To="617"/>
      <annotation Category="Date" Value="2019-02-11" __Id="251" __Class="TE" __From="616" __To="625"/>
      <annotation Category="MonthName" __Id="252" __Class="Field" __From="619" __To="625"/>
      <annotation Category="Year" __Id="257" __Class="Field" __From="829" __To="837"/>
      <annotation Category="Date" Value="2014" __Id="258" __Class="TE" __From="829" __To="837"/>
      <annotation Category="Year" __Id="260" __Class="Field" __From="895" __To="903"/>
      <annotation Category="Date" Value="2015" __Id="261" __Class="TE" __From="895" __To="903"/>
    </annotations>
    <relations>
    </relations>
  </document>
</xml>
