<xml generator="AnnotationTools" format-version="1">
  <document>
    <text>
      <raw> 2019-02-20    Путин высказался о мусорной реформе    И призвал избавиться от &quot;мутных структур&quot;.    Президент России Владимир Путин в ходе послания Федеральному собранию обратил внимание на проблему переработки мусора в стране. Напомнив, что с 1 января в стране началась мусорная реформа, он заметил: &quot;Если все сведется к росту платы за вывоз мусора – это не работа, а профанация&quot;, передает &quot;Уралинформбюро&quot;.    &quot;Люди должны видеть, за что они платят немалые деньги и какие реальные изменения происходят&quot;, – подчеркнул глава государства.    Путин также призвал навести порядок в сфере обращения с твердыми коммунальными отходами (ТКО), избавившись от &quot;мутных структур&quot;, которые не несут никакой ответственности, а только получают сверхприбыли, сваливая мусор, где и как придется.    &quot;В ближайшие два года должны быть закрыты и рекультивированы 30 крупных свалок в черте городов. А через шесть лет – все остальные. Надо повысить долю обработки отходов с сегодняшних 8-9% до 60%&quot;, – добавил президент.    Запущенная с наступлением текущего года новая система по обращению с ТКО повлекла за собой значительный рост платежей за вывоз и утилизацию мусора, что вызвало недовольство россиян и протесты по всей стране. Накануне выступления Путина министр ЖКХ Свердловской области Николай Смирнов признал, что реализация реформы в регионе проходит с обилием ошибок.    https://www.uralinform.ru/news/society/305243-putin-vyskazalsya-o-musornoi-rephorme/</raw>
      <annotated> <DocCreationTime DayOfWeek="2019-W08-3"><TE Category="Date" Value="2019-02-20">2019-02-20</TE></DocCreationTime>    Путин высказался о мусорной реформе    И призвал избавиться от &quot;мутных структур&quot;.    Президент России Владимир Путин в ходе послания Федеральному собранию обратил внимание на проблему переработки мусора в стране. Напомнив, что с <TE Category="Date" Value="2019-01-01"><Field Category="Day">1</Field> <Field Category="MonthName"><Restored Through="DCT" U_Class="4">января</Restored></Field></TE> в стране началась мусорная реформа, он заметил: &quot;Если все сведется к росту платы за вывоз мусора – это не работа, а профанация&quot;, передает &quot;Уралинформбюро&quot;.    &quot;Люди должны видеть, за что они платят немалые деньги и какие реальные изменения происходят&quot;, – подчеркнул глава государства.    Путин также призвал навести порядок в сфере обращения с твердыми коммунальными отходами (ТКО), избавившись от &quot;мутных структур&quot;, которые не несут никакой ответственности, а только получают сверхприбыли, сваливая мусор, где и как придется.    &quot;В ближайшие <TE Category="Dur" Value="P2Y">два года</TE> должны быть закрыты и рекультивированы 30 крупных свалок в черте городов. А <Anchored To="DCT" U_Class="7-DA"><TE Category="ShiftExp" Formula="AFTER,Dur,DCT">через <TE Category="Dur" Value="P6Y">шесть лет</TE></TE></Anchored> – все остальные. Надо повысить долю обработки отходов с сегодняшних 8-9% до 60%&quot;, – добавил президент.    Запущенная с наступлением <Anchored To="DCT" U_Class="1-D"><Field Category="Year"><TE Category="Date" Value="2019">текущего года</TE></Field></Anchored> новая система по обращению с ТКО повлекла за собой значительный рост платежей за вывоз и утилизацию мусора, что вызвало недовольство россиян и протесты по всей стране. <Anchored To="Text" U_Class="7-A">Накануне</Anchored> выступления Путина министр ЖКХ Свердловской области Николай Смирнов признал, что реализация реформы в регионе проходит с обилием ошибок.    https://www.uralinform.ru/news/society/305243-putin-vyskazalsya-o-musornoi-rephorme/</annotated>
    </text>
    <annotations>
      <annotation DayOfWeek="2019-W08-3" __Id="281" __Class="DocCreationTime" __From="1" __To="10"/>
      <annotation Category="Date" Value="2019-02-20" __Id="282" __Class="TE" __From="1" __To="10"/>
      <annotation Category="Day" __Id="287" __Class="Field" __From="254" __To="254"/>
      <annotation Category="Date" Value="2019-01-01" __Id="288" __Class="TE" __From="254" __To="261"/>
      <annotation Category="MonthName" __Id="289" __Class="Field" __From="256" __To="261"/>
      <annotation Through="DCT" U_Class="4" __Id="290" __Class="Restored" __From="256" __To="261"/>
      <annotation Category="Dur" Value="P2Y" __Id="294" __Class="TE" __From="851" __To="858"/>
      <annotation To="DCT" U_Class="7-DA" __Id="296" __Class="Anchored" __From="936" __To="950"/>
      <annotation Category="ShiftExp" Formula="AFTER,Dur,DCT" __Id="297" __Class="TE" __From="936" __To="950"/>
      <annotation Category="Dur" Value="P6Y" __Id="298" __Class="TE" __From="942" __To="950"/>
      <annotation To="DCT" U_Class="1-D" __Id="301" __Class="Anchored" __From="1089" __To="1101"/>
      <annotation Category="Year" __Id="302" __Class="Field" __From="1089" __To="1101"/>
      <annotation Category="Date" Value="2019" __Id="303" __Class="TE" __From="1089" __To="1101"/>
      <annotation To="Text" U_Class="7-A" __Id="304" __Class="Anchored" __From="1271" __To="1278"/>
    </annotations>
    <relations>
    </relations>
  </document>
</xml>
