<xml generator="AnnotationTools" format-version="1">
  <document>
    <text>
      <raw> 2019-02-19    Российский боец Минаков прокомментировал первое поражение в карьере    Российский боец смешанного стиля (MMA) Виталий Минаков прокомментировал поражение французу Чейку Конго на турнире Bellator 216. Его слова приводит ТАСС.    34-летний Минаков рассказал, что был госпитализирован и покинул больницу только за пять дней до выступления. У бойца диагностировали флегмону — гнойное воспаление в икроножной мышце. Во время тренировки у него поднялась температура до 41 градуса. Бойцу был назначен курс антибиотиков.    Несмотря на состояние здоровья, Минаков не стал отказываться от боя. «Понимал, что бороться получится, а вот на &quot;лапах&quot; до боя работал три раунда по пять минут. Считал, что в стойке меня хватит на 15 минут, но, к сожалению, этого не произошло», — заключил Минаков.    17 февраля россиянин потерпел первое поражение в карьере, уступив Конго единогласным решением судей. Француз, благодаря победе над Минаковым, стал претендентом на титул чемпиона Bellator в тяжелом весе. Действующий обладатель пояса — американец Райан Бэйдер, нокаутировавший в финале Гран-при тяжеловесов другого российского бойца Федора Емельяненко.    Минаков четырежды становился чемпионом мира по самбо. В MMA россиянин одержал 21 победу и потерпел одно поражение.    https://lenta.ru/news/2019/02/19/mina/</raw>
      <annotated> <DocCreationTime DayOfWeek="2019-W08-2"><TE Category="Date" Value="2019-02-19">2019-02-19</TE></DocCreationTime>    Российский боец Минаков прокомментировал первое поражение в карьере    Российский боец смешанного стиля (MMA) Виталий Минаков прокомментировал поражение французу Чейку Конго на турнире Bellator 216. Его слова приводит ТАСС.    34-летний Минаков рассказал, что был госпитализирован и покинул больницу только <Anchored To="Text" U_Class="7-A"><TE Category="ShiftExp" Formula="BEFORE,Dur,Anchor">за <TE Category="Dur" Value="P5D">пять дней</TE></TE></Anchored> до <TE Category="Event">выступления</TE>. У бойца диагностировали флегмону — гнойное воспаление в икроножной мышце. Во время тренировки у него поднялась температура до 41 градуса. Бойцу был назначен курс антибиотиков.    Несмотря на состояние здоровья, Минаков не стал отказываться от боя. «Понимал, что бороться получится, а вот на &quot;лапах&quot; до боя работал три раунда по пять минут. Считал, что в стойке меня хватит на 15 минут, но, к сожалению, этого не произошло», — заключил Минаков.    <TE Category="Date" Value="2019-02-17"><Field Category="Day">17</Field> <Field Category="MonthName"><Restored Through="DCT" U_Class="4">февраля</Restored></Field></TE> россиянин потерпел первое поражение в карьере, уступив Конго единогласным решением судей. Француз, благодаря победе над Минаковым, стал претендентом на титул чемпиона Bellator в тяжелом весе. Действующий обладатель пояса — американец Райан Бэйдер, нокаутировавший в финале Гран-при тяжеловесов другого российского бойца Федора Емельяненко.    Минаков четырежды становился чемпионом мира по самбо. В MMA россиянин одержал 21 победу и потерпел одно поражение.    https://lenta.ru/news/2019/02/19/mina/</annotated>
    </text>
    <annotations>
      <annotation DayOfWeek="2019-W08-2" __Id="257" __Class="DocCreationTime" __From="1" __To="10"/>
      <annotation Category="Date" Value="2019-02-19" __Id="258" __Class="TE" __From="1" __To="10"/>
      <annotation To="Text" U_Class="7-A" __Id="263" __Class="Anchored" __From="322" __To="333"/>
      <annotation Category="ShiftExp" Formula="BEFORE,Dur,Anchor" __Id="264" __Class="TE" __From="322" __To="333"/>
      <annotation Category="Dur" Value="P5D" __Id="265" __Class="TE" __From="325" __To="333"/>
      <annotation Category="Event" __Id="266" __Class="TE" __From="338" __To="348"/>
      <annotation Category="Day" __Id="274" __Class="Field" __From="808" __To="809"/>
      <annotation Category="Date" Value="2019-02-17" __Id="275" __Class="TE" __From="808" __To="817"/>
      <annotation Category="MonthName" __Id="276" __Class="Field" __From="811" __To="817"/>
      <annotation Through="DCT" U_Class="4" __Id="277" __Class="Restored" __From="811" __To="817"/>
    </annotations>
    <relations>
      <relation __Id="0" __Class="AnchoredTo"><from><annotation __Id="264"/></from><to><annotation __Id="266"/></to></relation>
    </relations>
  </document>
</xml>
