<xml generator="AnnotationTools" format-version="1">
  <document>
    <text>
      <raw> 2019-02-18    Ветераны «БОЕВОГО БРАТСТВА» провели урок мужества в Булгаковской средней школе    Представители Тимского отделения «БОЕВОГО БРАТСТВА» Курской области 18 февраля стали почетными гостями в Булгаковской средней школе. Встреча школьников с ветеранами боевых действий была посвящена памятной дате – 30-летию завершения спецоперации советских войск в Афганистане. Учащиеся Булгаковской школы подготовили для гостей интересный концерт: юные ученики представили зрителям танец «богатырей», ребята постарше читали стихи и показали театрализованное выступление.    Ветераны «БОЕВОГО БРАТСТВА», воины-интеранционалисты Вячеслав Логачев, Алексей Булгаков и Леонид Бабухин рассказали школьникам о том, что им выпало пережить на дорогах Афганистана. Ветераны-афганцы вспоминали боевых товарищей, которых потеряли на этой войне, в том числе и двух уроженцев Тимского района: ст. лейтенанта Виктора Лихачева, погибшего в 1982 году, и рядового Николая Сопова, погибшего в 1983 году. Ветераны боевых действий на Северном Кавказе – подполковник МВД Геннадий Чернышев, полковник МВД Евгений Белых и ст. сержант запаса Елена Митрофанова поведали школьникам о другой войне, о том, как спустя полтора десятка лет после завершения спецоперации в Афганистане, уже на территории нашей страны разгорелся военный конфликт.    В конце встречи все присутствующие пожелали друг другу самого главного – чтобы не было войны!    https://bbratstvo.com/2019/02/20/veterany-boevogo-bratstva-proveli-urok-muzhestva-v-bulgakovskoy-sredney-shkole</raw>
      <annotated> <DocCreationTime DayOfWeek="2019-W08-1"><TE Category="Date" Value="2019-02-18">2019-02-18</TE></DocCreationTime>    Ветераны «БОЕВОГО БРАТСТВА» провели урок мужества в Булгаковской средней школе    Представители Тимского отделения «БОЕВОГО БРАТСТВА» Курской области <TE Category="Date" Value="2019-02-18"><Field Category="Day">18</Field> <Field Category="MonthName"><Restored Through="DCT" U_Class="4">февраля</Restored></Field></TE> стали почетными гостями в Булгаковской средней школе. Встреча школьников с ветеранами боевых действий была посвящена памятной дате – 30-летию завершения спецоперации советских войск в Афганистане. Учащиеся Булгаковской школы подготовили для гостей интересный концерт: юные ученики представили зрителям танец «богатырей», ребята постарше читали стихи и показали театрализованное выступление.    Ветераны «БОЕВОГО БРАТСТВА», воины-интеранционалисты Вячеслав Логачев, Алексей Булгаков и Леонид Бабухин рассказали школьникам о том, что им выпало пережить на дорогах Афганистана. Ветераны-афганцы вспоминали боевых товарищей, которых потеряли на этой войне, в том числе и двух уроженцев Тимского района: ст. лейтенанта Виктора Лихачева, погибшего в <Field Category="Year"><TE Category="Date" Value="1982">1982 году</TE></Field>, и рядового Николая Сопова, погибшего в <Field Category="Year"><TE Category="Date" Value="1983">1983 году</TE></Field>. Ветераны боевых действий на Северном Кавказе – подполковник МВД Геннадий Чернышев, полковник МВД Евгений Белых и ст. сержант запаса Елена Митрофанова поведали школьникам о другой войне, о том, как <Anchored To="DCT" U_Class="7-DA"><TE Category="ShiftExp" Formula="AFTER,Dur,Anchor">спустя <TE Category="Dur" Value="P1.5\*10Y">полтора десятка лет</TE></TE></Anchored> после <TE Category="Event">завершения</TE> спецоперации в Афганистане, уже на территории нашей страны разгорелся военный конфликт.    В конце встречи все присутствующие пожелали друг другу самого главного – чтобы не было войны!    https://bbratstvo.com/2019/02/20/veterany-boevogo-bratstva-proveli-urok-muzhestva-v-bulgakovskoy-sredney-shkole</annotated>
    </text>
    <annotations>
      <annotation DayOfWeek="2019-W08-1" __Id="253" __Class="DocCreationTime" __From="1" __To="10"/>
      <annotation Category="Date" Value="2019-02-18" __Id="254" __Class="TE" __From="1" __To="10"/>
      <annotation Category="Day" __Id="257" __Class="Field" __From="165" __To="166"/>
      <annotation Category="Date" Value="2019-02-18" __Id="258" __Class="TE" __From="165" __To="174"/>
      <annotation Category="MonthName" __Id="259" __Class="Field" __From="168" __To="174"/>
      <annotation Through="DCT" U_Class="4" __Id="260" __Class="Restored" __From="168" __To="174"/>
      <annotation Category="Year" __Id="265" __Class="Field" __From="920" __To="928"/>
      <annotation Category="Date" Value="1982" __Id="266" __Class="TE" __From="920" __To="928"/>
      <annotation Category="Year" __Id="267" __Class="Field" __From="970" __To="978"/>
      <annotation Category="Date" Value="1983" __Id="268" __Class="TE" __From="970" __To="978"/>
      <annotation To="DCT" U_Class="7-DA" __Id="270" __Class="Anchored" __From="1178" __To="1203"/>
      <annotation Category="ShiftExp" Formula="AFTER,Dur,Anchor" __Id="271" __Class="TE" __From="1178" __To="1203"/>
      <annotation Category="Dur" Value="P1.5\*10Y" __Id="272" __Class="TE" __From="1185" __To="1203"/>
      <annotation Category="Event" __Id="273" __Class="TE" __From="1211" __To="1220"/>
    </annotations>
    <relations>
      <relation __Id="0" __Class="AnchoredTo"><from><annotation __Id="271"/></from><to><annotation __Id="273"/></to></relation>
    </relations>
  </document>
</xml>
