<xml generator="AnnotationTools" format="public" version="1">
  <document>
    <text>
      <raw> 2019-02-22    Машину Юлии Скрипаль продали в Люберцах    Весь год, что идет расследование отравления Сергея Скрипаля и его дочери в Солсбери, ее Ford Kuga был припаркован возле дома, в котором Скрипаль снимала квартиру вместе с молодым человеком. Но теперь найти ее непросто.    Летом эту машину сфотографировали даже корреспонденты из британского Daily Mail, которые приехали в Москву искать «российский след».    Поиск по госномеру показал, что всего лишь две недели назад — 6 февраля — у машины сменился владелец.    Новая постановка на учет была произведена в подмосковных Люберцах — в десятках километров от дома Юлии Скрипаль. Кстати, новый хозяин уже успел получить штраф в 500 рублей за «нарушение разметки или знака» через пять дней после покупки.    Ориентировочная цена на вторичном рынке за такую модель 2015 года — 1 миллион рублей. Судя по всему, на этой машине девушка все равно ездила нечасто — пробег за четыре года составил всего 26 тысяч километров. Причем ездила она тоже не всегда аккуратно: в ДТП не попадала, но серьезно повредила переднюю правую дверь — ремонт обошелся в 44 тысячи рублей.    Напомним, на днях мать Сергея Скрипаля Елена и его племянница Виктория потребовали полицию проверить квартиру Юлии на Давыдковской улице. По их данным, там кто-то появляется — иногда в окнах горит свет.    Мы проверили и это. Подробнее о том, что происходит с имуществом Скрипалей в России, читайте в газете «Собеседник» №7-2019 (в продаже с 26 февраля) и скоро на Sobesednik.ru.    https://sobesednik.ru/obshchestvo/20190222-mashinu-yulii-skripal-prodali-v-lyubercy</raw>
      <annotated> <DocCreationTime DayOfWeek="2019-W08-5"><TE Category="Date" Value="2019-02-22">2019-02-22</TE></DocCreationTime>    Машину Юлии Скрипаль продали в Люберцах    Весь <TE Category="Dur" Value="P1Y">год</TE>, что идет расследование отравления Сергея Скрипаля и его дочери в Солсбери, ее Ford Kuga был припаркован возле дома, в котором Скрипаль снимала квартиру вместе с молодым человеком. Но теперь найти ее непросто.    <Field Category="Season"><TE Category="Date" Value="2018-SU">Летом</TE></Field> эту машину сфотографировали даже корреспонденты из британского Daily Mail, которые приехали в Москву искать «российский след».    Поиск по госномеру показал, что всего лишь <TE Category="ShiftExp" Formula="BEFORE,Dur,DCT"><TE Category="Dur" Value="P2W">две недели</TE> назад</TE> — <TE Category="Date" Value="2019-02-06"><Field Category="Day">6</Field> <Field Category="MonthName">февраля</Field></TE> — у машины сменился владелец.    Новая постановка на учет была произведена в подмосковных Люберцах — в десятках километров от дома Юлии Скрипаль. Кстати, новый хозяин уже успел получить штраф в 500 рублей за «нарушение разметки или знака» <TE Category="ShiftExp" Formula="AFTER,Dur,Anchor">через <TE Category="Dur" Value="P5D">пять дней</TE></TE> после <TE Category="Event">покупки</TE>.    Ориентировочная цена на вторичном рынке за такую модель <Field Category="Year"><TE Category="Date" Value="2015">2015 года</TE></Field> — 1 миллион рублей. Судя по всему, на этой машине девушка все равно ездила нечасто — пробег за <TE Category="Dur" Value="P4Y">четыре года</TE> составил всего 26 тысяч километров. Причем ездила она тоже не всегда аккуратно: в ДТП не попадала, но серьезно повредила переднюю правую дверь — ремонт обошелся в 44 тысячи рублей.    Напомним, на днях мать Сергея Скрипаля Елена и его племянница Виктория потребовали полицию проверить квартиру Юлии на Давыдковской улице. По их данным, там кто-то появляется — иногда в окнах горит свет.    Мы проверили и это. Подробнее о том, что происходит с имуществом Скрипалей в России, читайте в газете «Собеседник» №7-2019 (в продаже с <TE Category="Date" Value="2019-02-26"><Field Category="Day">26</Field> <Field Category="MonthName">февраля</Field></TE>) и скоро на Sobesednik.ru.    https://sobesednik.ru/obshchestvo/20190222-mashinu-yulii-skripal-prodali-v-lyubercy</annotated>
    </text>
<!-- NOTE: Annotation boundaries below corresponds to text without XHTML-entities encoding. -->
    <annotations>
      <annotation DayOfWeek="2019-W08-5" __Id="314" __Class="DocCreationTime" __From="1" __To="10"/>
      <annotation Category="Date" Value="2019-02-22" __Id="315" __Class="TE" __From="1" __To="10"/>
      <annotation Category="Dur" Value="P1Y" __Id="318" __Class="TE" __From="63" __To="65"/>
      <annotation Category="Season" __Id="321" __Class="Field" __From="280" __To="284"/>
      <annotation Category="Date" Value="2018-SU" __Id="323" __Class="TE" __From="280" __To="284"/>
      <annotation Category="ShiftExp" Formula="BEFORE,Dur,DCT" __Id="326" __Class="TE" __From="459" __To="474"/>
      <annotation Category="Dur" Value="P2W" __Id="327" __Class="TE" __From="459" __To="468"/>
      <annotation Category="Day" __Id="328" __Class="Field" __From="478" __To="478"/>
      <annotation Category="Date" Value="2019-02-06" __Id="329" __Class="TE" __From="478" __To="486"/>
      <annotation Category="MonthName" __Id="330" __Class="Field" __From="480" __To="486"/>
      <annotation Category="ShiftExp" Formula="AFTER,Dur,Anchor" __Id="335" __Class="TE" __From="727" __To="741"/>
      <annotation Category="Dur" Value="P5D" __Id="336" __Class="TE" __From="733" __To="741"/>
      <annotation Category="Event" __Id="337" __Class="TE" __From="749" __To="755"/>
      <annotation Category="Year" __Id="339" __Class="Field" __From="817" __To="825"/>
      <annotation Category="Date" Value="2015" __Id="340" __Class="TE" __From="817" __To="825"/>
      <annotation Category="Dur" Value="P4Y" __Id="342" __Class="TE" __From="922" __To="932"/>
      <annotation Category="Day" __Id="348" __Class="Field" __From="1460" __To="1461"/>
      <annotation Category="Date" Value="2019-02-26" __Id="349" __Class="TE" __From="1460" __To="1469"/>
      <annotation Category="MonthName" __Id="350" __Class="Field" __From="1463" __To="1469"/>
    </annotations>
    <relations>
      <relation __Id="0" __Class="AnchoredTo"><from><annotation __Id="335"/></from><to><annotation __Id="337"/></to></relation>
    </relations>
  </document>
</xml>
