<xml generator="AnnotationTools" format-version="1">
  <document>
    <text>
      <raw> 2019-02-19    Пригожин пожаловался на шантаж Навального    Оппозиционер Алексей Навальный в ультимативной форме предложил бизнесмену Евгению Пригожину пожертвовать 300 миллионов рублей на предвыборную кампанию оппозиционеров в Санкт-Петербурге. Об этом сообщает «Ридус» во вторник, 19 февраля.    По словам бизнесмена, в обмен Навальный пообещал «прекращение искусственно нагнетаемого скандала вокруг питания в школах Москвы». На раздумья Пригожину дали две недели.    «Ровно через две недели со мной связались и попросили о встрече с Любовью Соболь, с которой я встретился и дал категорический отказ. После чего Навальный продолжил шантаж, выпуская фейковые ролики», — приводит слова Пригожина пресс-служба принадлежащей ему компании «Конкорд менеджмент и консалтинг».    Накануне Фонд борьбы с коррупцией (ФБК) Алексея Навального опубликовал видео о некачественном питании в школах и детских садах, за которое якобы ответственен комбинат питания «Московский школьник», связанный с бизнесменом Евгением Пригожиным. Видеоряд содержит фото унитаза, который якобы использовался в качестве емкости для обработки овощей и фруктов.    В ответ директор «Московского школьника» Николай Фатеев записал видеоэкскурсию по комбинату.    https://lenta.ru/news/2019/02/19/navalnyy/</raw>
      <annotated> <DocCreationTime><TE>2019-02-19</TE></DocCreationTime>    Пригожин пожаловался на шантаж Навального    Оппозиционер Алексей Навальный в ультимативной форме <TE>предложил</TE> бизнесмену Евгению Пригожину пожертвовать 300 миллионов рублей на предвыборную кампанию оппозиционеров в Санкт-Петербурге. Об этом сообщает «Ридус» во <Field Category="DayOfWeek"><Restored Through="DCT"><TE>вторник</TE></Restored></Field>, <TE><Field Category="Day">19</Field> <Field Category="MonthName"><Restored Through="DCT">февраля</Restored></Field></TE>.    По словам бизнесмена, в обмен Навальный пообещал «прекращение искусственно нагнетаемого скандала вокруг питания в школах Москвы». На раздумья Пригожину дали <TE>две недели</TE>.    «<Anchored To="DCT"><TE>Ровно через <TE>две недели</TE></TE></Anchored> со мной связались и попросили о встрече с Любовью Соболь, с которой я встретился и дал категорический отказ. После чего Навальный продолжил шантаж, выпуская фейковые ролики», — приводит слова Пригожина пресс-служба принадлежащей ему компании «Конкорд менеджмент и консалтинг».    <Anchored To="DCT"><Field Category="Day">Накануне</Field></Anchored> Фонд борьбы с коррупцией (ФБК) Алексея Навального опубликовал видео о некачественном питании в школах и детских садах, за которое якобы ответственен комбинат питания «Московский школьник», связанный с бизнесменом Евгением Пригожиным. Видеоряд содержит фото унитаза, который якобы использовался в качестве емкости для обработки овощей и фруктов.    В ответ директор «Московского школьника» Николай Фатеев записал видеоэкскурсию по комбинату.    https://lenta.ru/news/2019/02/19/navalnyy/</annotated>
    </text>
    <annotations>
      <annotation DayOfWeek="2019-W08-2" __Id="229" __Class="DocCreationTime" __From="1" __To="10"/>
      <annotation Category="Date" Value="2019-02-19" __Id="230" __Class="TE" __From="1" __To="10"/>
      <annotation Category="Event" __Id="233" __Class="TE" __From="113" __To="121"/>
      <annotation Category="DayOfWeek" __Id="235" __Class="Field" __From="274" __To="280"/>
      <annotation Through="DCT" U_Class="4" __Id="236" __Class="Restored" __From="274" __To="280"/>
      <annotation Category="Date" Value="2019-W08-2" __Id="237" __Class="TE" __From="274" __To="280"/>
      <annotation Category="Day" __Id="238" __Class="Field" __From="283" __To="284"/>
      <annotation Category="Date" Value="2019-02-19" __Id="239" __Class="TE" __From="283" __To="292"/>
      <annotation Category="MonthName" __Id="240" __Class="Field" __From="286" __To="292"/>
      <annotation Through="DCT" U_Class="4" __Id="241" __Class="Restored" __From="286" __To="292"/>
      <annotation Category="Dur" Value="P2W" __Id="244" __Class="TE" __From="455" __To="464"/>
      <annotation To="DCT" U_Class="7-DA" __Id="246" __Class="Anchored" __From="471" __To="492"/>
      <annotation Category="ShiftExp" Formula="AFTER,Dur,Anchor" __Id="247" __Class="TE" __From="471" __To="492"/>
      <annotation Category="Dur" Value="P2W" __Id="248" __Class="TE" __From="483" __To="492"/>
      <annotation To="DCT" U_Class="1-DA" __Id="251" __Class="Anchored" __From="774" __To="781"/>
      <annotation Category="Day" __Id="252" __Class="Field" __From="774" __To="781"/>
    </annotations>
    <relations>
    </relations>
  </document>
</xml>
