<xml generator="AnnotationTools" format-version="1">
  <document>
    <text>
      <raw> 2019-02-22    Казахстан запретил ввозить бензин из России по железной дороге    В стране переизбыток топлива, вызванный вводом в эксплуатацию перерабатывающих мощностей в стране.    Глава Министерства энергетики Казахстана Канат Бозумбаев подписал приказ, которым вводится запрет ввоза бензина из России в Казахстан с использованием железнодорожного транспорта сроком на 3 месяца.    При этом ведомство ссылается на межправительственное соглашение, подписанное в 2010 году. Введен в силу приказ будет через 10 дней после подписания.    Причина запрета – в Казахстане на внутреннем рынка зафиксирован переизбыток топлива, связанный с началом работы нефтеперерабатывающих заводов после модернизации. Аналогичный запрет уже вводился в августе прошлого года.    Однако с 2019 года Казахстан планирует начать поставки топлива в Киргизию, вероятно, это произойдет после снятия запрета по истечении 3 месяцев.    Россия, Казахстан, Киргизия, Белоруссия и Армения входят в Евразийский экономический союз, которым формируется общий рынок между этими странами. Однако, как отмечается в исследованиях, бензин в Казахстане стоит гораздо дешевле, чем в России – стоимость литра 95-го бензина там составляет порядка 29 рублей, против 43-49 рублей в России.    Отметим также, что министр энергетики подписал приказ, несмотря на то, что вчера – 21 февраля – Президент Казахстана Нурсултан Назарбаев отправил Правительство страны в отставку.    https://bankstoday.net/last-news/kazahstan-zapretil-vvozit-benzin-iz-rossii-po-zheleznoj-doroge</raw>
      <annotated> <DocCreationTime DayOfWeek="2019-W08-5"><TE Category="Date" Value="2019-02-22">2019-02-22</TE></DocCreationTime>    Казахстан запретил ввозить бензин из России по железной дороге    В стране переизбыток топлива, вызванный вводом в эксплуатацию перерабатывающих мощностей в стране.    Глава Министерства энергетики Казахстана Канат Бозумбаев подписал приказ, которым вводится запрет ввоза бензина из России в Казахстан с использованием железнодорожного транспорта сроком на <TE Category="Dur" Value="P3M">3 месяца</TE>.    При этом ведомство ссылается на межправительственное соглашение, подписанное в <Field Category="Year"><TE Category="Date" Value="2010">2010 году</TE></Field>. Введен в силу приказ будет <Anchored To="DCT" U_Class="7-DA"><TE Category="ShiftExp" Formula="AFTER,Dur,Anchor">через <TE Category="Dur" Value="P10D">10 дней</TE></TE></Anchored> после <TE Category="Event">подписания</TE>.    Причина запрета – в Казахстане на внутреннем рынка зафиксирован переизбыток топлива, связанный с началом работы нефтеперерабатывающих заводов после модернизации. Аналогичный запрет уже вводился в <TE Category="Date" Value="2018-08"><Field Category="MonthName">августе</Field> <Anchored To="DCT" U_Class="1-D"><Field Category="Year">прошлого года</Field></Anchored></TE>.    Однако с <Field Category="Year"><TE Category="Date" Value="2019">2019 года</TE></Field> Казахстан планирует начать поставки топлива в Киргизию, вероятно, это произойдет после снятия запрета по истечении <TE Category="Dur" Value="P3M">3 месяцев</TE>.    Россия, Казахстан, Киргизия, Белоруссия и Армения входят в Евразийский экономический союз, которым формируется общий рынок между этими странами. Однако, как отмечается в исследованиях, бензин в Казахстане стоит гораздо дешевле, чем в России – стоимость литра 95-го бензина там составляет порядка 29 рублей, против 43-49 рублей в России.    Отметим также, что министр энергетики подписал приказ, несмотря на то, что <Anchored To="DCT" U_Class="1-D"><Field Category="Day"><TE Category="Date" Value="2019-02-21">вчера</TE></Field></Anchored> – <TE Category="Date" Value="2019-02-21"><Field Category="Day">21</Field> <Field Category="MonthName"><Restored Through="DCT" U_Class="4">февраля</Restored></Field></TE> – Президент Казахстана Нурсултан Назарбаев отправил Правительство страны в отставку.    https://bankstoday.net/last-news/kazahstan-zapretil-vvozit-benzin-iz-rossii-po-zheleznoj-doroge</annotated>
    </text>
    <annotations>
      <annotation DayOfWeek="2019-W08-5" __Id="258" __Class="DocCreationTime" __From="1" __To="10"/>
      <annotation Category="Date" Value="2019-02-22" __Id="259" __Class="TE" __From="1" __To="10"/>
      <annotation Category="Dur" Value="P3M" __Id="263" __Class="TE" __From="372" __To="379"/>
      <annotation Category="Year" __Id="265" __Class="Field" __From="464" __To="472"/>
      <annotation Category="Date" Value="2010" __Id="266" __Class="TE" __From="464" __To="472"/>
      <annotation To="DCT" U_Class="7-DA" __Id="268" __Class="Anchored" __From="502" __To="514"/>
      <annotation Category="ShiftExp" Formula="AFTER,Dur,Anchor" __Id="269" __Class="TE" __From="502" __To="514"/>
      <annotation Category="Dur" Value="P10D" __Id="270" __Class="TE" __From="508" __To="514"/>
      <annotation Category="Event" __Id="271" __Class="TE" __From="522" __To="531"/>
      <annotation Category="MonthName" __Id="274" __Class="Field" __From="733" __To="739"/>
      <annotation Category="Date" Value="2018-08" __Id="275" __Class="TE" __From="733" __To="753"/>
      <annotation To="DCT" U_Class="1-D" __Id="276" __Class="Anchored" __From="741" __To="753"/>
      <annotation Category="Year" __Id="277" __Class="Field" __From="741" __To="753"/>
      <annotation Category="Year" __Id="279" __Class="Field" __From="768" __To="776"/>
      <annotation Category="Date" Value="2019" __Id="280" __Class="TE" __From="768" __To="776"/>
      <annotation Category="Dur" Value="P3M" __Id="281" __Class="TE" __From="893" __To="901"/>
      <annotation To="DCT" U_Class="1-D" __Id="285" __Class="Anchored" __From="1322" __To="1326"/>
      <annotation Category="Day" __Id="286" __Class="Field" __From="1322" __To="1326"/>
      <annotation Category="Date" Value="2019-02-21" __Id="287" __Class="TE" __From="1322" __To="1326"/>
      <annotation Category="Day" __Id="288" __Class="Field" __From="1330" __To="1331"/>
      <annotation Category="Date" Value="2019-02-21" __Id="289" __Class="TE" __From="1330" __To="1339"/>
      <annotation Category="MonthName" __Id="290" __Class="Field" __From="1333" __To="1339"/>
      <annotation Through="DCT" U_Class="4" __Id="291" __Class="Restored" __From="1333" __To="1339"/>
    </annotations>
    <relations>
      <relation __Id="0" __Class="AnchoredTo"><from><annotation __Id="269"/></from><to><annotation __Id="271"/></to></relation>
    </relations>
  </document>
</xml>
