<xml generator="AnnotationTools" format-version="1">
  <document>
    <text>
      <raw> 2019-02-20    Женщина нашла в своем столе тайник с древним кладом    Жительница английского графства Дербишир узнала, что в ее бюро была спрятана золотая монета XIV века. Об этом сообщает издание Daily Mail.    После смерти дальней родственницы 37-летняя Энн Клапп (Anne Clapp) получила в наследство ее мебель. Среди вещей, которые достались женщине, было старое бюро, сделанное в начале XX века. Она решила продать его на аукционе.    Оценщик Эдвард Райкрофт (Edward Rycroft) осмотрел бюро и обнаружил в нем три потайных ящика. В одном из них лежала 22-каратовая золотая монета, отчеканенная во время правления принца Оранского Рэймонда IV де Бо. Она может стоить до трех тысяч фунтов стерлингов (около 255 тысяч рублей), то есть в 50 раз дороже самого бюро, которое оценили в 60 фунтов стерлингов (5 тысяч рублей),    «Я знаю, что в таких бюро часто имеются крохотные потайные ящички, которые иногда называют монетными, поэтому на всякий случай всегда проверяю их, — объяснил специалист. — За десять лет оценки мебели я ничего в них не находил — до этого случая».    В феврале сообщалось, что старый фарфоровый чайник с потерянной крышкой и трещиной на ручке, купленный британцем за 15 фунтов стерлингов (1,3 тысячи рублей), оказался выпущен в XVII веке на первой фарфоровой фабрике в Америке. Спустя два года находка ушла с аукциона за 575 тысяч фунтов стерлингов (49,1 миллиона рублей).    https://lenta.ru/news/2019/02/20/gold coin/</raw>
      <annotated> <DocCreationTime DayOfWeek="2019-W08-3"><TE Category="Date" Value="2019-02-20">2019-02-20</TE></DocCreationTime>    Женщина нашла в своем столе тайник с древним кладом    Жительница английского графства Дербишир узнала, что в ее бюро была спрятана золотая монета <Field Category="Century"><TE Category="Date" Value="13">XIV века</TE></Field>. Об этом сообщает издание Daily Mail.    После смерти дальней родственницы 37-летняя Энн Клапп (Anne Clapp) получила в наследство ее мебель. Среди вещей, которые достались женщине, было старое бюро, сделанное в <TE Category="Date" Value="19-START"><Field Category="Phase">начале</Field> <Field Category="Century">XX века</Field></TE>. Она решила продать его на аукционе.    Оценщик Эдвард Райкрофт (Edward Rycroft) осмотрел бюро и обнаружил в нем три потайных ящика. В одном из них лежала 22-каратовая золотая монета, отчеканенная во время правления принца Оранского Рэймонда IV де Бо. Она может стоить до трех тысяч фунтов стерлингов (около 255 тысяч рублей), то есть в 50 раз дороже самого бюро, которое оценили в 60 фунтов стерлингов (5 тысяч рублей),    «Я знаю, что в таких бюро часто имеются крохотные потайные ящички, которые иногда называют монетными, поэтому на всякий случай всегда проверяю их, — объяснил специалист. — За <TE Category="Dur" Value="P10Y">десять лет</TE> оценки мебели я ничего в них не находил — до этого случая».    В <Field Category="MonthName"><Restored Through="DCT" U_Class="4"><TE Category="Date" Value="2019-02">феврале</TE></Restored></Field> сообщалось, что старый фарфоровый чайник с потерянной крышкой и трещиной на ручке, <TE Category="Event">купленный</TE> британцем за 15 фунтов стерлингов (1,3 тысячи рублей), оказался выпущен в <Field Category="Century"><TE Category="Date" Value="16">XVII веке</TE></Field> на первой фарфоровой фабрике в Америке. <Anchored To="DCT" U_Class="7-DA"><TE Category="ShiftExp" Formula="AFTER,Dur,Anchor">Спустя <TE Category="Dur" Value="P2Y">два года</TE></TE></Anchored> находка ушла с аукциона за 575 тысяч фунтов стерлингов (49,1 миллиона рублей).    https://lenta.ru/news/2019/02/20/gold coin/</annotated>
    </text>
    <annotations>
      <annotation DayOfWeek="2019-W08-3" __Id="310" __Class="DocCreationTime" __From="1" __To="10"/>
      <annotation Category="Date" Value="2019-02-20" __Id="311" __Class="TE" __From="1" __To="10"/>
      <annotation Category="Century" __Id="314" __Class="Field" __From="162" __To="169"/>
      <annotation Category="Date" Value="13" __Id="315" __Class="TE" __From="162" __To="169"/>
      <annotation Category="Phase" __Id="319" __Class="Field" __From="382" __To="387"/>
      <annotation Category="Date" Value="19-START" __Id="320" __Class="TE" __From="382" __To="395"/>
      <annotation Category="Century" __Id="321" __Class="Field" __From="389" __To="395"/>
      <annotation Category="Dur" Value="P10Y" __Id="328" __Class="TE" __From="996" __To="1005"/>
      <annotation Category="MonthName" __Id="330" __Class="Field" __From="1072" __To="1078"/>
      <annotation Through="DCT" U_Class="4" __Id="331" __Class="Restored" __From="1072" __To="1078"/>
      <annotation Category="Date" Value="2019-02" __Id="332" __Class="TE" __From="1072" __To="1078"/>
      <annotation Category="Event" __Id="333" __Class="TE" __From="1163" __To="1171"/>
      <annotation Category="Century" __Id="334" __Class="Field" __From="1247" __To="1255"/>
      <annotation Category="Date" Value="16" __Id="335" __Class="TE" __From="1247" __To="1255"/>
      <annotation To="DCT" U_Class="7-DA" __Id="336" __Class="Anchored" __From="1297" __To="1311"/>
      <annotation Category="ShiftExp" Formula="AFTER,Dur,Anchor" __Id="338" __Class="TE" __From="1297" __To="1311"/>
      <annotation Category="Dur" Value="P2Y" __Id="339" __Class="TE" __From="1304" __To="1311"/>
    </annotations>
    <relations>
    </relations>
  </document>
</xml>
