<xml generator="AnnotationTools" format-version="1">
  <document>
    <text>
      <raw> 2019-02-20    Германия потребовала от России сократить число подозрительных ракет    Германия призывает Россию сократить число ракет, якобы нарушающих Договор о ликвидации ракет средней и меньшей дальности (ДРСМД). Об этом заявила на брифинге зампредставителя правительства ФРГ Ульрике Деммер, передает РИА Новости.    По ее словам, в настоящее время Берлин сохраняет требования к Москве «о полном и прозрачном сокращении спорных ракет» ради спасения соглашения. «До окончания шестимесячного срока остается много времени», — добавила она.    В то же время представитель министерства иностранных дел Германии Мария Адебар указала, что позиция Берлина по вопросу ДРСМД после слов российского лидера Владимира Путина не изменилась. «Нам понятно, что разоружение — это основной принцип, и речь должна идти о том, чтобы соблюдать договоры», — приводит ее слова «Интерфакс».    Ранее 20 февраля во время послания Федеральному собранию президент России указал, что ДРСМД прямо и грубо нарушает Вашингтон, однако Москва не намерена действовать тем же образом.    2 февраля Путин заявил, что Россия приостанавливает свое участие в ДРСМД в ответ на аналогичные действия США. Американская сторона настаивает, что причиной решения стало систематическое нарушение условий соглашения со стороны Москвы, тогда как США продолжают их соблюдать. Процесс выхода из договора завершится через шесть месяцев, если Россия не вернется к исполнению договоренностей.    Договор РСМД не разрешает сторонам иметь баллистические ракеты наземного базирования и крылатые ракеты с дальностью от 500 до 5,5 тысячи километров. Москва и Вашингтон регулярно обвиняют друг друга в нарушении его условий. США, в частности, упрекают Россию в том, что последняя скрывает истинные возможности крылатой ракеты 9М729 комплекса «Искандер-М». Москва это отрицает.    https://lenta.ru/news/2019/02/20/germany/</raw>
      <annotated> <DocCreationTime><TE>2019-02-20</TE></DocCreationTime>    Германия потребовала от России сократить число подозрительных ракет    Германия призывает Россию сократить число ракет, якобы нарушающих Договор о ликвидации ракет средней и меньшей дальности (ДРСМД). Об этом заявила на брифинге зампредставителя правительства ФРГ Ульрике Деммер, передает РИА Новости.    По ее словам, в настоящее время Берлин сохраняет требования к Москве «о полном и прозрачном сокращении спорных ракет» ради спасения соглашения. «До окончания шестимесячного срока остается много времени», — добавила она.    В то же время представитель министерства иностранных дел Германии Мария Адебар указала, что позиция Берлина по вопросу ДРСМД после слов российского лидера Владимира Путина не изменилась. «Нам понятно, что разоружение — это основной принцип, и речь должна идти о том, чтобы соблюдать договоры», — приводит ее слова «Интерфакс».    Ранее <TE><Field Category="Day">20</Field> <Field Category="MonthName"><Restored Through="DCT">февраля</Restored></Field></TE> во время послания Федеральному собранию президент России указал, что ДРСМД прямо и грубо нарушает Вашингтон, однако Москва не намерена действовать тем же образом.    <TE><Field Category="Day">2</Field> <Field Category="MonthName"><Restored Through="DCT">февраля</Restored></Field></TE> Путин заявил, что Россия приостанавливает свое участие в ДРСМД в ответ на аналогичные действия США. Американская сторона настаивает, что причиной <TE>решения</TE> стало систематическое нарушение условий соглашения со стороны Москвы, тогда как США продолжают их соблюдать. Процесс выхода из договора завершится <Anchored To="DCT"><TE>через <TE>шесть месяцев</TE></TE></Anchored>, если Россия не вернется к исполнению договоренностей.    Договор РСМД не разрешает сторонам иметь баллистические ракеты наземного базирования и крылатые ракеты с дальностью от 500 до 5,5 тысячи километров. Москва и Вашингтон регулярно обвиняют друг друга в нарушении его условий. США, в частности, упрекают Россию в том, что последняя скрывает истинные возможности крылатой ракеты 9М729 комплекса «Искандер-М». Москва это отрицает.    https://lenta.ru/news/2019/02/20/germany/</annotated>
    </text>
    <annotations>
      <annotation DayOfWeek="2019-W08-3" __Id="345" __Class="DocCreationTime" __From="1" __To="10"/>
      <annotation Category="Date" Value="2019-02-20" __Id="346" __Class="TE" __From="1" __To="10"/>
      <annotation Category="Day" __Id="355" __Class="Field" __From="879" __To="880"/>
      <annotation Category="Date" Value="2019-02-20" __Id="356" __Class="TE" __From="879" __To="888"/>
      <annotation Category="MonthName" __Id="357" __Class="Field" __From="882" __To="888"/>
      <annotation Through="DCT" U_Class="4" __Id="358" __Class="Restored" __From="882" __To="888"/>
      <annotation Category="Day" __Id="360" __Class="Field" __From="1056" __To="1056"/>
      <annotation Category="Date" Value="2019-02-02" __Id="361" __Class="TE" __From="1056" __To="1064"/>
      <annotation Category="MonthName" __Id="362" __Class="Field" __From="1058" __To="1064"/>
      <annotation Through="DCT" U_Class="4" __Id="363" __Class="Restored" __From="1058" __To="1064"/>
      <annotation Category="Event" __Id="365" __Class="TE" __From="1212" __To="1218"/>
      <annotation To="DCT" U_Class="7-DA" __Id="367" __Class="Anchored" __From="1367" __To="1385"/>
      <annotation Category="ShiftExp" Formula="AFTER,Dur,Anchor" __Id="368" __Class="TE" __From="1367" __To="1385"/>
      <annotation Category="Dur" Value="P6M" __Id="369" __Class="TE" __From="1373" __To="1385"/>
    </annotations>
    <relations>
    </relations>
  </document>
</xml>
