<xml generator="AnnotationTools" format="public" version="1">
  <document>
    <text>
      <raw> 2019-02-15    Владислав Иноземцев: «Через 20 лет в России будет ходящий с палочкой президент Путин»    Владимир Путин не собирается «отступать» и покидать президентский пост. Он хочет либо править пожизненно, либо создать еще более жесткий режим. Такое мнение Марианне Минскер в программе «Вы держитесь» высказал экономист и политолог Владислав Иноземцев.    По мнению Иноземцева, через 20 лет в мировой экономике ничего особо не изменится. «Мне кажется, что в течение этого времени никаких радикальных сломов нынешней конфигурации не будет», — сказал он.    Собеседник RTVI уверен, что в глобальных изменениях никто из участников международной экономики не заинтересован. Для Китая, например, нет необходимости полностью смещать США с лидерской позиции. Европа, в свою очередь, и сейчас находится «на достаточно устойчивой позиции». Россия тоже «никуда не денется» с мировой карты, «но и не сделает никаких прорывов».    При этом Иноземцев признает, что экономическое влияние Китая за последние годы усилилось. Но при этом «ничего не случилось» — не распалось НАТО, а Европа не интегрировалась с Азией.    Внутри России же, по мнению политолога, «через 20 лет будет ходящий с палочкой президент Путин». Политолог убежден, что нынешний российский лидер «либо хочет остаться президентом пожизненно, либо создать еще более жесткий режим», при котором он сохранит свои позиции.    Иноземцев отметил, что «отступление» Путина было возможным в 2011 году. Тогда, объяснил политолог, элита была в силах начать «менять интерфейс» и президента подобно тому, как это происходило в Китае или Мексике.    «Мы зашли в фазу, когда режим абсолютно персоналистский, эти режимы не переживают своих основателей», — заключил Иноземцев.    https://rtvi.com/opinions/inozemtsev-cherez-20-let-putin/</raw>
      <annotated> <DocCreationTime DayOfWeek="2019-W07-5"><TE Category="Date" Value="2019-02-15">2019-02-15</TE></DocCreationTime>    Владислав Иноземцев: «<TE Category="ShiftExp" Formula="AFTER,Dur,DCT">Через <TE Category="Dur" Value="P20Y">20 лет</TE></TE> в России будет ходящий с палочкой президент Путин»    Владимир Путин не собирается «отступать» и покидать президентский пост. Он хочет либо править пожизненно, либо создать еще более жесткий режим. Такое мнение Марианне Минскер в программе «Вы держитесь» высказал экономист и политолог Владислав Иноземцев.    По мнению Иноземцева, <TE Category="ShiftExp" Formula="AFTER,Dur,DCT">через <TE Category="Dur" Value="P20Y">20 лет</TE></TE> в мировой экономике ничего особо не изменится. «Мне кажется, что в течение этого времени никаких радикальных сломов нынешней конфигурации не будет», — сказал он.    Собеседник RTVI уверен, что в глобальных изменениях никто из участников международной экономики не заинтересован. Для Китая, например, нет необходимости полностью смещать США с лидерской позиции. Европа, в свою очередь, и сейчас находится «на достаточно устойчивой позиции». Россия тоже «никуда не денется» с мировой карты, «но и не сделает никаких прорывов».    При этом Иноземцев признает, что экономическое влияние Китая за последние <TE Category="Dur" Value="PxY">годы</TE> усилилось. Но при этом «ничего не случилось» — не распалось НАТО, а Европа не интегрировалась с Азией.    Внутри России же, по мнению политолога, «<TE Category="ShiftExp" Formula="AFTER,Dur,DCT">через <TE Category="Dur" Value="P20Y">20 лет</TE></TE> будет ходящий с палочкой президент Путин». Политолог убежден, что нынешний российский лидер «либо хочет остаться президентом пожизненно, либо создать еще более жесткий режим», при котором он сохранит свои позиции.    Иноземцев отметил, что «отступление» Путина было возможным в <Field Category="Year"><TE Category="Date" Value="2011">2011 году</TE></Field>. Тогда, объяснил политолог, элита была в силах начать «менять интерфейс» и президента подобно тому, как это происходило в Китае или Мексике.    «Мы зашли в фазу, когда режим абсолютно персоналистский, эти режимы не переживают своих основателей», — заключил Иноземцев.    https://rtvi.com/opinions/inozemtsev-cherez-20-let-putin/</annotated>
    </text>
<!-- NOTE: Annotation boundaries below corresponds to text without XHTML-entities encoding. -->
    <annotations>
      <annotation DayOfWeek="2019-W07-5" __Id="359" __Class="DocCreationTime" __From="1" __To="10"/>
      <annotation Category="Date" Value="2019-02-15" __Id="360" __Class="TE" __From="1" __To="10"/>
      <annotation Category="ShiftExp" Formula="AFTER,Dur,DCT" __Id="363" __Class="TE" __From="37" __To="48"/>
      <annotation Category="Dur" Value="P20Y" __Id="364" __Class="TE" __From="43" __To="48"/>
      <annotation Category="ShiftExp" Formula="AFTER,Dur,DCT" __Id="370" __Class="TE" __From="382" __To="393"/>
      <annotation Category="Dur" Value="P20Y" __Id="371" __Class="TE" __From="388" __To="393"/>
      <annotation Category="Dur" Value="PxY" __Id="378" __Class="TE" __From="997" __To="1000"/>
      <annotation Category="ShiftExp" Formula="AFTER,Dur,DCT" __Id="382" __Class="TE" __From="1149" __To="1160"/>
      <annotation Category="Dur" Value="P20Y" __Id="383" __Class="TE" __From="1155" __To="1160"/>
      <annotation Category="Year" __Id="386" __Class="Field" __From="1440" __To="1448"/>
      <annotation Category="Date" Value="2011" __Id="387" __Class="TE" __From="1440" __To="1448"/>
    </annotations>
    <relations>
    </relations>
  </document>
</xml>
