<xml generator="AnnotationTools" format-version="1">
  <document>
    <text>
      <raw> 2019-02-22    В Улан-Удэ на месте убранных свалок «вырастают» новые    Городские коммунальщики не могут справиться с горами мусора    То, что сегодня Бурятия буквально утопает в отходах, уже ни для кого не секрет. Ещё в 2017 году к борьбе со стихийными свалками подключились общественники. В каждом субъекте РФ создали специальную интерактивную карту. Благодаря ей рассказать о «проблемных» точках теперь может любой желающий – достаточно зайти на сайт проекта, описать «мусорное» место, указать адрес и прикрепить фото- или видеоподтверждение.    Число таких незаконных полигонов в республике на карте уже «перевалило» за сотню, и бо льшая их часть приходится на Улан-Удэ. По словам координатора проекта «Генеральная уборка/карта свалок» Алексея Бадмаева, он направлен на повышение эффективности общественного контроля со стороны граждан за санитарным состоянием региона. Итоги своей работы общественники подвели на конференции «Народный фронт за Россию», которая состоялась 22 февраля.    - На сегодняшний день зарегистрировано свыше 120 обращений, из них исполнено 45%. Стоит отметить, что нередки случаи возникновения повторного складирования мусора в тех же местах, а некоторые свалки ликвидировались пять и более раз, – подчеркнул Алексей Бадмаев.    Горы мусора постоянно вырастают возле Центрального рынка, где каждый день проходят тысячи людей. Ещё один пример – стихийная свалка в историческом центре города, на улице Шмидта.    - Летом сотрудники комбината по благоустройству её ликвидировали, но она появилась снова, – пояснил координатор проекта infpol.ru.    При этом сорят, судя по всему, сами жители, которым, возможно, не хочется заключать договоры и потом платить за вывоз ТБО. Сами «фронтовики» регулярно проводят рейды по выявлению незаконных полигонов, субботники и различные экологические акции. Например, в сентябре они устроили в Улан-Удэ генеральную уборку, «охватив» четыре точки – городскую набережную, улицу Приречная, остров Богородский и участок около Селенгинского моста. А за несколько месяцев до этого, в июле, активисты ОНФ вместе с сотрудниками МЧС очистили берег и дно Байкала. Масштабное мероприятие длилось три дня в трёх прибрежных районах республики, а после весь собранный мусор отправили на переработку.     Напомним, в рейтинге по эффективности ликвидации свалок, составленном минувшей осенью экспертами Общероссийского народного фронта, Бурятия попала в число худших регионов. «Компанию» ей составили соседний Забкрай, Сахалинская, Магаданская, Владимирская, Челябинская и Самарская области, а также Приморский край. Да и к глобальной «мусорной» реформе, по мнению общественников, республика пока не готова. В ОНФ по-прежнему уверены: территориальная схема, разработанная в министерстве природы, далека от идеала.    - Согласно ей, в Заиграевском районе – ноль свалок. Как эта схема разрабатывалась – непонятно, – говорит Алексей Бадмаев. – Она не соответствует действительности. В первую очередь, её нужно актуализировать. Одно из наших предложений касается создания единого реестра несанкционированных свалок. На интерактивной карте их более 120, региональный оператор (РО) выявил 800, Минприроды – около 300. У муниципальных образований свои данные. А сколько таких точек на самом деле, никто не знает. И необходимо иметь чёткую картину, чтобы реально оценивать ситуацию.    https://www.infpol.ru/197160-v-ulan-ude-na-meste-ubrannykh-svalok-vyrastayut-novye/</raw>
      <annotated> <DocCreationTime DayOfWeek="2019-W08-5"><TE Category="Date" Value="2019-02-22">2019-02-22</TE></DocCreationTime>    В Улан-Удэ на месте убранных свалок «вырастают» новые    Городские коммунальщики не могут справиться с горами мусора    То, что <Anchored To="DCT" U_Class="1-D"><Field Category="Day">сегодня</Field></Anchored> Бурятия буквально утопает в отходах, уже ни для кого не секрет. Ещё в <Field Category="Year"><TE Category="Date" Value="2017">2017 году</TE></Field> к борьбе со стихийными свалками подключились общественники. В каждом субъекте РФ создали специальную интерактивную карту. Благодаря ей рассказать о «проблемных» точках теперь может любой желающий – достаточно зайти на сайт проекта, описать «мусорное» место, указать адрес и прикрепить фото- или видеоподтверждение.    Число таких незаконных полигонов в республике на карте уже «перевалило» за сотню, и бо льшая их часть приходится на Улан-Удэ. По словам координатора проекта «Генеральная уборка/карта свалок» Алексея Бадмаева, он направлен на повышение эффективности общественного контроля со стороны граждан за санитарным состоянием региона. Итоги своей работы общественники подвели на конференции «Народный фронт за Россию», которая состоялась <TE Category="Date" Value="2019-02-22"><Field Category="Day">22</Field> <Field Category="MonthName"><Restored Through="DCT" U_Class="4">февраля</Restored></Field></TE>.    - На <Anchored To="DCT" U_Class="1-D"><TE Category="Date" Value="2019-02-22">сегодняшний день</TE></Anchored> зарегистрировано свыше 120 обращений, из них исполнено 45%. Стоит отметить, что нередки случаи возникновения повторного складирования мусора в тех же местах, а некоторые свалки ликвидировались пять и более раз, – подчеркнул Алексей Бадмаев.    Горы мусора постоянно вырастают возле Центрального рынка, где каждый день проходят тысячи людей. Ещё один пример – стихийная свалка в историческом центре города, на улице Шмидта.    - <Field Category="Season"><Restored Through="DCT" U_Class="4"><TE Category="Date" Value="2018-SU">Летом</TE></Restored></Field> сотрудники комбината по благоустройству её ликвидировали, но она появилась снова, – пояснил координатор проекта infpol.ru.    При этом сорят, судя по всему, сами жители, которым, возможно, не хочется заключать договоры и потом платить за вывоз ТБО. Сами «фронтовики» регулярно проводят рейды по выявлению незаконных полигонов, субботники и различные экологические акции. Например, в <Field Category="MonthName"><Restored Through="DCT" U_Class="4"><TE Category="Date" Value="2018-09">сентябре</TE></Restored></Field> они устроили в Улан-Удэ генеральную уборку, «охватив» четыре точки – городскую набережную, улицу Приречная, остров Богородский и участок около Селенгинского моста. А <TE Category="ShiftExp" Formula="BEFORE,Dur,Anchor">за <TE Category="Dur" Value="PSeveralM">несколько месяцев</TE></TE> до этого, в <Field Category="MonthName"><Restored Through="DCT" U_Class="4"><TE Category="Date" Value="2018-07">июле</TE></Restored></Field>, активисты ОНФ вместе с сотрудниками МЧС очистили берег и дно Байкала. Масштабное мероприятие длилось <TE Category="Dur" Value="P3D">три дня</TE> в трёх прибрежных районах республики, а после весь собранный мусор отправили на переработку.     Напомним, в рейтинге по эффективности ликвидации свалок, составленном <Anchored To="DCT" U_Class="2-D"><Field Category="Season"><TE Category="Date" Value="2018-FA">минувшей осенью</TE></Field></Anchored> экспертами Общероссийского народного фронта, Бурятия попала в число худших регионов. «Компанию» ей составили соседний Забкрай, Сахалинская, Магаданская, Владимирская, Челябинская и Самарская области, а также Приморский край. Да и к глобальной «мусорной» реформе, по мнению общественников, республика пока не готова. В ОНФ по-прежнему уверены: территориальная схема, разработанная в министерстве природы, далека от идеала.    - Согласно ей, в Заиграевском районе – ноль свалок. Как эта схема разрабатывалась – непонятно, – говорит Алексей Бадмаев. – Она не соответствует действительности. В первую очередь, её нужно актуализировать. Одно из наших предложений касается создания единого реестра несанкционированных свалок. На интерактивной карте их более 120, региональный оператор (РО) выявил 800, Минприроды – около 300. У муниципальных образований свои данные. А сколько таких точек на самом деле, никто не знает. И необходимо иметь чёткую картину, чтобы реально оценивать ситуацию.    https://www.infpol.ru/197160-v-ulan-ude-na-meste-ubrannykh-svalok-vyrastayut-novye/</annotated>
    </text>
    <annotations>
      <annotation DayOfWeek="2019-W08-5" __Id="621" __Class="DocCreationTime" __From="1" __To="10"/>
      <annotation Category="Date" Value="2019-02-22" __Id="622" __Class="TE" __From="1" __To="10"/>
      <annotation To="DCT" U_Class="1-D" __Id="626" __Class="Anchored" __From="143" __To="149"/>
      <annotation Category="Day" __Id="627" __Class="Field" __From="143" __To="149"/>
      <annotation Category="Year" __Id="629" __Class="Field" __From="221" __To="229"/>
      <annotation Category="Date" Value="2017" __Id="630" __Class="TE" __From="221" __To="229"/>
      <annotation Category="Day" __Id="636" __Class="Field" __From="977" __To="978"/>
      <annotation Category="Date" Value="2019-02-22" __Id="637" __Class="TE" __From="977" __To="986"/>
      <annotation Category="MonthName" __Id="638" __Class="Field" __From="980" __To="986"/>
      <annotation Through="DCT" U_Class="4" __Id="639" __Class="Restored" __From="980" __To="986"/>
      <annotation To="DCT" U_Class="1-D" __Id="641" __Class="Anchored" __From="997" __To="1012"/>
      <annotation Category="Date" Value="2019-02-22" __Id="642" __Class="TE" __From="997" __To="1012"/>
      <annotation Category="Season" __Id="647" __Class="Field" __From="1442" __To="1446"/>
      <annotation Through="DCT" U_Class="4" __Id="648" __Class="Restored" __From="1442" __To="1446"/>
      <annotation Category="Date" Value="2018-SU" __Id="649" __Class="TE" __From="1442" __To="1446"/>
      <annotation Category="MonthName" __Id="653" __Class="Field" __From="1831" __To="1838"/>
      <annotation Through="DCT" U_Class="4" __Id="654" __Class="Restored" __From="1831" __To="1838"/>
      <annotation Category="Date" Value="2018-09" __Id="655" __Class="TE" __From="1831" __To="1838"/>
      <annotation Category="ShiftExp" Formula="BEFORE,Dur,Anchor" __Id="657" __Class="TE" __From="2006" __To="2025"/>
      <annotation Category="Dur" Value="PSeveralM" __Id="658" __Class="TE" __From="2009" __To="2025"/>
      <annotation Category="MonthName" __Id="659" __Class="Field" __From="2039" __To="2042"/>
      <annotation Through="DCT" U_Class="4" __Id="660" __Class="Restored" __From="2039" __To="2042"/>
      <annotation Category="Date" Value="2018-07" __Id="661" __Class="TE" __From="2039" __To="2042"/>
      <annotation Category="Dur" Value="P3D" __Id="663" __Class="TE" __From="2146" __To="2152"/>
      <annotation To="DCT" U_Class="2-D" __Id="665" __Class="Anchored" __From="2321" __To="2335"/>
      <annotation Category="Season" __Id="666" __Class="Field" __From="2321" __To="2335"/>
      <annotation Category="Date" Value="2018-FA" __Id="667" __Class="TE" __From="2321" __To="2335"/>
    </annotations>
    <relations>
      <relation __Id="0" __Class="AnchoredTo"><from><annotation __Id="657"/></from><to><annotation __Id="655"/></to></relation>
    </relations>
  </document>
</xml>
