<xml generator="AnnotationTools" target="public" format-version="1">
  <document>
    <text>
      <raw> 2019-02-20    «Сириус» закатился в банкротство    В отношении одного из крупнейших игроков рынка IT-услуг введена конкурсная процедура            Арбитражный суд ввел конкурсную процедуру в отношении краснодарского АО «Сириус», которое еще несколько лет назад считалось одним из крупнейших в РФ игроков на рынке IT-услуг. В реестр вошли требования на 708 млн руб. Совладельцы общества Роман Павлов и Александр Литвинов в 2017 году задерживались по подозрению в мошенничестве вместе с замруководителя Федерального казначейства Сергеем Гуральниковым и начальником управления информационных систем ведомства Сергеем Павловым. По версии источников “Ъ”, правоохранительные органы могло заинтересовать то, что АО «Сириус» и аффилированные с ним структуры получали контракты казначейства на крупные суммы. Эксперты называют банкротство «Сириуса» ожидаемым, поскольку репутация общества оказалась безнадежно испорчена и попытки восстановить его платежеспособность не имели смысла.    Решением Арбитражного суда Краснодарского края краснодарская IT-компания «Сириус» (АО ) признана банкротом, открыто конкурсное производство, сообщил на сайте ЕФРСБ конкурсный управляющий общества Илья Галотин. В реестр включены требования на сумму 708 млн руб., на балансе АО находится имущество на сумму 708,3 млн руб. Как уже писал “Ъ-Кубань”, наблюдение в компании введено в мае 2018 года по иску частного лица на 348 тыс. руб. За месяц до подачи заявления о банкротстве была ликвидирована головная компания ООО «Интеллект технолоджи», которая на 90% принадлежит Роману Павлову и на 10% - Александру Литвинову. Роман Павлов и Александр Литвинов являются совладельцами более десятка фирм, зарегистрированных в Краснодарском крае, Москве и Крыму.    За что задержали руководителей &quot;Сириуса&quot;    Как ранее писал “Ъ”, господа Павлов и Литвинов в мае 2017 года задерживались по подозрению в мошенничестве, совершенном организованной группой (ст.159 ч.4 УК РФ). Вместе с ними правоохранительные органы задержали заместителя руководителя Федерального казначейства Сергея Гуральникова, курировавшего развитие IT, и начальника управления информационных систем ведомства Сергея Павлова, который, по данным участников рынка, является братом бенефициара краснодарского «Сириуса».    По данным источников “Ъ”, Сергей Гуральников, Сергей Павлов, его брат Роман и Александр Литвинов – родом из Краснодара. С 2001 по 2010 год Сергей Гуральников возглавлял управление Федерального казначейства по Краснодарскому краю. В 2003 году Сергей Павлов был назначен начальником отдела информационных технологий этого управления. В 2010 году господин Гуральников ушел на пост замруководителя Федерального казначейства в Москву. Сергей Павлов последовал за ним – в 2011 году он возглавил здесь же управление информационных систем. В 2010 году в Краснодаре было образовано АО «Сириус», у общества были открыты филиалы в Москве, Ростовской и Калужской областях и в Крыму. В 2015 году выручка «Сириуса» составила 2,04 млрд руб., прибыль – 16,7 млн руб. («СПАРК-Интерфакс»). В 2017 году выручка упала до 109,3 млн руб, убыток составил 84,5 млн руб. По данным сайта компании, «Сириус» занимался строительством, проектированием, внедрением систем информационной безопасности, IT и телекоммуникационными решениями, автоматизацией бизнеса. Среди партнеров — Microsoft, Cisco, Huawei, Axis, Siemens, «Касперский», ПАО «Мегафон», Росатом, ЗАО «Тандер», Ростелеком, МЧС, ИФНС, федеральные таможенные, миграционные службы, Госнаркоконтроль, органы власти Краснодарского края.    https://www.kommersant.ru/doc/3889953</raw>
      <annotated> <DocCreationTime DayOfWeek="2019-W08-3"><TE Category="Date" Value="2019-02-20">2019-02-20</TE></DocCreationTime>    «Сириус» закатился в банкротство    В отношении одного из крупнейших игроков рынка IT-услуг введена конкурсная процедура            Арбитражный суд ввел конкурсную процедуру в отношении краснодарского АО «Сириус», которое еще <TE Category="ShiftExp" Formula="BEFORE,Dur,DCT"><TE Category="Dur" Value="PSeveralY">несколько лет</TE> назад</TE> считалось одним из крупнейших в РФ игроков на рынке IT-услуг. В реестр вошли требования на 708 млн руб. Совладельцы общества Роман Павлов и Александр Литвинов в <Field Category="Year"><TE Category="Date" Value="2017">2017 году</TE></Field> задерживались по подозрению в мошенничестве вместе с замруководителя Федерального казначейства Сергеем Гуральниковым и начальником управления информационных систем ведомства Сергеем Павловым. По версии источников “Ъ”, правоохранительные органы могло заинтересовать то, что АО «Сириус» и аффилированные с ним структуры получали контракты казначейства на крупные суммы. Эксперты называют банкротство «Сириуса» ожидаемым, поскольку репутация общества оказалась безнадежно испорчена и попытки восстановить его платежеспособность не имели смысла.    Решением Арбитражного суда Краснодарского края краснодарская IT-компания «Сириус» (АО ) признана банкротом, открыто конкурсное производство, сообщил на сайте ЕФРСБ конкурсный управляющий общества Илья Галотин. В реестр включены требования на сумму 708 млн руб., на балансе АО находится имущество на сумму 708,3 млн руб. Как уже писал “Ъ-Кубань”, наблюдение в компании введено в <TE Category="Date" Value="2018-05"><Field Category="MonthName">мае</Field> <Field Category="Year">2018 года</Field></TE> по иску частного лица на 348 тыс. руб. <Anchored To="Text" U_Class="7-A"><TE Category="ShiftExp" Formula="BEFORE,Dur,Anchor">За <TE Category="Dur" Value="P1M">месяц</TE></TE></Anchored> до подачи <TE Category="Event">заявления</TE> о банкротстве была ликвидирована головная компания ООО «Интеллект технолоджи», которая на 90% принадлежит Роману Павлову и на 10% - Александру Литвинову. Роман Павлов и Александр Литвинов являются совладельцами более десятка фирм, зарегистрированных в Краснодарском крае, Москве и Крыму.    За что задержали руководителей &quot;Сириуса&quot;    Как ранее писал “Ъ”, господа Павлов и Литвинов в <TE Category="Date" Value="2017-05"><Field Category="MonthName">мае</Field> <Field Category="Year">2017 года</Field></TE> задерживались по подозрению в мошенничестве, совершенном организованной группой (ст.159 ч.4 УК РФ). Вместе с ними правоохранительные органы задержали заместителя руководителя Федерального казначейства Сергея Гуральникова, курировавшего развитие IT, и начальника управления информационных систем ведомства Сергея Павлова, который, по данным участников рынка, является братом бенефициара краснодарского «Сириуса».    По данным источников “Ъ”, Сергей Гуральников, Сергей Павлов, его брат Роман и Александр Литвинов – родом из Краснодара. С <Field Category="Year"><TE Category="Date" Value="2001">2001</TE></Field> по <Field Category="Year"><TE Category="Date" Value="2010">2010 год</TE></Field> Сергей Гуральников возглавлял управление Федерального казначейства по Краснодарскому краю. В <Field Category="Year"><TE Category="Date" Value="2003">2003 году</TE></Field> Сергей Павлов был назначен начальником отдела информационных технологий этого управления. В <Field Category="Year"><TE Category="Date" Value="2010">2010 году</TE></Field> господин Гуральников ушел на пост замруководителя Федерального казначейства в Москву. Сергей Павлов последовал за ним – в <Field Category="Year"><TE Category="Date" Value="2011">2011 году</TE></Field> он возглавил здесь же управление информационных систем. В <Field Category="Year"><TE Category="Date" Value="2010">2010 году</TE></Field> в Краснодаре было образовано АО «Сириус», у общества были открыты филиалы в Москве, Ростовской и Калужской областях и в Крыму. В <Field Category="Year"><TE Category="Date" Value="2015">2015 году</TE></Field> выручка «Сириуса» составила 2,04 млрд руб., прибыль – 16,7 млн руб. («СПАРК-Интерфакс»). В <Field Category="Year"><TE Category="Date" Value="2017">2017 году</TE></Field> выручка упала до 109,3 млн руб, убыток составил 84,5 млн руб. По данным сайта компании, «Сириус» занимался строительством, проектированием, внедрением систем информационной безопасности, IT и телекоммуникационными решениями, автоматизацией бизнеса. Среди партнеров — Microsoft, Cisco, Huawei, Axis, Siemens, «Касперский», ПАО «Мегафон», Росатом, ЗАО «Тандер», Ростелеком, МЧС, ИФНС, федеральные таможенные, миграционные службы, Госнаркоконтроль, органы власти Краснодарского края.    https://www.kommersant.ru/doc/3889953</annotated>
    </text>
    <annotations>
      <annotation DayOfWeek="2019-W08-3" __Id="645" __Class="DocCreationTime" __From="1" __To="10"/>
      <annotation Category="Date" Value="2019-02-20" __Id="646" __Class="TE" __From="1" __To="10"/>
      <annotation Category="ShiftExp" Formula="BEFORE,Dur,DCT" __Id="650" __Class="TE" __From="241" __To="259"/>
      <annotation Category="Dur" Value="PSeveralY" __Id="651" __Class="TE" __From="241" __To="253"/>
      <annotation Category="Year" __Id="653" __Class="Field" __From="422" __To="430"/>
      <annotation Category="Date" Value="2017" __Id="654" __Class="TE" __From="422" __To="430"/>
      <annotation Category="MonthName" __Id="659" __Class="Field" __From="1355" __To="1357"/>
      <annotation Category="Date" Value="2018-05" __Id="660" __Class="TE" __From="1355" __To="1367"/>
      <annotation Category="Year" __Id="661" __Class="Field" __From="1359" __To="1367"/>
      <annotation To="Text" U_Class="7-A" __Id="662" __Class="Anchored" __From="1408" __To="1415"/>
      <annotation Category="ShiftExp" Formula="BEFORE,Dur,Anchor" __Id="663" __Class="TE" __From="1408" __To="1415"/>
      <annotation Category="Dur" Value="P1M" __Id="664" __Class="TE" __From="1411" __To="1415"/>
      <annotation Category="Event" __Id="665" __Class="TE" __From="1427" __To="1435"/>
      <annotation Category="MonthName" __Id="669" __Class="Field" __From="1831" __To="1833"/>
      <annotation Category="Date" Value="2017-05" __Id="670" __Class="TE" __From="1831" __To="1843"/>
      <annotation Category="Year" __Id="671" __Class="Field" __From="1835" __To="1843"/>
      <annotation Category="Year" __Id="675" __Class="Field" __From="2382" __To="2385"/>
      <annotation Category="Date" Value="2001" __Id="676" __Class="TE" __From="2382" __To="2385"/>
      <annotation Category="Year" __Id="677" __Class="Field" __From="2390" __To="2397"/>
      <annotation Category="Date" Value="2010" __Id="678" __Class="TE" __From="2390" __To="2397"/>
      <annotation Category="Year" __Id="680" __Class="Field" __From="2492" __To="2500"/>
      <annotation Category="Date" Value="2003" __Id="681" __Class="TE" __From="2492" __To="2500"/>
      <annotation Category="Year" __Id="683" __Class="Field" __From="2594" __To="2602"/>
      <annotation Category="Date" Value="2010" __Id="684" __Class="TE" __From="2594" __To="2602"/>
      <annotation Category="Year" __Id="686" __Class="Field" __From="2726" __To="2734"/>
      <annotation Category="Date" Value="2011" __Id="687" __Class="TE" __From="2726" __To="2734"/>
      <annotation Category="Year" __Id="689" __Class="Field" __From="2794" __To="2802"/>
      <annotation Category="Date" Value="2010" __Id="690" __Class="TE" __From="2794" __To="2802"/>
      <annotation Category="Year" __Id="692" __Class="Field" __From="2933" __To="2941"/>
      <annotation Category="Date" Value="2015" __Id="693" __Class="TE" __From="2933" __To="2941"/>
      <annotation Category="Year" __Id="695" __Class="Field" __From="3034" __To="3042"/>
      <annotation Category="Date" Value="2017" __Id="696" __Class="TE" __From="3034" __To="3042"/>
    </annotations>
    <relations>
      <relation __Id="0" __Class="AnchoredTo"><from><annotation __Id="663"/></from><to><annotation __Id="665"/></to></relation>
    </relations>
  </document>
</xml>
