<xml generator="AnnotationTools" target="public" format-version="1">
  <document>
    <text>
      <raw> 2019-02-22    РАДИО «ЭХО ПЕНЗЫ» В СКОРОМ ВРЕМЕНИ ПРЕКРАТИТ СУЩЕСТВОВАНИЕ    Сотрудникам уже выдают уведомления о сокращении должностей.    Как стало известно редакции РИА «ПензаСМИ» из надежных источников, бумаги были вручены четверым работникам «Эха Пензы» (Семен Вахштайн, Ольга Григорьева, Татьяна Котина, Дмитрий Краснов) в пятницу, 22 февраля. Речь идет о том, что занимаемые ими должности будут сокращены. Согласно стандартным формулировкам, принятым в таких случаях, предполагается, что при появлении вакансий таковые будут предложены.    Согласно предварительным данным, на волне 107,5 через пару месяцев появится развлекательное «Радио Дача».    Всем поклонникам радио «Эхо Москвы» стоит учесть, что оно также не будет транслироваться на указанной волне в Пензенской области.    https://penzasmi.ru/news/15859/radio-eho-penzy-v-skorom-vremeni-prekratit-suschestvovanie</raw>
      <annotated> <DocCreationTime DayOfWeek="2019-W08-5"><TE Category="Date" Value="2019-02-22">2019-02-22</TE></DocCreationTime>    РАДИО «ЭХО ПЕНЗЫ» В СКОРОМ ВРЕМЕНИ ПРЕКРАТИТ СУЩЕСТВОВАНИЕ    Сотрудникам уже выдают уведомления о сокращении должностей.    Как стало известно редакции РИА «ПензаСМИ» из надежных источников, бумаги были вручены четверым работникам «Эха Пензы» (Семен Вахштайн, Ольга Григорьева, Татьяна Котина, Дмитрий Краснов) в <Field Category="DayOfWeek"><Restored Through="DCT" U_Class="4"><TE Category="Date" Value="2019-W08-5">пятницу</TE></Restored></Field>, <TE Category="Date" Value="2019-02-22"><Field Category="Day">22</Field> <Field Category="MonthName"><Restored Through="DCT" U_Class="4">февраля</Restored></Field></TE>. Речь идет о том, что занимаемые ими должности будут сокращены. Согласно стандартным формулировкам, принятым в таких случаях, предполагается, что при появлении вакансий таковые будут предложены.    Согласно предварительным данным, на волне 107,5 <TE Category="ShiftExp" Formula="AFTER,Dur,DCT">через <TE Category="Dur" Value="PCoupleM">пару месяцев</TE></TE> появится развлекательное «Радио Дача».    Всем поклонникам радио «Эхо Москвы» стоит учесть, что оно также не будет транслироваться на указанной волне в Пензенской области.    https://penzasmi.ru/news/15859/radio-eho-penzy-v-skorom-vremeni-prekratit-suschestvovanie</annotated>
    </text>
    <annotations>
      <annotation DayOfWeek="2019-W08-5" __Id="166" __Class="DocCreationTime" __From="1" __To="10"/>
      <annotation Category="Date" Value="2019-02-22" __Id="167" __Class="TE" __From="1" __To="10"/>
      <annotation Category="DayOfWeek" __Id="171" __Class="Field" __From="329" __To="335"/>
      <annotation Through="DCT" U_Class="4" __Id="172" __Class="Restored" __From="329" __To="335"/>
      <annotation Category="Date" Value="2019-W08-5" __Id="173" __Class="TE" __From="329" __To="335"/>
      <annotation Category="Day" __Id="174" __Class="Field" __From="338" __To="339"/>
      <annotation Category="Date" Value="2019-02-22" __Id="175" __Class="TE" __From="338" __To="347"/>
      <annotation Category="MonthName" __Id="176" __Class="Field" __From="341" __To="347"/>
      <annotation Through="DCT" U_Class="4" __Id="177" __Class="Restored" __From="341" __To="347"/>
      <annotation Category="ShiftExp" Formula="AFTER,Dur,DCT" __Id="181" __Class="TE" __From="595" __To="612"/>
      <annotation Category="Dur" Value="PCoupleM" __Id="182" __Class="TE" __From="601" __To="612"/>
    </annotations>
    <relations>
    </relations>
  </document>
</xml>
