<xml generator="AnnotationTools" format-version="1">
  <document>
    <text>
      <raw> 2019-02-20    Не устраивают условия. Турция отказалась покупать у США комплексы Patriot    Предложение США о продаже зенитно-ракетных комплексов (ЗРК) Patriot не может быть принято Турцией в нынешнем виде, заявил глава Управления оборонной промышленности Турции Исмаил Демир 20 февраля в эфире телеканала NTV.    Демир отметил, что на запрос Турции о поставке систем Patriot США ответили только спустя полтора года, причем условия и детали сделанного Соединенными Штатами предложения не позволяют Турции его принять. Переговоры, тем не менее, продолжаются.    По поводу приобретения Турцией российских комплексов С-400 Демир озвучил следующие планы: начало поставок — в июле, введение в эксплуатацию — к октябрю 2019 года.    Он не стал комментировать негативную реакцию США на поставку в Турцию С-400, сославшись на то, что возглавляемое им Управление оборонной промышленности отвечает только за технические аспекты, а выходящие за рамки техники решения принимаются другими ведомствами.    Напомним, что подписание соглашения о поставке в Турцию комплексов С-400 состоялось в декабре 2017 года.    США требуют от Турции отказаться от поставок российских систем ЗРК, угрожая введением санкций.    18 февраля 2019 года пресс-секретарь президента РФ Дмитрий Песков сообщил о том, что необходимые обязательства по контракту о поставке С-400 получены, и Турция уже произвела необходимые платежи.    https://rossaprimavera.ru/news/02ed494c</raw>
      <annotated> <DocCreationTime DayOfWeek="2019-W08-3"><TE Category="Date" Value="2019-02-20">2019-02-20</TE></DocCreationTime>    Не устраивают условия. Турция отказалась покупать у США комплексы Patriot    Предложение США о продаже зенитно-ракетных комплексов (ЗРК) Patriot не может быть принято Турцией в нынешнем виде, заявил глава Управления оборонной промышленности Турции Исмаил Демир <TE Category="Date" Value="2019-02-20"><Field Category="Day">20</Field> <Field Category="MonthName"><Restored Through="DCT" U_Class="4">февраля</Restored></Field></TE> в эфире телеканала NTV.    Демир отметил, что на <TE Category="Event">запрос</TE> Турции о поставке систем Patriot США ответили только <Anchored To="DCT" U_Class="7-DA"><TE Category="ShiftExp" Formula="AFTER,Dur,Anchor">спустя <TE Category="Dur" Value="P1.5Y">полтора года</TE></TE></Anchored>, причем условия и детали сделанного Соединенными Штатами предложения не позволяют Турции его принять. Переговоры, тем не менее, продолжаются.    По поводу приобретения Турцией российских комплексов С-400 Демир озвучил следующие планы: начало поставок — в <Field Category="MonthName"><Restored Through="DCT" U_Class="4"><TE Category="Date" Value="2019-07">июле</TE></Restored></Field>, введение в эксплуатацию — к <TE Category="Date" Value="2019-10"><Field Category="MonthName">октябрю</Field> <Field Category="Year">2019 года</Field></TE>.    Он не стал комментировать негативную реакцию США на поставку в Турцию С-400, сославшись на то, что возглавляемое им Управление оборонной промышленности отвечает только за технические аспекты, а выходящие за рамки техники решения принимаются другими ведомствами.    Напомним, что подписание соглашения о поставке в Турцию комплексов С-400 состоялось в <TE Category="Date" Value="2017-12"><Field Category="MonthName">декабре</Field> <Field Category="Year">2017 года</Field></TE>.    США требуют от Турции отказаться от поставок российских систем ЗРК, угрожая введением санкций.    <TE Category="Date" Value="2019-02-18"><Field Category="Day">18</Field> <Field Category="MonthName">февраля</Field> <Field Category="Year">2019 года</Field></TE> пресс-секретарь президента РФ Дмитрий Песков сообщил о том, что необходимые обязательства по контракту о поставке С-400 получены, и Турция уже произвела необходимые платежи.    https://rossaprimavera.ru/news/02ed494c</annotated>
    </text>
    <annotations>
      <annotation DayOfWeek="2019-W08-3" __Id="263" __Class="DocCreationTime" __From="1" __To="10"/>
      <annotation Category="Date" Value="2019-02-20" __Id="264" __Class="TE" __From="1" __To="10"/>
      <annotation Category="Day" __Id="268" __Class="Field" __From="276" __To="277"/>
      <annotation Category="Date" Value="2019-02-20" __Id="269" __Class="TE" __From="276" __To="285"/>
      <annotation Category="MonthName" __Id="270" __Class="Field" __From="279" __To="285"/>
      <annotation Through="DCT" U_Class="4" __Id="271" __Class="Restored" __From="279" __To="285"/>
      <annotation Category="Event" __Id="273" __Class="TE" __From="336" __To="341"/>
      <annotation To="DCT" U_Class="7-DA" __Id="274" __Class="Anchored" __From="396" __To="414"/>
      <annotation Category="ShiftExp" Formula="AFTER,Dur,Anchor" __Id="275" __Class="TE" __From="396" __To="414"/>
      <annotation Category="Dur" Value="P1.5Y" __Id="276" __Class="TE" __From="403" __To="414"/>
      <annotation Category="MonthName" __Id="279" __Class="Field" __From="671" __To="674"/>
      <annotation Through="DCT" U_Class="4" __Id="280" __Class="Restored" __From="671" __To="674"/>
      <annotation Category="Date" Value="2019-07" __Id="281" __Class="TE" __From="671" __To="674"/>
      <annotation Category="MonthName" __Id="282" __Class="Field" __From="705" __To="711"/>
      <annotation Category="Date" Value="2019-10" __Id="283" __Class="TE" __From="705" __To="721"/>
      <annotation Category="Year" __Id="284" __Class="Field" __From="713" __To="721"/>
      <annotation Category="MonthName" __Id="287" __Class="Field" __From="1078" __To="1084"/>
      <annotation Category="Date" Value="2017-12" __Id="288" __Class="TE" __From="1078" __To="1094"/>
      <annotation Category="Year" __Id="289" __Class="Field" __From="1086" __To="1094"/>
      <annotation Category="Day" __Id="292" __Class="Field" __From="1198" __To="1199"/>
      <annotation Category="Date" Value="2019-02-18" __Id="293" __Class="TE" __From="1198" __To="1217"/>
      <annotation Category="MonthName" __Id="294" __Class="Field" __From="1201" __To="1207"/>
      <annotation Category="Year" __Id="295" __Class="Field" __From="1209" __To="1217"/>
    </annotations>
    <relations>
    </relations>
  </document>
</xml>
