<xml generator="AnnotationTools" format-version="1">
  <document>
    <text>
      <raw> 2019-02-18    В омском суде приступают к рассмотрению дела матери-«кукушки», оставившей четырех детей    Речь о мировом суде.     Спустя без малого две недели после направления в судебную инстанцию Советского района заявления и материалов будущего дела в отношении 28-летней матери четырех детей, отказавшейся исполнять свои обязанности, ему дают ход.     Напомним, в середине ноября 21-летний студент, проходивший в районе улицы Пригородной, обнаружил в уже успевшем, к счастью, образоваться там сугробе совсем маленькую, едва справившую свой первый день рождения девочку.     Оказалось, что формально матери у ребенка теперь нет: «кукушка» в письменной форме уведомила всех заинтересованных лиц в отказе от родительских прав на детей-погодок – помимо этого ребенка у нее был трехлетний сын и две дочери, четырех и шести лет. Все трое в тот момент пребывали в противотуберкулезном санатории, девочка же была оставлена в одиночестве в незапертой квартире. Детская непоседливость достигла экстремальных пределов, приведя малышку на подоконник, а оттуда на морозную улицу. К счастью, падение со второго этажа окончилось для нее лишь закрытой черепно-мозговой травмой и легким переохлаждением. После лечения ее направили в социальное учреждение.     Что касается самой «отказницы», то ее путь на вольные хлеба начался на трассе, где она «словила» дальнобойщика, с которым направилась в культурную столицу. Известие о едва не случившейся трагедии застало гражданку в подмосковном Ногинске. Ее сердце оттаяло, и она пришла каяться в правоохранительные органы подмосковного Ногинска. Ее основным оправданием стало безденежье. Возымеет ли этот аргумент эффект на мирового судью мы узнаем в скором времени. За «оставление в опасности» женщине грозит до одного года за решеткой.    https://bk55.ru/news/article/144986/</raw>
      <annotated> <DocCreationTime><TE>2019-02-18</TE></DocCreationTime>    В омском суде приступают к рассмотрению дела матери-«кукушки», оставившей четырех детей    Речь о мировом суде.     <TE>Спустя <TE>без малого две недели</TE></TE> после <TE>направления</TE> в судебную инстанцию Советского района заявления и материалов будущего дела в отношении 28-летней матери четырех детей, отказавшейся исполнять свои обязанности, ему дают ход.     Напомним, в <TE><Field Category="Phase">середине</Field> <Field Category="MonthName">ноября</Field></TE> <Field Category="Year">21</Field>-летний студент, проходивший в районе улицы Пригородной, обнаружил в уже успевшем, к счастью, образоваться там сугробе совсем маленькую, едва справившую свой первый день рождения девочку.     Оказалось, что формально матери у ребенка теперь нет: «кукушка» в письменной форме уведомила всех заинтересованных лиц в отказе от родительских прав на детей-погодок – помимо этого ребенка у нее был трехлетний сын и две дочери, четырех и шести лет. Все трое в тот момент пребывали в противотуберкулезном санатории, девочка же была оставлена в одиночестве в незапертой квартире. Детская непоседливость достигла экстремальных пределов, приведя малышку на подоконник, а оттуда на морозную улицу. К счастью, падение со второго этажа окончилось для нее лишь закрытой черепно-мозговой травмой и легким переохлаждением. После лечения ее направили в социальное учреждение.     Что касается самой «отказницы», то ее путь на вольные хлеба начался на трассе, где она «словила» дальнобойщика, с которым направилась в культурную столицу. Известие о едва не случившейся трагедии застало гражданку в подмосковном Ногинске. Ее сердце оттаяло, и она пришла каяться в правоохранительные органы подмосковного Ногинска. Ее основным оправданием стало безденежье. Возымеет ли этот аргумент эффект на мирового судью мы узнаем в скором времени. За «оставление в опасности» женщине грозит <TE>до одного года</TE> за решеткой.    https://bk55.ru/news/article/144986/</annotated>
    </text>
    <annotations>
      <annotation DayOfWeek="2019-W08-1" __Id="339" __Class="DocCreationTime" __From="1" __To="10"/>
      <annotation Category="Date" Value="2019-02-18" __Id="340" __Class="TE" __From="1" __To="10"/>
      <annotation Category="ShiftExp" Formula="AFTER,Dur,Anchor" __Id="344" __Class="TE" __From="131" __To="158"/>
      <annotation Category="Dur" Value="P2W-Less" __Id="345" __Class="TE" __From="138" __To="158"/>
      <annotation Category="Event" __Id="346" __Class="TE" __From="166" __To="176"/>
      <annotation Category="Phase" __Id="348" __Class="Field" __From="369" __To="376"/>
      <annotation Category="Date" Value="2018-11-MID" __Id="349" __Class="TE" __From="369" __To="383"/>
      <annotation Category="MonthName" __Id="350" __Class="Field" __From="378" __To="383"/>
      <annotation Category="Year" __Id="351" __Class="Field" __From="385" __To="386"/>
      <annotation Category="Dur" Value="P1Y-EqLess" __Id="363" __Class="TE" __From="1743" __To="1756"/>
    </annotations>
    <relations>
      <relation __Id="0" __Class="AnchoredTo"><from><annotation __Id="344"/></from><to><annotation __Id="346"/></to></relation>
    </relations>
  </document>
</xml>
