<xml generator="AnnotationTools" format-version="1">
  <document>
    <text>
      <raw> 2012-05-09    В Ливии боевики пытались взять штурмом резиденцию премьера    В столице Ливии Триполи бывшие повстанцы, боровшиеся против режима Муаммара Каддафи, попытались взять штурмом офис премьер-министра страны Абдурахима Аль-Кеиба. Об этом сообщает Associated Press.    В нападении участвовало около 200 вооруженных бойцов, у некоторых из них были минометы. В результате боя, который длился несколько часов, погиб один сотрудник охраны, еще четверо получили ранения.    Анонимные источники сообщают, что в момент нападения премьер-министр находился в резиденции вместе с министром обороны Усамой Аль Джувайли. Находившиеся в здании люди были эвакуированы через пожарный выход. Премьер-министр не пострадал.    Глава службы охраны Халед Башир заявил, что в связи с нападением арестовано 14 человек.    Отметим, что после свержения ливийского лидера Муаммара Каддафи Национальный переходный совет Ливии пытается интегрировать бывших повстанцев в новые вооруженные силы страны, выплачивая им заработную плату и проводя мероприятия по изъятию оружия. Временное правительство обвиняют в неэффективности подобных мероприятий и в постоянной задержке финансовых выплат.    Режим М.Каддафи был свергнут в результате гражданской войны в прошлом году. В феврале 2011г. на фоне событий, позже названных "арабской весной", в Ливии начались массовые акции протеста. Власти попытались силой подавить выступления, вызвав ожесточенное сопротивление оппозиции.    17 марта Совбез ООН принял резолюцию №1973, вводящую запрет на все полеты над Ливией и открывающую возможности для иностранного военного вмешательства. 19 марта началась военная операция коалиционных сил. Спустя полгода повстанцы при поддержке авиации НАТО захватили столицу Ливии - Триполи. 20 октября был убит М.Каддафи. Гибель полковника, который единолично правил Ливией 42 года, ознаменовала конец диктаторской Джамахирии.    https://www.rbc.ru/society/09/05/2012/5703f72b9a7947ac81a67bcc</raw>
      <annotated> <DocCreationTime><TE>2012-05-09</TE></DocCreationTime>    В Ливии боевики пытались взять штурмом резиденцию премьера    В столице Ливии Триполи бывшие повстанцы, боровшиеся против режима Муаммара Каддафи, попытались взять штурмом офис премьер-министра страны Абдурахима Аль-Кеиба. Об этом сообщает Associated Press.    В нападении участвовало около 200 вооруженных бойцов, у некоторых из них были минометы. В результате боя, который длился несколько часов, погиб один сотрудник охраны, еще четверо получили ранения.    Анонимные источники сообщают, что в момент нападения премьер-министр находился в резиденции вместе с министром обороны Усамой Аль Джувайли. Находившиеся в здании люди были эвакуированы через пожарный выход. Премьер-министр не пострадал.    Глава службы охраны Халед Башир заявил, что в связи с нападением арестовано 14 человек.    Отметим, что после свержения ливийского лидера Муаммара Каддафи Национальный переходный совет Ливии пытается интегрировать бывших повстанцев в новые вооруженные силы страны, выплачивая им заработную плату и проводя мероприятия по изъятию оружия. Временное правительство обвиняют в неэффективности подобных мероприятий и в постоянной задержке финансовых выплат.    Режим М.Каддафи был свергнут в результате гражданской войны в <Anchored To="DCT"><Field Category="Year"><TE>прошлом году</TE></Field></Anchored>. В <TE><Field Category="MonthName">феврале</Field> <Field Category="Year">2011г.</Field></TE> на фоне событий, позже названных "арабской <Field Category="Season">весной</Field>", в Ливии начались массовые акции протеста. Власти попытались силой подавить выступления, вызвав ожесточенное сопротивление оппозиции.    <TE><Field Category="Day">17</Field> <Field Category="MonthName">марта</Field></TE> Совбез ООН принял резолюцию №1973, вводящую запрет на все полеты над Ливией и открывающую возможности для иностранного военного вмешательства. <TE><Field Category="Day">19</Field> <Field Category="MonthName">марта</Field></TE> <TE>началась</TE> военная операция коалиционных сил. <Anchored To="DCT"><TE>Спустя <TE>полгода</TE></TE></Anchored> повстанцы при поддержке авиации НАТО захватили столицу Ливии - Триполи. <TE><Field Category="Day">20</Field> <Field Category="MonthName">октября</Field></TE> был убит М.Каддафи. Гибель полковника, который единолично правил Ливией <Field Category="Year"><TE>42 года</TE></Field>, ознаменовала конец диктаторской Джамахирии.    https://www.rbc.ru/society/09/05/2012/5703f72b9a7947ac81a67bcc</annotated>
    </text>
    <annotations>
      <annotation DayOfWeek="2012-W19-3" __Id="351" __Class="DocCreationTime" __From="1" __To="10"/>
      <annotation Category="Date" Value="2012-05-09" __Id="352" __Class="TE" __From="1" __To="10"/>
      <annotation To="DCT" U_Class="1-D" __Id="365" __Class="Anchored" __From="1233" __To="1244"/>
      <annotation Category="Year" __Id="366" __Class="Field" __From="1233" __To="1244"/>
      <annotation Category="Date" Value="2011" __Id="367" __Class="TE" __From="1233" __To="1244"/>
      <annotation Category="MonthName" __Id="369" __Class="Field" __From="1249" __To="1255"/>
      <annotation Category="Date" Value="2011-02" __Id="370" __Class="TE" __From="1249" __To="1262"/>
      <annotation Category="Year" __Id="371" __Class="Field" __From="1257" __To="1262"/>
      <annotation Category="Season" Through="DCT" U_Class="4" __Id="372" __Class="Field" __From="1307" __To="1312"/>
      <annotation Category="Day" __Id="375" __Class="Field" __From="1452" __To="1453"/>
      <annotation Category="Date" Value="2011-03-17" __Id="376" __Class="TE" __From="1452" __To="1459"/>
      <annotation Category="MonthName" Through="DCT" U_Class="4" __Id="377" __Class="Field" __From="1455" __To="1459"/>
      <annotation Category="Day" __Id="378" __Class="Field" __From="1604" __To="1605"/>
      <annotation Category="Date" Value="2011-03-19" __Id="380" __Class="TE" __From="1604" __To="1611"/>
      <annotation Category="MonthName" Through="DCT" U_Class="4" __Id="381" __Class="Field" __From="1607" __To="1611"/>
      <annotation Category="Event" __Id="382" __Class="TE" __From="1613" __To="1620"/>
      <annotation To="DCT" U_Class="7-DA" __Id="383" __Class="Anchored" __From="1657" __To="1670"/>
      <annotation Category="ShiftExp" __Id="385" __Class="TE" __From="1657" __To="1670"/>
      <annotation Category="Dur" Value="P0.5Y" __Id="386" __Class="TE" __From="1664" __To="1670"/>
      <annotation Category="Day" __Id="387" __Class="Field" __From="1744" __To="1745"/>
      <annotation Category="Date" Value="2011-10-20" __Id="389" __Class="TE" __From="1744" __To="1753"/>
      <annotation Category="MonthName" Through="DCT" U_Class="4" __Id="390" __Class="Field" __From="1747" __To="1753"/>
      <annotation Category="Year" __Id="392" __Class="Field" __From="1827" __To="1833"/>
      <annotation Category="Dur" Value="P42Y" __Id="393" __Class="TE" __From="1827" __To="1833"/>
    </annotations>
    <relations>
      <relation __Id="0" __Class="AnchoredTo"><from><annotation __Id="376"/></from><to><annotation __Id="370"/></to></relation>
      <relation __Id="1" __Class="AnchoredTo"><from><annotation __Id="380"/></from><to><annotation __Id="376"/></to></relation>
      <relation __Id="2" __Class="AnchoredTo"><from><annotation __Id="385"/></from><to><annotation __Id="382"/></to></relation>
    </relations>
  </document>
</xml>
